,time,band,flux,fluxerr,zp,zpsys,field,ccd,comment
0,58987.45866899984,ztfg,211.0163911999905,15.083502532378015,26.1533129584569,ab,388,49,
1,58987.48638889985,ztfr,249.31080806268804,33.821104677030895,26.1734703638022,ab,388,49,
2,58996.419930600096,ztfg,1585.5056379972316,25.63324637270431,26.1219366829354,ab,388,49,
3,58996.46332179988,ztfr,1580.6245542936208,24.59006190168324,26.1370276186616,ab,388,49,
4,58999.41545139998,ztfg,1955.4223122071749,24.854471733159894,26.136417322374,ab,388,49,
5,59013.35494210012,ztfr,1525.7919321438142,33.52155431451213,26.1446491117849,ab,388,49,
6,59016.45909720007,ztfr,1295.8985143014927,23.533039891559635,26.1244068893882,ab,388,49,
7,59019.33607639978,ztfg,809.1285939541416,20.02171229503908,26.0977726799454,ab,388,49,
8,59019.3874189998,ztfr,1176.7713995817328,21.090223069982336,26.1223930636021,ab,388,49,
9,59022.35511570005,ztfg,708.9253031914574,21.49238350527316,26.1811047482691,ab,388,49,
10,59022.47991900006,ztfr,1269.9205045444114,40.467571141677126,26.2278974173355,ab,388,49,
11,59025.33459489979,ztfg,521.278034275107,17.60123231966049,26.187000451429,ab,388,49,
12,59025.35613430012,ztfr,1063.360705304951,30.13999267757112,26.1607341908515,ab,388,49,
13,59028.47995370021,ztfr,948.1034886731865,38.00455457720982,26.1332264178237,ab,388,49,
14,59032.33601849992,ztfr,919.2656808944172,41.170434578863144,26.1826833573723,ab,388,49,
15,59032.460763900075,ztfg,319.51119670911606,36.7912220021345,26.1810193645489,ab,388,49,
16,59039.35559030017,ztfg,218.27447032234875,58.05086098467087,26.2610043274214,ab,388,49,
17,59039.43966440018,ztfr,716.708793410709,43.449008894217485,26.2100362027898,ab,388,49,
18,59042.33467590017,ztfg,204.09142659119362,20.63617134558767,26.1358670229981,ab,388,49,
19,59042.392442100216,ztfr,576.5004094943507,27.964424209774847,26.129653688033,ab,388,49,
20,59045.273912000004,ztfg,152.6752497999213,18.501578888714935,26.1703307194196,ab,388,49,
21,59048.374317099806,ztfg,163.0528805754605,16.406891576300303,26.2472257622641,ab,388,49,
22,59048.37775459979,ztfr,429.62068823564664,24.5765114168413,26.1954658915595,ab,388,49,
23,59051.36427079979,ztfr,373.4019321449144,25.896847763812236,26.1578957367796,ab,388,49,
24,59054.36099540023,ztfr,360.34648511257825,22.90384253307367,26.183439806174,ab,388,49,
25,59054.44010420004,ztfg,125.48864568847263,23.020815608274958,26.1591243433423,ab,388,49,
