,time,band,flux,fluxerr,zp,zpsys,field,ccd,comment
0,58472.540439799894,ztfg,-7.768080668452787,17.317550232853428,26.2736411510015,ab,527,4,
1,58476.489699100144,ztfr,-26.658124766530623,43.34497890291503,26.2097720006039,ab,527,4,
2,58480.54186340002,ztfg,24.26092297953532,57.82296343802113,26.2726358128492,ab,527,4,
3,58487.51905089989,ztfg,465.84601886932006,17.057785480301597,26.290613707674,ab,527,4,
4,58487.54506940022,ztfr,381.5642803906169,18.84414324570538,26.2371257359859,ab,527,4,
5,58491.496979199816,ztfg,1011.1029202867903,24.405149105587796,26.2641649772855,ab,527,4,
6,58491.54887730023,ztfr,837.8663525825968,31.612956667963797,26.1846455688846,ab,527,4,
7,58493.49412039993,ztfr,1172.93915019805,20.276412542583707,26.2191575161263,ab,527,4,
8,58494.54942130018,ztfr,1338.0543927307363,20.22108029976002,26.218325388917,ab,527,4,
9,58502.464826399926,ztfg,1883.3396835667777,58.282621885273535,26.2135509887752,ab,527,4,
10,58505.46459490014,ztfg,1660.7249545609575,108.35061629944498,26.2715067766024,ab,527,4,
11,58505.54511569999,ztfr,1787.720995744444,77.81392928979366,26.2492107430792,ab,527,4,
12,58507.489756899886,ztfg,1489.0229718921346,75.53470502739376,26.3072017563915,ab,527,4,
13,58511.48166669998,ztfg,1208.1850271897652,28.049316146378764,26.2582947858331,ab,527,4,
14,58511.495752300136,ztfg,1084.202384018082,30.827223776005212,26.1368919196335,ab,527,4,
15,58511.539803199936,ztfr,1110.7561345123536,35.06926814689252,26.0523980469987,ab,527,4,
16,58522.47001159983,ztfg,534.4085542627346,18.993323370902246,26.272389270456,ab,527,4,
17,58522.492013900075,ztfg,506.62468977086195,15.82359921870025,26.2770950303908,ab,527,4,
18,58522.523287000135,ztfr,976.5642073584038,33.574505428607544,26.2357744958201,ab,527,4,
19,58524.45579859987,ztfr,876.0198509156047,22.12256656473588,26.1979754513188,ab,527,4,
20,58526.45495369984,ztfg,286.5717610926225,27.826814095494058,25.9470110403542,ab,527,4,
21,58538.40039349999,ztfg,246.55138331604064,71.93366287551736,25.4982814913598,ab,527,4,
22,58538.4613541998,ztfr,242.66423113151575,89.52683432580929,25.454457212988,ab,527,4,
23,58543.4847916998,ztfg,105.45970327434416,16.403855443874527,25.7733405668115,ab,527,4,
24,58547.37614580011,ztfg,115.41512556200705,19.437189278520467,26.2473876284154,ab,527,4,
