,time,band,flux,fluxerr,zp,zpsys,field,ccd,comment
0,58468.55726849986,ztfr,4.935701052851301,31.172104942769067,26.1918403349604,ab,375,26,
1,58468.562106499914,ztfr,9.97673561211057,29.35443445694856,26.1866093050129,ab,375,26,
2,58468.56694439985,ztfr,47.451945724005284,32.270770819473434,26.1994483585492,ab,375,26,
3,58468.5717823999,ztfr,1.1715238120122784,40.008803211017046,26.2028139119928,ab,375,26,
4,58469.562048600055,ztfr,-15.153088963331793,85.52243502425549,24.7576251552375,ab,375,26,
5,58469.56682869978,ztfr,48.115017826042276,47.97288183755803,23.6299145315491,ab,375,26,
6,58471.559432900045,ztfr,3.8279773549647804,32.60619448247736,26.2006752973595,ab,375,26,
7,58471.56438660016,ztfr,-18.358793867545526,31.88704232479546,26.2064606064082,ab,375,26,
8,58471.569340299815,ztfr,62.79273490262905,41.94701501270436,26.1641776645364,ab,375,26,
9,58471.57429399993,ztfr,27.693764546292247,65.17098057435153,26.2425606496351,ab,375,26,
10,58476.539861099795,ztfr,-2.8773263205411403,45.688513348159,26.1669425779428,ab,375,26,
11,58481.544409700204,ztfr,28.43872878288991,75.72789437085194,26.1755647142104,ab,375,26,
12,58492.49653939996,ztfr,145.68743575851462,27.69492656094528,24.987416102064,ab,375,26,
13,58492.533044000156,ztfg,551.9106028533995,17.74084959638271,26.1409432381542,ab,375,26,
14,58503.51925930008,ztfr,976.2248844820174,46.146199325084694,26.1550091098114,ab,375,26,
15,58506.54134259978,ztfg,1388.1259031152063,124.06505826345486,26.2142867428435,ab,375,26,
16,58512.5020486,ztfr,177.11383242315225,45.64909358475759,24.5175817735103,ab,375,26,
17,58526.50123840012,ztfr,377.23811504407183,40.64023725550583,25.8775520008937,ab,375,26,
18,58540.46067130007,ztfg,55.213916321654025,22.313571892680283,26.206073949631,ab,375,26,
19,58540.50376159977,ztfr,358.49592545961565,25.7377655738745,26.2164618157904,ab,375,26,
20,58557.332812500186,ztfg,-124.65907481313839,210.69706052332822,26.1364217290269,ab,375,26,
21,58557.360740699805,ztfr,149.15000372337397,54.5107411681707,26.1933551225695,ab,375,26,
