,time,band,flux,fluxerr,zp,zpsys,field,ccd,comment
0,58873.54407409998,ztfg,-11.85659222892802,20.45156715330698,26.2042414921821,ab,322,33,
1,58880.47998839989,ztfg,-15.243263716488938,25.14244207478821,26.1884436564361,ab,322,33,
2,58880.521851900034,ztfr,18.4477749395137,34.750307684783856,26.23982164648,ab,322,33,
3,58885.41932869982,ztfg,-136.5169673381178,94.72180967898296,25.9585499776911,ab,322,33,
4,58885.48145829979,ztfr,37.67942082302959,71.2137124542756,26.2388340774405,ab,322,33,
5,58888.438194400165,ztfr,-143.00551817178533,128.88357834042864,26.2429189743076,ab,322,33,
6,58888.52625000011,ztfg,597.9466116919775,315.8776214331179,26.1762220874623,ab,322,33,
7,58895.399513899814,ztfg,250.26212493913,32.51544319802754,26.1382790592488,ab,322,33,
8,58913.33322919998,ztfg,749.995206677608,48.67886106384412,25.398156379064,ab,322,33,
9,58913.423240699805,ztfr,911.0328431805832,37.63255986677787,25.8329699923914,ab,322,33,
10,58941.35724540008,ztfr,459.3876493278834,46.51694477011653,26.2054627333039,ab,322,33,
11,58941.440069399774,ztfg,158.84834529993384,35.13203647540201,26.0500904269626,ab,322,33,
12,58956.24738429999,ztfg,90.70228888991299,16.258594148061846,26.1014799278118,ab,322,33,
13,58956.293750000186,ztfr,243.98886753964024,24.811038793764663,26.1578245322018,ab,322,33,
14,58963.224965299945,ztfg,56.34908946344082,20.27536028939179,26.0963463561785,ab,322,33,
15,58963.27150460007,ztfg,60.33503481588933,17.265574644004193,26.1337957453621,ab,322,33,
