,time,band,flux,fluxerr,zp,zpsys,field,ccd,comment
0,59188.535416699946,ztfg,3998.787712304581,62.05446192917978,26.2764393210055,ab,629,43,
1,59192.51496529998,ztfr,6322.528025843954,71.06990729814908,26.2728651690406,ab,629,43,
2,59192.53181710001,ztfg,2381.579746281877,53.13421029746292,25.0459711995544,ab,629,43,
3,59194.51141199982,ztfr,7351.3456408133225,42.700722063275705,26.3370492185386,ab,629,43,
4,59194.544444399886,ztfg,8042.532772090359,56.429570840225104,26.3088796221952,ab,629,43,
5,59198.49652779987,ztfr,7671.974855966134,59.70601717704074,26.323594175389,ab,629,43,
6,59198.539583299775,ztfg,8633.856588119163,45.92426346598001,26.3435681337276,ab,629,43,
7,59200.54887730023,ztfr,5566.150403534563,35.86608572986776,25.9865979166221,ab,629,43,
8,59203.51506939996,ztfr,6893.279038140733,59.996610499047364,26.3623170012146,ab,629,43,
9,59203.54968750011,ztfg,6903.7493619834995,46.37508176478647,26.3488525141441,ab,629,43,
10,59204.55060190009,ztfi,2135.639105840952,26.349691509423103,25.8817821507746,ab,629,43,
11,59206.51828699978,ztfr,1179.7507806415447,34.026629337252835,24.7448267973692,ab,629,43,
