,time,band,flux,fluxerr,zp,zpsys,field,ccd,comment
0,58246.48435189994,ztfg,262.5237785546176,48.60120258203761,26.1353543757876,ab,736,52,
1,58249.48343749996,ztfr,381.9295143814448,94.71778729498028,26.0042273034871,ab,736,52,
2,58254.48668979993,ztfr,364.97607757265,49.42369350110959,26.1365789827752,ab,736,52,
3,58257.468020800035,ztfr,349.38351309028576,25.82894234431778,26.0784982556913,ab,736,52,
4,58262.4752894002,ztfg,116.45448667805911,26.475580794775567,26.1641867917008,ab,736,52,
5,58268.452129600104,ztfr,204.79909588896925,68.32837504632687,26.1298391068411,ab,736,52,
6,58271.44827549998,ztfr,207.2804803296703,39.850346892777765,26.0980125461537,ab,736,52,
7,58272.40209490014,ztfg,37.795088490231265,64.41520969921925,26.0686981899637,ab,736,52,
8,58272.43081020005,ztfg,9.645058309520024,51.99539606279602,26.1353820923847,ab,736,52,
9,58272.45802079979,ztfr,208.247524529334,43.45437368199878,26.133717121855,ab,736,52,
10,58272.463379600085,ztfr,251.11598283488794,41.6477455619703,26.1368002159781,ab,736,52,
11,58274.44744209992,ztfg,90.07141749276283,43.53405826272782,26.1717248662031,ab,736,52,
12,58274.46774310013,ztfr,132.59130384028896,47.23804292346207,26.1461147461685,ab,736,52,
13,58277.43116899999,ztfr,145.81180700973553,27.75011393620724,26.0777907257744,ab,736,52,
14,58277.46754630003,ztfg,58.01028416052545,25.494120911311285,26.1459993153212,ab,736,52,
