,time,band,flux,fluxerr,zp,zpsys,field,ccd,comment
0,58588.497233800124,ztfr,403.86445059396175,36.65567428010265,25.8126236981436,ab,597,8,
1,58588.50211809995,ztfr,367.2889529393785,28.214274710179453,25.7528508219307,ab,597,8,
2,58588.506562499795,ztfr,335.86812321248385,32.168613779328844,25.8906036857154,ab,597,8,
3,58588.51100690011,ztfr,396.5876367213706,39.335390479048954,25.7636054353173,ab,597,8,
4,58591.49486109987,ztfr,299.6710377362981,69.27411007645206,25.8625825223806,ab,597,8,
5,58591.498692099936,ztfr,374.2661502066891,71.8961529680657,25.9031486578145,ab,597,8,
6,58591.50253470009,ztfr,354.0130312107489,74.91481197436013,25.948047861135,ab,597,8,
7,58591.50637729978,ztfr,420.13476097179233,58.61208609099306,26.0073541788542,ab,597,8,
8,58608.457361099776,ztfg,57.75241789313861,21.488809153847054,25.6410053354146,ab,597,8,
9,58608.485694400035,ztfr,157.3523892008717,18.444816243982512,26.0526690666,ab,597,8,
10,58618.43723380007,ztfg,-32.10658827214167,24.443098307384606,22.1176583103561,ab,597,8,
11,58618.490659699775,ztfr,8.97744287336283,20.70075097312849,22.206783056583,ab,597,8,
