,time,band,flux,fluxerr,zp,zpsys,field,ccd,comment
0,58534.1804630002,ztfg,-116.57010160511811,182.1707830984413,26.1986218239282,ab,836,55,
1,58538.16280090017,ztfr,63.032671824702454,123.87408967103548,25.1598762007177,ab,836,55,
2,58538.18012729986,ztfg,0.0064199489781669,26.36508923734429,25.0099981248827,ab,836,55,
3,58540.27888889983,ztfr,9.61838451218402,31.6210721569949,25.8673664888701,ab,1866,29,
4,58547.16409720015,ztfr,80.66167377569408,21.051715025689713,26.1873255555584,ab,836,55,
5,58547.23917819979,ztfg,108.44749137716262,25.121578551335993,26.169027705486,ab,836,55,
6,58556.13026619982,ztfg,1513.9945244098578,58.9108676032311,26.2072835230008,ab,836,55,
7,58559.146284699906,ztfg,1872.4976071480232,50.96864203971481,26.219062996672,ab,836,55,
8,58559.18118060008,ztfr,2145.4447544482227,52.718740148304704,26.1595734576966,ab,836,55,
9,58561.26351850014,ztfg,1745.9037233208528,122.43476771797259,26.0468383018982,ab,1866,29,
10,58562.19158559991,ztfg,1956.0521084257425,112.87301671231997,26.1254364377029,ab,836,55,
11,58567.157557900064,ztfg,1870.9071306153485,23.52270332656256,26.1110743832893,ab,836,55,
12,58573.13914350001,ztfr,1929.9449790620329,31.128599673997698,26.0614911551492,ab,836,55,
13,58573.1590741002,ztfg,1460.5137955835683,27.395194943056566,26.0881644198097,ab,836,55,
14,58582.132337999996,ztfg,554.0802641964069,45.34604531997731,25.7156866343104,ab,836,55,
15,58582.1784144002,ztfr,1175.4053223130184,37.53037102504165,25.9685690327137,ab,836,55,
16,58586.1417129999,ztfr,1218.1558694749408,39.655204871815265,26.0537039411527,ab,836,55,
17,58586.16114579979,ztfg,544.9006008081475,38.76412875890074,26.067085645772,ab,836,55,
