,time,band,flux,fluxerr,zp,zpsys,field,ccd,comment
0,58886.48473379994,ztfg,1489.6924870273454,92.6282085017787,26.0583762897144,ab,683,38,
1,58886.570196799934,ztfr,1784.7522407372787,44.5393386734791,26.3148576678518,ab,683,38,
2,58892.53825230012,ztfr,1241.4707678883778,37.19247878198654,26.2648100172914,ab,683,38,
3,58892.55123839993,ztfg,1166.7513244931597,55.2050942337076,26.2253983172401,ab,683,38,
4,58895.51181709999,ztfr,1076.5263271227075,39.44710677440991,26.2517497254221,ab,683,38,
5,58895.54423609981,ztfg,944.4807280065543,34.232878301015475,26.2346367147714,ab,683,38,
6,58900.485405100044,ztfr,435.06923174279706,32.64900563705362,25.4249660922566,ab,683,38,
7,58904.534027799964,ztfr,895.9057878743369,38.61958195555579,26.279566407925,ab,683,38,
8,58904.5539119998,ztfg,470.6332235099917,53.63913925605193,26.2473401100955,ab,683,38,
9,58908.50457180012,ztfr,725.3895040352077,27.43527898133134,26.2442429458791,ab,683,38,
10,58908.547546300106,ztfg,333.8134167347708,24.451696645114325,26.2483251257719,ab,683,38,
11,58911.50605319999,ztfr,777.362129373281,51.64886736420807,26.2562854172769,ab,683,38,
12,58911.54394679982,ztfg,53.48458860666946,79.03422667854869,26.2282812004856,ab,683,38,
13,58914.49216439994,ztfg,56.453181879352314,24.919506484663142,25.0878982899851,ab,683,38,
14,58914.52379629994,ztfr,611.6176173447849,18.01228544936126,26.2749335543949,ab,683,38,
