,time,band,flux,fluxerr,zp,zpsys,field,ccd,comment
0,58849.5592939998,ztfr,209.81369262705272,67.30642239769806,25.5433414295825,ab,430,33,
1,58849.56423609983,ztfr,69.52221615028999,54.13085975131769,24.7279577842453,ab,430,33,
2,58849.56916669989,ztfr,59.23779663233246,50.796934614238445,23.5208702079396,ab,430,33,
3,58849.57412040001,ztfr,276.28302805987454,56.90191100461789,26.0061445998771,ab,430,33,
4,58851.54746530019,ztfg,19.574120707808518,79.92466291031123,24.3830764242985,ab,430,33,
5,58851.561979200225,ztfr,364.93698178963695,69.06893185349082,26.138399533228,ab,430,33,
6,58851.56671300018,ztfr,350.1067764150781,87.05132599346705,26.0028565932331,ab,430,33,
7,58851.57144680014,ztfr,259.0115323562701,88.99068605244037,25.9571113829183,ab,430,33,
8,58851.576180600096,ztfr,531.5508242803023,154.2048419508141,25.9364718448672,ab,430,33,
9,58853.56108799996,ztfr,431.8295759879496,33.47296691279423,26.2054716397269,ab,430,33,
10,58853.565844899975,ztfr,488.05046757322214,35.078057651150516,26.2190293434228,ab,430,33,
11,58853.57060190011,ztfr,338.74465335592424,44.67110560086988,26.2333413418965,ab,430,33,
12,58853.575358800124,ztfr,582.7894178551019,66.39947201005316,26.2540857990384,ab,430,33,
13,58854.56047450006,ztfg,117.52269678036583,153.34892677967323,26.110329022998,ab,430,33,
14,58855.56259260001,ztfr,422.30050759377417,38.139784903246344,26.1959967544975,ab,430,33,
15,58855.56739579979,ztfr,375.6878323064779,40.79978900115775,26.212069425481,ab,430,33,
16,58855.572187500075,ztfr,405.08618587827846,41.33365529596032,26.2166694116795,ab,430,33,
17,58855.57697919989,ztfr,394.94184016043266,63.05619459111333,26.2374268586005,ab,430,33,
18,58875.48140050005,ztfg,61.77346201039759,46.715111167551306,25.9389850469296,ab,430,33,
19,58878.54142360017,ztfg,67.2008470387953,50.562822804876696,26.1752647607108,ab,430,33,
20,58878.57445599977,ztfr,100.09424884934384,91.84168148034288,26.2034729586491,ab,430,33,
21,58885.46364580002,ztfg,164.2106735785376,183.246276292089,26.0349376892893,ab,430,33,
22,58888.507083300035,ztfr,-163.06096407359257,160.4213299681618,26.2502656275017,ab,430,33,
23,58892.519571799785,ztfr,40.00533287403206,39.08572004703049,26.2529529722531,ab,430,33,
24,58892.54625000013,ztfg,46.72828173698706,44.105212567975066,26.2074558753725,ab,430,33,
25,58900.49486109987,ztfr,31.51434673583952,30.805424558237494,25.4163268086031,ab,430,33,
26,58905.5228587999,ztfg,-92.84556881544489,113.29230652897415,26.2027914179304,ab,430,33,
