,time,band,flux,fluxerr,zp,zpsys,field,ccd,comment
0,58567.421770799905,ztfg,66.24948860089641,62.12670793255995,26.1606208637042,ab,1677,33,
1,58572.52833329979,ztfg,-28.97217097260512,28.543747909347665,26.2162025036943,ab,1677,33,
2,58574.32925930014,ztfr,-24.94469642600835,32.59559382138363,24.8902115320417,ab,1677,33,
3,58580.3720602002,ztfr,276.58027155131214,22.720562421533696,26.2110926123668,ab,1677,33,
4,58589.28844910022,ztfr,207.03258762429576,152.48856043196005,24.9542697320123,ab,1677,33,
5,58593.336388899945,ztfr,1189.7522381056003,50.967510956236715,26.2131949753979,ab,1677,33,
6,58597.43400460016,ztfr,1252.3051972571118,22.987784753664332,26.2189289843342,ab,1677,33,
7,58602.30368060013,ztfr,1108.9693752305502,25.57931581512954,26.1862916336286,ab,1677,33,
8,58606.284247700125,ztfr,845.9725098034261,19.172876705435396,26.1503218496062,ab,1677,33,
9,58617.27054399997,ztfr,615.7480353213894,21.414398643573218,26.159813866693,ab,1677,33,
10,58618.22743060021,ztfr,594.8269666301876,30.047938442723158,26.1591296519333,ab,1677,33,
11,58618.41640050011,ztfg,102.23148434200039,33.21031269472601,25.0814388137108,ab,1677,33,
12,58619.35130790016,ztfr,600.75017349801,55.40723816551665,26.0900781080902,ab,1677,33,
13,58632.3128819,ztfr,364.0500475085761,19.070439527456557,26.1806046262566,ab,1677,33,
14,58633.350463000126,ztfr,362.3078672915833,13.848632853065014,26.1799630716899,ab,1677,33,
15,58633.35091440007,ztfr,328.2877518957342,12.813774103224047,26.1766320978868,ab,1677,33,
16,58645.21968750004,ztfg,94.16231422802608,25.439324131652278,26.1389656196337,ab,1677,33,
17,58645.22013889998,ztfg,51.185895522854324,26.46474560499802,26.1427696779314,ab,1677,33,
18,58646.247002299875,ztfr,179.8416572795506,27.93077889089335,25.9035131843346,ab,1677,33,
19,58646.24745369982,ztfr,147.24811581837764,25.087389165712242,25.9804730855046,ab,1677,33,
