,time,band,flux,fluxerr,zp,zpsys,field,ccd,comment
0,58846.099768499844,ztfg,19.869852849434082,23.88349408554537,26.3126696686444,ab,599,39,
1,58851.10394679988,ztfr,-39.25823433382279,72.83748882950377,25.443312422075,ab,599,39,
2,58851.1245833002,ztfg,-54.0566818899526,63.04937643213017,25.8266270000706,ab,599,39,
3,58854.12248839997,ztfr,136.08349927785196,72.3366248559819,26.3058206138788,ab,599,39,
4,58854.15972220013,ztfr,157.24710187649222,134.23169777856012,26.2670627189173,ab,599,39,
5,58859.153483800124,ztfr,-12.856072879171528,46.396025840252776,26.2734310076095,ab,599,39,
6,58862.123969899956,ztfg,12.181061258489068,17.647515679923718,26.2571243730074,ab,599,39,
7,58872.12525459984,ztfr,512.6121710012103,47.49044685626028,26.2424693656599,ab,599,39,
8,58872.15680560004,ztfg,325.37570784665087,37.310855450039384,26.1053085951475,ab,599,39,
9,58875.09760419978,ztfr,148.87461156132903,39.93929009498656,24.6843358990853,ab,599,39,
10,58875.133530099876,ztfg,443.5926959299802,27.54270877008155,26.1376343091554,ab,599,39,
11,58878.118263899814,ztfg,124.33304794612553,199.47700960254798,26.056276062367,ab,599,39,
12,58878.14119210001,ztfr,849.9087758694361,220.2348153801059,26.1936956253214,ab,599,39,
13,58881.12473380007,ztfr,497.492978460676,51.09964956468805,26.229820194378,ab,599,39,
14,58881.13200230012,ztfg,412.9207639836325,59.09481185028711,26.1260621690984,ab,599,39,
15,58885.1036111,ztfg,384.08650863100127,74.58275093520113,26.1436183674583,ab,599,39,
16,58885.1338657001,ztfr,151.17291788941947,108.22431782720955,26.0799710265657,ab,599,39,
17,58886.10021989979,ztfr,473.27408743705445,55.75471046556038,26.2393239141789,ab,599,39,
18,58886.10511570005,ztfr,511.9439296882404,61.92670499180436,26.2260958131264,ab,599,39,
19,58886.10999999987,ztfr,476.34998177554735,57.27467623678173,26.2195036784733,ab,599,39,
20,58886.11488430016,ztfr,536.5655449047637,54.87445102343586,26.2119622342937,ab,599,39,
21,58892.11319439998,ztfr,360.6654431481271,32.160742203618234,26.1374508258102,ab,599,39,
22,58892.11806710018,ztfr,266.70156725684296,33.18453204507761,26.123586624318,ab,599,39,
23,58894.11931709992,ztfr,297.64702048774666,38.00839388745423,26.10910342658,ab,599,39,
