,time,band,flux,fluxerr,zp,zpsys,field,ccd,comment
0,58257.48817129992,ztfr,-39.09854301243666,50.46571486129048,26.294763599993,ab,1588,46,
1,58279.48121530004,ztfg,954.1394065405815,51.107362868851645,26.3258997492757,ab,1588,46,
2,58286.43696760014,ztfg,709.1475137852472,29.134119590793993,26.3564363329657,ab,1588,46,
3,58301.43589119986,ztfg,187.5956689740495,53.976698063050634,26.2631023230884,ab,1588,46,
4,58301.4363425998,ztfg,198.20076723358926,53.47630878598843,26.2628998064352,ab,1588,46,
5,58304.4161111,ztfr,432.76224683823375,26.352208481375026,26.2575605066685,ab,1588,46,
6,58304.41657410003,ztfr,442.995163633522,25.892201947692854,26.2561730174625,ab,1588,46,
