,time,band,flux,fluxerr,zp,zpsys,field,ccd,comment
0,59005.17353009991,ztfg,-61.283956686165425,66.60079291481799,26.2861235100601,ab,620,59,
1,59013.214548599906,ztfg,-44.02931016044393,32.75435347472557,26.1855975895524,ab,620,59,
2,59026.17938659992,ztfr,257.15301017120373,43.22215684730329,26.2151130594159,ab,620,59,
3,59026.18418980017,ztfr,220.36688522274355,46.19809057749054,26.1494491551891,ab,620,59,
4,59026.18899310008,ztfr,-19.90701555597343,82.79807866309181,24.2719525233297,ab,620,59,
5,59032.17201389978,ztfr,800.7927802001306,111.16643719423863,26.1769013186106,ab,620,59,
6,59032.17708329996,ztfr,792.9210170986829,72.85845848879012,26.1610132683865,ab,620,59,
7,59032.182129600085,ztfr,709.6445753830017,104.68353883606237,26.1610446631344,ab,620,59,
8,59032.18718749983,ztfr,716.1733699994857,87.4939437125138,26.1239405300559,ab,620,59,
