,time,band,flux,fluxerr,zp,zpsys,field,ccd,comment
0,58481.546759299934,ztfr,1283.5379495880109,92.71422792489828,26.0818120986564,ab,634,33,
1,58482.5619212999,ztfr,1371.3788419762377,49.54364521116585,26.1648395983473,ab,634,33,
2,58482.56709490018,ztfr,1381.5463942773677,60.86173193496045,26.1656218057962,ab,634,33,
3,58482.571955999825,ztfr,1432.0801119319692,63.061770552510986,26.1858984659932,ab,634,33,
4,58482.576828700025,ztfr,1367.4118322838679,93.18482346322496,26.1966980534478,ab,634,33,
5,58492.549374999944,ztfg,157.43630833752664,20.284541712606348,25.5861751572098,ab,634,33,
