,time,band,flux,fluxerr,zp,zpsys,field,ccd,comment
0,58331.161365699954,ztfr,-13.904844082535629,23.486704317614915,26.1544802116719,ab,479,25,
1,58332.15888890019,ztfi,-15.261700665273233,32.69136888655848,25.6235077763038,ab,479,25,
2,58334.176064800005,ztfg,1.052650443936507,16.394859369955267,26.1000976506111,ab,479,25,
3,58337.17068290012,ztfg,143.51323466450708,16.255405572796995,26.1583098931496,ab,479,25,
4,58337.19069440011,ztfr,151.76609509929577,22.99182999716611,26.2035557439706,ab,479,25,
5,58345.17826389987,ztfg,1403.2059577708103,25.718314044711217,26.084183147169,ab,479,25,
6,58363.155567099806,ztfg,1292.7305829401885,29.64157559004509,26.0268212706049,ab,479,25,
