,time,band,flux,fluxerr,zp,zpsys,field,ccd,comment
0,58482.13016200019,ztfg,-96.09078281629849,120.3052188517141,26.18813617955,ab,393,58,
1,58488.12907409994,ztfg,14.881619372458033,33.36978369973726,26.0558084898448,ab,393,58,
2,58503.088703699876,ztfr,3711.3655516744334,175.691293010508,26.0282600051957,ab,393,58,
3,58503.09356479999,ztfr,3426.954871571054,216.70681477374202,25.9603109139419,ab,393,58,
4,58503.0984259001,ztfr,3444.1158517224603,194.24903651990797,25.8705224101166,ab,393,58,
5,58503.10327549977,ztfr,3188.0936343713574,224.89355019037674,25.8616023409512,ab,393,58,
