,time,band,flux,fluxerr,zp,zpsys,field,ccd,comment
0,58854.45945600001,ztfr,109.60347406774542,114.51290268024164,26.1945610691702,ab,267,17,
1,58854.50143520022,ztfg,7.194942473536423,156.72034593889282,26.1152384649247,ab,267,17,
2,58873.396562499925,ztfg,328.2543123942559,22.71304327821907,26.0314132716654,ab,267,17,
3,58873.50281250011,ztfr,383.33513017443886,43.519163312262435,26.0169800218976,ab,267,17,
4,58895.42075229995,ztfr,3625.5413331009763,50.543071797086924,26.1571628851855,ab,267,17,
5,58900.33423609985,ztfg,790.5999260756331,41.26096098271167,24.9247615021011,ab,267,17,
6,58900.39821759984,ztfr,2512.579585285298,35.91156749357258,26.1274030842795,ab,267,17,
