,time,band,flux,fluxerr,zp,zpsys,field,ccd,comment
0,58450.54673610022,ztfr,2867.756756343908,55.15743882392595,26.1215436447294,ab,581,58,
1,58450.55151619995,ztfr,2870.1801686861577,48.49548709139789,26.1311302421158,ab,581,58,
2,58450.55629630014,ztfr,2864.6258017872715,52.15751744326777,26.1284518445589,ab,581,58,
3,58450.56107639987,ztfr,3123.663895635662,82.09301502198309,26.1532680115242,ab,581,58,
4,58466.530532400124,ztfg,104.02234529781688,54.56124165441967,24.0359170293245,ab,581,58,
5,58472.53851850005,ztfg,615.1400378524334,25.785789458583043,26.2643064493698,ab,581,58,
6,58476.51993060019,ztfr,1630.9715771408519,46.01377411015481,26.2080331075683,ab,1626,21,
7,58476.53758100001,ztfr,1508.5808464991414,33.564814100349565,26.2004829156963,ab,581,58,
8,58480.52553239977,ztfg,333.85785611771854,55.85506559697792,26.2540963666704,ab,581,58,
9,58481.519536999986,ztfr,1209.3017689757792,47.35919066474183,26.2074065364942,ab,1626,21,
10,58481.53890050016,ztfr,1189.7455578998397,38.358139547545385,26.1924391352116,ab,581,58,
11,58487.50604170002,ztfg,286.4115593955305,17.23673293458328,26.2558210922026,ab,581,58,
12,58491.51623839978,ztfg,258.8189277392121,30.547803502454517,26.2837271707336,ab,581,58,
13,58494.53915510001,ztfg,243.36251873320512,12.218162666288496,26.2498201088636,ab,581,58,
