,time,band,flux,fluxerr,zp,zpsys,field,ccd,comment
0,58397.30528939981,ztfi,49.18426241430794,31.016378107468125,25.6364027166667,ab,596,19,
1,58400.20810189983,ztfr,-19.13309959294535,16.217295853579195,26.1723711099768,ab,596,19,
2,58400.25523150014,ztfg,10.594015596321592,10.209106907177084,26.1898943899923,ab,596,19,
3,58422.28668980021,ztfi,131.82919533777311,47.59649928166478,25.6060553562646,ab,596,19,
4,58423.141643499956,ztfr,253.47801443245632,24.895530122463672,25.9613764057766,ab,596,19,
5,58426.14535879996,ztfr,279.97064686781624,24.674647799587447,25.7159447710036,ab,596,19,
6,58426.204120399896,ztfg,398.20016374230977,20.111427347405115,25.8848402681615,ab,596,19,
7,58426.28754629986,ztfi,300.3058100546517,61.73582104737436,25.4596359589205,ab,596,19,
8,58429.12962959986,ztfr,525.8267279738633,29.77646570887489,26.2168370692335,ab,596,19,
9,58429.186134300195,ztfg,626.2206741845782,17.624128971539843,26.2238927250785,ab,596,19,
10,58430.21770829987,ztfi,227.16188234429333,31.238042728559424,25.6535285034138,ab,596,19,
11,58432.10753470007,ztfr,560.2008421589683,28.69362225951844,26.1979257643568,ab,596,19,
12,58432.18541669985,ztfg,632.8359643015112,23.132078780892684,26.2135368379174,ab,596,19,
13,58434.22331020003,ztfi,129.48672444469696,53.20203871244596,25.6554227970024,ab,596,19,
14,58435.10855320003,ztfr,416.4052095604227,138.4063343228041,26.2076605561706,ab,596,19,
15,58438.22612270014,ztfg,108.16277135741298,52.86111866289616,24.2924358098025,ab,596,19,
16,58438.2489467999,ztfr,3.011538165008673,133.44391806512914,24.3002045592348,ab,596,19,
17,58441.24172449997,ztfg,414.5976335374339,64.318984080956,26.139402369942,ab,596,19,
18,58441.28996529989,ztfr,322.92541959616455,123.76290443605541,25.8169379507032,ab,596,19,
19,58443.082615700085,ztfr,405.11763387081515,28.806270388592683,26.2160480485532,ab,1592,50,
20,58456.14903939981,ztfr,252.8337235747842,42.62389003652044,26.2088073664503,ab,596,19,
21,58468.09084489988,ztfr,220.56220409904833,34.31145600564509,26.21416294498,ab,596,19,
22,58471.12966440013,ztfr,113.73930785768908,106.096347263044,26.0207885304417,ab,596,19,
23,58474.144594899844,ztfr,162.97080836062838,42.5211323771423,26.2031810029933,ab,596,19,
24,58482.1120023001,ztfg,73.16710648551212,48.9870868771324,26.1413691453125,ab,596,19,
25,58488.10318290023,ztfr,30.135885376023552,30.477481643090936,25.98115868899,ab,596,19,
26,58488.131817100104,ztfg,41.41321465179685,23.860991167944718,25.8779461562997,ab,596,19,
