,time,band,flux,fluxerr,zp,zpsys,field,ccd,comment
0,58871.09755790001,ztfr,6.328078085235741,28.163051687474773,26.0516242914207,ab,348,48,
1,58872.111169000156,ztfr,-37.47800138033362,39.39390719183548,26.04599765439,ab,348,48,
2,58872.149131900165,ztfg,23.00921761375203,23.116606258710863,26.0872352003389,ab,348,48,
3,58875.10621530004,ztfr,-17.588530625831627,28.04109053403129,26.016912259799,ab,348,48,
4,58875.127199099865,ztfg,7.694846442088638,19.94131357588663,26.0868094178415,ab,348,48,
5,58881.0952198999,ztfr,129.50156257199936,58.79547212310706,26.0472722861891,ab,348,48,
6,58881.144861099776,ztfg,57.68917196255609,57.12802016393049,26.0855785676295,ab,348,48,
7,58885.09810189996,ztfg,1186.3894818096815,75.80156088939574,26.0589663677887,ab,348,48,
8,58885.12843749998,ztfr,917.8151945489575,58.509776395151924,25.9317831707029,ab,348,48,
9,58892.12328700023,ztfg,3382.8777515251068,31.435438861692603,25.9886448428153,ab,348,48,
10,58892.12965280004,ztfr,2723.6816673705553,32.569561436908074,25.9631590057535,ab,348,48,
11,58895.11549769994,ztfr,3253.1538747378213,40.8993790151521,25.9978446970284,ab,348,48,
12,58895.13015050022,ztfg,4058.2585772225243,39.36280552325607,26.0099731590037,ab,348,48,
13,58904.11165509978,ztfr,3414.9086792857206,55.5030915557827,25.9424998972275,ab,348,48,
14,58904.11665510014,ztfr,3298.986899675791,47.13778695827872,25.9041521867051,ab,348,48,
15,58904.12166670011,ztfr,3355.4737700523406,50.08648679312155,25.9083956158294,ab,348,48,
16,58904.12670140015,ztfr,3236.5440358997143,52.810942829288926,25.8831803693963,ab,348,48,
