,time,band,flux,fluxerr,zp,zpsys,field,ccd,comment
0,58961.49168979982,ztfr,133.69329495353833,87.21687193430087,25.9589262770472,ab,547,4,
1,58961.49554400006,ztfr,-215.55215567904156,97.296876965101,25.9776722621124,ab,547,4,
2,58961.499525499996,ztfr,-249.73086549493868,132.96819947805903,25.9967944808789,ab,547,4,
3,58961.50398149993,ztfr,-16.22367173348023,110.70139962236055,26.0178077903274,ab,547,4,
4,58998.4499884001,ztfg,993.6864891662259,16.784046153492362,26.2296466481031,ab,547,4,
5,59002.442245400045,ztfg,671.4854035944962,26.36621296790691,26.1781050771222,ab,547,4,
6,59018.46607640013,ztfr,537.2295394987598,16.1325771916337,26.2918550767039,ab,547,4,
7,59022.386388900224,ztfg,130.9371723357672,19.873340160282396,26.3093622346486,ab,547,4,
8,59022.47798610013,ztfr,452.7030517674936,19.822830296653443,26.3265792723079,ab,547,4,
9,59025.33930560015,ztfg,88.1539765361498,24.5578855831868,26.2154513194435,ab,547,4,
10,59025.479328699876,ztfr,401.5078059506618,16.407630440906164,26.3242889783958,ab,547,4,
11,59027.482511600014,ztfr,284.00019366605244,29.295955232466714,26.2603097065908,ab,547,4,
12,59027.48297449993,ztfr,313.11841268009937,29.11979864553252,26.2244913469932,ab,1542,37,
13,59028.38337960001,ztfg,107.04034672359882,21.57968327395807,26.2317905244228,ab,547,4,
14,59031.34137730021,ztfg,57.869140700904474,37.381934706288355,26.1730413084446,ab,547,4,
15,59031.47978009982,ztfr,301.0457110872293,17.159946849921287,26.2813834473008,ab,547,4,
16,59034.37732640002,ztfr,312.74588618192314,43.13048092552415,26.2917890292964,ab,547,4,
17,59034.460532399826,ztfg,86.81620769389923,41.73293276200996,26.4030093413303,ab,547,4,
18,59037.45796300005,ztfr,260.04552111824836,33.76688037559753,26.3389080357854,ab,547,4,
19,59040.37932869978,ztfr,240.6182770798846,30.230819721574534,26.2770641381635,ab,547,4,
