,time,band,flux,fluxerr,zp,zpsys,field,ccd,comment
0,58422.31425930001,ztfr,-58.60526893374685,83.45046536929522,25.9709969181042,ab,248,2,
1,58425.335138900205,ztfg,34.87996407714916,25.23776404384069,25.4525522000242,ab,248,2,
2,58428.250995399896,ztfr,-55.56305466012762,36.453137862354374,26.0516064861174,ab,248,2,
3,58428.293553200085,ztfg,17.914072517837493,27.226142357504525,26.044743339067,ab,248,2,
4,58431.231030100025,ztfg,-52.59599796329326,134.34873753743898,25.9679209875468,ab,248,2,
5,58434.29388889996,ztfr,214.55307180606678,96.48285139290464,25.9972432577559,ab,248,2,
6,58437.22987269983,ztfg,304.444259899836,49.13598467215387,26.0433832083735,ab,248,2,
7,58437.27174769994,ztfr,377.6805797929461,64.80295733293089,26.0200125072014,ab,248,2,
8,58448.26935190009,ztfr,800.8214439030378,60.831411614117286,25.9793351469722,ab,248,2,
9,58451.251921299845,ztfg,443.6849173021178,20.020629569639805,25.3529542981495,ab,248,2,
10,58457.1764814998,ztfr,596.1853324408157,57.896852660416734,26.0270375729916,ab,248,2,
11,58457.27265049983,ztfg,533.4363698543071,79.52397670470674,25.9608890652445,ab,248,2,
12,58469.146516200155,ztfg,181.13250922005994,51.17483384869938,26.0032243097074,ab,248,2,
13,58469.14743060013,ztfg,187.38499543200518,54.67543721801031,26.0059022250493,ab,248,2,
14,58471.174085599836,ztfr,423.50091760511,87.89790159103688,25.9432046734147,ab,248,2,
15,58472.12451389991,ztfr,361.88236620775547,44.07616132516114,26.0302258417712,ab,248,2,
16,58472.18684029998,ztfg,281.89594596493237,65.70638578416639,26.0481030500499,ab,248,2,
17,58472.18775459984,ztfg,154.8129396522609,59.468380701328975,26.0490556552748,ab,248,2,
18,58474.12542819977,ztfg,169.7941206185374,70.62083666955225,26.0971596203988,ab,248,2,
19,58474.16329859989,ztfr,360.74952409109466,50.37354964985589,26.0302904307679,ab,248,2,
20,58482.1504861,ztfg,181.80732984717417,93.78513841974375,26.0469158063432,ab,248,2,
21,58488.146794000175,ztfg,-28.109003392104558,30.321220123387658,23.9508699336605,ab,248,2,
22,58491.146794000175,ztfg,181.54767069851096,51.05286152161153,26.0154413286329,ab,248,2,
23,58492.14285880001,ztfr,102.26946334606991,72.37153808303113,23.0361781438773,ab,248,2,
24,58493.101331000216,ztfr,218.77124526763208,46.74565753575851,25.8665163913614,ab,248,2,
25,58493.14778940007,ztfg,52.911161464779966,35.834661983017064,26.0092473455631,ab,248,2,
