,time,band,flux,fluxerr,zp,zpsys,field,ccd,comment
0,58726.48747690022,ztfg,1515.502543467615,29.433894432246607,25.927544515445,ab,663,50,
1,58726.510231500026,ztfr,3412.0039351344485,42.630814274890255,26.049462119984,ab,663,50,
2,58733.490613400005,ztfg,1456.4503546399435,34.241939868047986,26.046569529758,ab,663,50,
3,58733.513761600014,ztfr,2615.011163462463,36.961641075341134,26.0874855498687,ab,663,50,
4,58736.48988430016,ztfg,1373.1563470146427,22.87640972377873,26.0769450283579,ab,663,50,
5,58736.51149309985,ztfr,2399.3460553569503,31.962923772142908,26.1034348195979,ab,663,50,
6,58739.471203700174,ztfr,1983.2531452401865,59.46442034223929,26.0396877910623,ab,663,50,
