,time,band,flux,fluxerr,zp,zpsys,field,ccd,comment
0,58210.228425899986,ztfg,577.613598023434,53.818401093946676,26.0364449625889,ab,813,41,
1,58210.248148099985,ztfg,639.2476083532441,59.55854665770566,26.0989866111172,ab,813,41,
2,58214.15679399995,ztfr,171.35058775164808,45.87028599756577,24.5058348561261,ab,813,41,
3,58214.16888889996,ztfr,155.96853540978125,51.84579114751341,24.7688054729194,ab,813,41,
4,58217.148333299905,ztfr,528.7021304348748,40.208631074257895,26.108725469886,ab,813,41,
5,58217.224768499844,ztfr,555.9199041731108,44.54844089499,26.095948173219,ab,813,41,
6,58221.19768519979,ztfr,369.69792416809395,44.48539488732913,25.4870109697866,ab,813,41,
7,58224.16927079996,ztfr,135.36882488846408,40.06749280985052,24.9374236532513,ab,813,41,
8,58227.17851850018,ztfg,253.17809725871615,25.054837553270133,26.2397561443644,ab,813,41,
9,58231.204421299975,ztfg,128.87357882743424,42.25342946013196,26.2142207174485,ab,813,41,
10,58234.15983799985,ztfg,127.63446519049523,78.9397345155916,25.8494321399938,ab,813,41,
11,58234.217372700106,ztfg,197.71438902609344,47.327590708555505,26.2303490544922,ab,813,41,
12,58237.19756940007,ztfg,93.38367811418898,115.7139799842185,26.1952692378469,ab,813,41,
13,58244.16583329998,ztfr,182.86982707641414,39.94007591802451,26.2216070298381,ab,813,41,
14,58244.20372689981,ztfg,82.50197783070743,37.07264255066998,25.9071504622616,ab,813,41,
15,58247.17975689983,ztfg,23.178644239131167,25.12655527108527,26.220270772097,ab,813,41,
16,58255.18552079983,ztfg,44.34999449043277,35.41066065939386,26.1674249188208,ab,813,41,
17,58259.16133099981,ztfg,49.72440404494381,76.40127981563985,24.2350831799272,ab,813,41,
