,time,band,flux,fluxerr,zp,zpsys,field,ccd,comment
0,59018.3883795999,ztfg,854.4398563268842,21.26850609408827,26.1399144792325,ab,549,55,
1,59018.4674769002,ztfr,1115.161647387012,21.933981584813267,26.2436249942048,ab,549,55,
2,59024.381516200025,ztfg,482.6854765119206,18.872865149942015,26.0714458456528,ab,549,55,
3,59024.4755092999,ztfr,779.973950807027,21.020215708367083,26.18375242719,ab,549,55,
4,59027.37112270016,ztfg,431.56692475262895,26.49619653555913,26.0325671526576,ab,549,55,
5,59030.35776619986,ztfg,228.58120095170656,53.7619027559727,26.0738542836963,ab,549,55,
6,59030.46732639987,ztfr,795.9030432218283,22.652902872994567,26.2325174930311,ab,549,55,
7,59033.35999999987,ztfr,770.4993358134981,49.65517270726135,26.1994937986401,ab,549,55,
8,59033.44907409977,ztfg,354.8901319656746,32.02727781266976,26.3520324219567,ab,549,55,
9,59036.381585599855,ztfr,803.2740306823229,43.10979124421882,26.2457929317145,ab,549,55,
10,59036.46384260012,ztfg,269.15463901211564,39.858160961457365,26.352887903893,ab,549,55,
11,59039.35849539982,ztfg,241.08345020406762,52.22840431871288,26.2353910513766,ab,549,55,
12,59039.48402780015,ztfr,727.1513937499683,42.02092921513601,26.2885993147782,ab,549,55,
13,59042.46372690005,ztfr,581.1276432444336,23.436083032627113,26.2272313903492,ab,549,55,
14,59044.474664399866,ztfr,562.6864652772159,21.008733239045675,26.2687906479145,ab,549,55,
15,59045.36263890006,ztfr,530.5204416650296,20.733849745281173,26.2407848832314,ab,549,55,
16,59045.447187500075,ztfg,179.32930394848918,14.031949052841707,26.3665071005116,ab,549,55,
17,59048.40631939983,ztfr,450.52745178201184,16.75768797773858,26.2736035797147,ab,549,55,
18,59048.45818290021,ztfg,123.98501178400726,13.314985672334428,26.3700915503891,ab,549,55,
19,59051.41900460003,ztfr,374.67143976772104,17.537364049406264,26.246544586599,ab,549,55,
20,59051.45348379994,ztfg,117.82088342306015,16.178424264940276,26.3531419518574,ab,549,55,
21,59052.48721060017,ztfg,146.03962023576065,20.45515929993049,26.3758146209307,ab,549,55,
22,59054.45593750011,ztfg,131.5938471291874,11.9139763428669,26.3723207486626,ab,549,55,
23,59057.43792819977,ztfg,131.5244521812263,13.05156049807716,26.3414837869045,ab,549,55,
24,59057.452430599835,ztfr,292.4386090255106,14.409505711993166,26.2646340771401,ab,549,55,
25,59059.41581019992,ztfg,107.41423504475915,12.483042642054247,26.3569162731865,ab,549,55,
