,time,band,flux,fluxerr,zp,zpsys,field,ccd,comment
0,58985.16989579983,ztfg,4.034767875561768,10.480619530987587,26.2883923994576,ab,524,46,
1,58991.17106480012,ztfg,-4.669243508932667,13.235666295869532,26.3017895332893,ab,524,46,
2,58991.18947920017,ztfr,-4.317389440796725,46.6836503601171,26.6603370301556,ab,524,46,
3,58994.207893500105,ztfr,0.7458378912402621,19.82678175913073,26.3405555762729,ab,524,46,
4,58997.18584490009,ztfg,8.621878764628114,20.642264783078776,26.2642523214245,ab,524,46,
5,59005.185358799994,ztfg,308.51548102037106,48.71831391045762,26.1754820034328,ab,524,46,
6,59009.18754629977,ztfr,818.7580784029736,40.09898518820706,26.2870332509238,ab,524,46,
7,59009.23241900001,ztfg,888.9098156125558,48.237265859341946,26.281384906909,ab,524,46,
8,59014.201273099985,ztfg,1550.7418804666615,23.141870079374026,26.3066702641984,ab,524,46,
9,59014.220277800225,ztfr,1376.7248788443053,27.56546778929731,26.2737819018011,ab,524,46,
10,59017.21787039982,ztfg,1586.1956903197295,22.972717471644902,26.2587152376791,ab,524,46,
11,59017.23665509978,ztfr,1348.2254109969574,29.02053472833708,26.2141662413562,ab,524,46,
12,59020.19918979984,ztfg,1439.6688419701197,21.370727978486517,26.2270879637545,ab,524,46,
13,59020.23778939992,ztfr,1289.0664351191667,28.863406825379492,26.1552093752671,ab,524,46,
14,59023.21582179982,ztfg,1208.7659827424113,20.623727708685603,26.1920666891614,ab,524,46,
15,59033.176643500105,ztfr,809.1852998437927,75.17420643628061,26.2446055883235,ab,524,46,
16,59033.19840280013,ztfg,562.3208168023817,88.0699546049357,26.2235393502158,ab,524,46,
17,59037.21259259991,ztfg,430.1279463454623,169.28511667483076,26.1079960461678,ab,524,46,
