,time,band,flux,fluxerr,zp,zpsys,field,ccd,comment
0,58851.552870399784,ztfg,-64.53202831491073,65.84655067260572,26.0337558856552,ab,763,31,
1,58854.54967590002,ztfg,196.91136827355268,119.84770292153695,26.1436604594083,ab,763,31,
2,58854.57332180021,ztfr,86.64333882263129,169.40336094553626,26.2295043260238,ab,763,31,
3,58873.53324070014,ztfr,801.8585796599715,21.781364805968845,26.2172434472324,ab,763,31,
4,58873.55560189998,ztfg,818.225426957668,19.163475724201465,26.2558398891432,ab,763,31,
5,58876.53215279989,ztfg,668.8330108511456,17.082055176475247,26.2269069275824,ab,763,31,
6,58876.57229170017,ztfr,787.5866676837123,24.13806503575239,26.244534247598,ab,763,31,
7,58879.509629600216,ztfg,458.3567661043706,114.9089793655506,26.1649195949866,ab,763,31,
8,58879.549722199794,ztfr,827.5611447819202,127.74058460236522,26.2198005527816,ab,763,31,
9,58885.46903940011,ztfg,217.2492402705548,74.46883184595848,26.1726581515371,ab,763,31,
10,58885.54491900001,ztfr,500.7455497908036,20.83988563395725,26.2432971252213,ab,763,31,
11,58888.51159719983,ztfr,450.9255709184991,191.99441490414432,26.2145932428022,ab,763,31,
12,58891.47241900023,ztfg,164.65322089758422,45.01996743731722,26.1934204593128,ab,763,31,
13,58894.5394791998,ztfr,406.2154273027507,20.856296879456384,26.2438003294613,ab,763,31,
14,58894.552812499925,ztfg,125.62253156681395,22.099197083113975,26.2815811385964,ab,763,31,
15,58898.525578700006,ztfr,290.9571501286658,15.59008589665947,26.2343240951949,ab,763,31,
16,58898.55699069984,ztfg,120.21440656380332,14.625313631850087,26.2938926357688,ab,763,31,
17,58904.52652780013,ztfr,222.59150431393485,19.05157682398672,26.2404875469276,ab,763,31,
18,58904.55806710012,ztfg,20.572063715908143,39.551148955411385,26.2760710347702,ab,763,31,
19,58908.51156250015,ztfr,153.8392059830061,16.66263394873832,26.2314631675797,ab,763,31,
20,58908.5394444,ztfg,66.50907868476402,11.967711560389489,26.2713820175856,ab,763,31,
21,58911.50927079981,ztfr,171.09782860495062,33.29865181607335,26.2306091918008,ab,763,31,
22,58911.53365739994,ztfg,96.90192643836843,22.20005844588845,26.2626818751306,ab,763,31,
23,58914.49306710018,ztfg,11.323190026611435,17.203911159354917,25.8055844481268,ab,763,31,
24,58914.533171299845,ztfr,145.95911233527158,13.447107501408956,26.2325764141849,ab,763,31,
