,time,band,flux,fluxerr,zp,zpsys,field,ccd,comment
0,58747.51329859998,ztfr,1169.7068556045604,36.728257810303504,26.046391094468,ab,465,28,
1,58747.518321800046,ztfr,1055.6932113697046,36.55341141105667,26.0501858845893,ab,465,28,
2,58747.52334489999,ztfr,1060.1554425540862,43.988352810913405,26.0646935166065,ab,465,28,
3,58747.52837960003,ztfr,1044.6097064144597,71.78325634358556,26.0786198842493,ab,465,28,
4,58749.50597220007,ztfg,677.9861210438784,39.66356886121415,25.9321239419563,ab,465,28,
5,58749.51527780015,ztfr,1120.935229645348,50.5584233945799,26.0615762166325,ab,465,28,
6,58749.52027780004,ztfr,963.522804418048,48.8184410378977,26.070578652518,ab,465,28,
7,58749.525289400015,ztfr,1035.1531268712588,48.533207339493615,26.0832846818006,ab,465,28,
8,58757.48609950021,ztfr,629.4412568897621,30.006200055024262,26.0727662038192,ab,465,28,
9,58757.50756940013,ztfr,616.3542548463514,32.67084599636072,26.1045761021442,ab,465,28,
10,58760.4838657002,ztfg,270.12716601070684,37.81784376049003,25.9931630933845,ab,465,28,
11,58760.516342599876,ztfr,632.6814823513697,31.74041657128527,26.1424958705516,ab,465,28,
12,58764.49666670011,ztfr,538.0172810891072,22.97095419889584,26.1045218107539,ab,465,28,
13,58764.5206133998,ztfg,221.7822846821698,16.755493857411448,26.0916580169354,ab,465,28,
14,58767.48591439985,ztfg,178.01903747694405,29.174846869681904,26.0223690249891,ab,465,28,
15,58770.483645800035,ztfr,472.6550078610829,62.48506033143279,26.1058720181487,ab,465,28,
16,58770.52616900019,ztfg,109.77805309903749,53.67791642487049,26.1373689621568,ab,465,28,
17,58775.516655100044,ztfg,115.30465279621852,34.11992014727027,26.171422505543,ab,465,28,
18,58779.502453700174,ztfg,45.83247478699303,25.828820082474294,26.1357588430311,ab,465,28,
19,58785.50201389985,ztfr,215.7062714185991,27.828081030201027,26.1510226776816,ab,465,28,
20,58785.524166699965,ztfg,95.16736720014079,16.74533049490742,26.1526107053386,ab,465,28,
21,58788.503692099825,ztfg,41.84398838872129,22.549771368836414,26.157676539572,ab,465,28,
22,58788.52659719996,ztfr,266.93512680348573,33.55235512333132,26.1743992248746,ab,465,28,
23,58791.526215299964,ztfg,59.51050567025965,16.573901610145718,26.193137464506,ab,465,28,
24,58794.54406249989,ztfg,72.15495377366817,15.436860313475295,26.1645679521014,ab,465,28,
