,time,band,flux,fluxerr,zp,zpsys,field,ccd,comment
0,58509.20954860002,ztfg,-58.629385604390656,52.89495529684185,26.1359606469197,ab,308,30,
1,58509.27201389987,ztfr,105.1595338558579,80.35688013927208,26.1799826780751,ab,308,30,
2,58524.23950230004,ztfg,-6.587661949351443,39.23994423510693,26.1700142350941,ab,308,30,
3,58539.191411999986,ztfr,4267.871946041255,53.26973235652089,26.1548344314015,ab,308,30,
4,58547.167951399926,ztfr,4268.443688833255,40.51236745750537,26.1520914032975,ab,308,30,
5,58560.123923600186,ztfr,2271.9827940295936,94.05599843055393,26.167726743142,ab,308,30,
6,58560.17059030011,ztfg,1370.3108489678746,87.83921005165915,26.1312942387147,ab,308,30,
