,time,band,flux,fluxerr,zp,zpsys,field,ccd,comment
0,59106.119641200174,ztfr,52.43973552942767,99.5237137909658,25.142241444903,ab,674,17,
1,59106.12434029998,ztfr,-37.31598609349701,55.49915053762004,25.1781408506446,ab,674,17,
2,59106.12902780017,ztfr,16.280913635538006,43.695276167135646,25.1485112322457,ab,674,17,
3,59106.13372689998,ztfr,29.531101480822556,59.17546530611312,25.1177792146932,ab,674,17,
4,59106.138414400164,ztfr,52.775421877964824,66.45570074960762,24.9937556154178,ab,674,17,
5,59109.12509260001,ztfi,-9.673372417402204,26.971210309563624,25.3146760995317,ab,674,17,
6,59110.11635420006,ztfr,33.3010948873429,41.39190615237096,25.9697135775906,ab,674,17,
7,59110.12106479984,ztfr,-31.98527620076546,34.661901539070314,25.9370559715044,ab,674,17,
8,59110.12576390011,ztfr,-8.61922887560505,33.803945923500045,25.9098435065622,ab,674,17,
9,59110.13046299992,ztfr,-2.1323910122836223,36.77668412339343,25.8713564348522,ab,674,17,
10,59110.13516200008,ztfr,-11.470476868878253,37.30091967003623,25.8467238599796,ab,674,17,
11,59168.55030089989,ztfi,779.6301742732,38.62115405782309,25.6871176412267,ab,674,17,
12,59178.50726850005,ztfg,478.5514974835208,20.426069195676664,26.117547692268,ab,674,17,
13,59180.48315969994,ztfg,-43.69448406900011,205.29261197353335,26.0475046693788,ab,674,17,
14,59180.5552662001,ztfr,1034.5866486042225,90.959563274902,26.2641906864196,ab,674,17,
15,59184.51468749996,ztfr,800.699602105107,54.26023831062491,26.2382050744448,ab,674,17,
16,59184.536585600115,ztfg,462.72758473174605,41.493991760957826,26.2091140858903,ab,674,17,
