,time,band,flux,fluxerr,zp,zpsys,field,ccd,comment
0,58800.53568289988,ztfr,436.74038977260915,39.89708522172439,26.0495582964501,ab,674,37,
1,58800.55512729986,ztfg,512.3219276069482,64.74749699575047,26.0051596616813,ab,674,37,
2,58804.51100690011,ztfg,287.94701409830134,108.76431431267862,25.8863213087288,ab,674,37,
3,58804.55701390002,ztfr,376.7684281161535,89.1983498535624,26.1081550528393,ab,674,37,
4,58828.504467600025,ztfi,464.5117988863161,67.49337899282646,26.9033921790189,ab,674,37,
5,58828.505613400135,ztfi,317.0433814418939,60.3578507900409,26.9102026823209,ab,674,37,
6,58828.55334489979,ztfg,88.7489946979615,68.67019305620917,26.2577578564847,ab,674,37,
7,58830.48819439998,ztfi,335.3768474174987,43.97314774418667,26.9001203241694,ab,674,37,
8,58831.4985301001,ztfi,79.65816578609642,107.99226052186263,26.8586283881392,ab,674,37,
9,58831.49967590021,ztfi,174.9911770983774,84.96191596588473,26.8667726852546,ab,674,37,
10,58831.56079859985,ztfg,43.802102930543455,61.30364350789266,26.2742544908958,ab,674,37,
11,58835.487222199794,ztfr,164.39027088200416,104.7926810844381,26.2169769181426,ab,674,37,
12,58835.541550899856,ztfi,240.20860811979242,75.99672412350488,26.92542928094,ab,674,37,
13,58835.552465300076,ztfg,112.92265753166404,43.75068657555139,26.2565278640358,ab,674,37,
14,58836.53785880003,ztfi,226.29244718067338,46.023368244593385,26.9244521104332,ab,674,37,
15,58837.53090280015,ztfi,250.18525739286963,87.54569370504937,26.8803856596925,ab,674,37,
16,58838.49449069984,ztfg,2.082404611963252,30.441212312307172,24.8942207505254,ab,674,37,
17,58838.531145799905,ztfi,31.288241303802288,57.33680397399487,25.7115100192629,ab,674,37,
18,58838.5524420999,ztfr,41.9665519510481,43.08380886457556,25.060820256873,ab,674,37,
