,time,band,flux,fluxerr,zp,zpsys,field,ccd,comment
0,58888.516099500004,ztfr,1036.9844092563383,224.68949785512464,26.2448982104243,ab,765,47,
1,58892.53734950023,ztfr,711.4555946248971,36.523360125359844,26.2746824006623,ab,765,47,
2,58892.55214119982,ztfg,499.12025859461187,37.17419512251583,26.2687673931098,ab,765,47,
3,58895.51711810008,ztfr,588.3940415634089,30.20599157014409,26.1969599423226,ab,765,47,
4,58895.54513890017,ztfg,385.2963104004356,28.508271587575315,26.2891619347338,ab,765,47,
5,58900.51356479991,ztfr,255.31235468131356,28.129283339401077,25.4200314653588,ab,765,47,
6,58905.52655090019,ztfg,148.41456241280048,68.57290219433277,26.2744991913789,ab,765,47,
7,58912.48892359994,ztfr,388.8525788289506,26.406205163258825,26.2623018438984,ab,765,47,
8,58912.53131939983,ztfg,122.82933410805097,13.121919213444801,26.2615933348578,ab,765,47,
9,58915.48879629979,ztfg,20.088834913247723,67.44297044839345,23.3996324948881,ab,765,47,
10,58915.5271528,ztfr,319.98565523569295,21.07345075834688,26.2414835863661,ab,765,47,
