,time,band,flux,fluxerr,zp,zpsys,field,ccd,comment
0,58749.50689810002,ztfg,604.3955078831693,52.16364051194692,25.6385687960598,ab,361,3,
1,58757.48754630005,ztfr,2628.9384371651036,55.1637351921306,25.772916864415,ab,361,3,
2,58757.50664350018,ztfr,2653.2229417389367,39.11237209040667,25.8112231876732,ab,361,3,
3,58760.48293979978,ztfg,2920.723462260639,44.90533583271526,25.7227322109677,ab,361,3,
4,58760.508564800024,ztfr,2966.9911030375342,52.534913692115424,25.8335353088937,ab,361,3,
5,58764.49802079983,ztfr,3093.231885374621,35.484500938773344,25.7999717708082,ab,361,3,
6,58767.48320600018,ztfg,2808.957268534482,59.84233556366006,25.7573361304414,ab,361,3,
7,58770.499594899826,ztfr,2627.12289214476,57.748204601307805,25.8261618346873,ab,361,3,
8,58771.47672449984,ztfr,2339.9296654387354,226.92788939135067,25.8228637168838,ab,361,3,
9,58775.51304400014,ztfg,2014.8255555557196,44.36944934872015,25.9077713907359,ab,361,3,
10,58778.53031249996,ztfg,1537.0972089213135,58.23760554171686,25.9280243140929,ab,361,3,
11,58781.46028940007,ztfg,1136.0122568556474,82.42061265643503,25.8523461601174,ab,361,3,
12,58783.52652780013,ztfr,1745.8424062171457,55.030363816594395,25.8883178823078,ab,361,3,
13,58784.48295139987,ztfg,870.5958480552436,72.87837760603286,25.8490724636161,ab,361,3,
14,58784.52226850018,ztfr,1334.1923282381474,210.94215688523101,25.6552044415872,ab,361,3,
15,58787.522118099965,ztfr,1647.420399195326,57.66367243082349,25.8956463984783,ab,361,3,
16,58790.50497689983,ztfr,1552.179821433273,35.339026827345705,25.8885094447443,ab,361,3,
17,58790.524536999874,ztfg,603.855627676659,27.56924788503226,25.9422262680345,ab,361,3,
18,58793.50173609983,ztfr,1349.443025579973,38.56228252752353,25.8758295103737,ab,361,3,
19,58796.427743100096,ztfr,1141.1870433899978,78.87978353360623,25.85341886292,ab,361,3,
20,58799.525381899904,ztfg,359.2639484697833,51.59419939273536,25.9467068149133,ab,361,3,
21,58803.435046299826,ztfr,819.0267162677579,53.199359242711225,25.8568152196785,ab,361,3,
22,58803.43594910018,ztfr,807.7604143125537,48.22954114362723,25.8644489833195,ab,361,3,
23,58806.463657400105,ztfg,276.5545494842233,41.1717393811008,25.929013100787,ab,361,3,
24,58806.490266200155,ztfr,678.7958002552631,57.181623010067945,25.8910100664798,ab,361,3,
25,58812.41888889996,ztfg,278.5097156153396,25.922876526063146,25.90779040225,ab,361,3,
