,time,band,flux,fluxerr,zp,zpsys,field,ccd,comment
0,58303.20113429986,ztfg,-0.54138812238229,13.333822481061082,26.179811683035,ab,755,47,
1,58306.17527779983,ztfr,33.00051349684531,27.498200243009773,26.045685686315,ab,755,47,
2,58306.22415510006,ztfg,-38.93463824264351,17.63591839476786,25.9634202122997,ab,755,47,
3,58319.21186339995,ztfr,-4.613150788840786,40.00373014114067,26.1218986449284,ab,755,47,
4,58325.215983800124,ztfr,641.8556381252664,54.897813834935576,26.0501127942225,ab,755,47,
5,58333.181481500156,ztfg,1690.2997605769724,27.764674381763978,25.9978452253802,ab,755,47,
6,58336.17914350005,ztfg,2033.2353628101112,29.299668566908263,26.0774859006177,ab,755,47,
7,58336.202372699976,ztfr,2184.317558032352,40.336204250366514,26.1596113080888,ab,755,47,
8,58348.158703700174,ztfg,1000.4124084138215,46.44997462001399,25.9152119251889,ab,755,47,
