,time,band,flux,fluxerr,zp,zpsys,field,ccd,comment
0,58941.25037040003,ztfg,76.10135726429081,29.09042921772432,26.2625621798255,ab,1569,19,
1,58963.2281944002,ztfg,15233.72651411117,51.00514264223977,26.2216577282134,ab,1569,19,
2,58963.22909720009,ztfg,15243.290190342175,51.00531974320779,26.2206900709968,ab,1569,19,
3,58965.248749999795,ztfg,14776.300590974794,50.282740437834256,26.2514952252301,ab,1569,19,
4,58965.249201400205,ztfg,14671.629679593454,50.022340772239176,26.2549278675336,ab,1569,19,
5,58967.2438542,ztfg,13282.33469975887,49.197753338430985,26.226535263944,ab,1569,19,
6,58967.24430559995,ztfg,13280.853963013536,49.950015747247036,26.2280801931635,ab,1569,19,
