,time,band,flux,fluxerr,zp,zpsys,field,ccd,comment
0,58761.50961809978,ztfr,662.6647427093246,25.088534111007213,26.1064358874012,ab,1511,33,
1,58761.51006940007,ztfr,626.1173781895619,23.06461093679404,26.1048790703486,ab,1511,33,
2,58770.456192099955,ztfr,567.4847226659924,46.1704706403078,26.0425140405108,ab,1511,33,
3,58770.4566434999,ztfr,626.6651207351057,45.215837914781986,26.0485465886167,ab,1511,33,
4,58771.46236110013,ztfr,786.1570739961957,116.42956066750683,26.0686738239217,ab,1511,33,
5,58771.462812500075,ztfr,723.3912158969019,100.58238710948004,26.0883887145923,ab,1511,33,
6,58783.49476849986,ztfr,404.0142115392379,38.94274209759764,26.1309111864312,ab,1511,33,
7,58783.49612270016,ztfr,331.6129306790704,51.692107528516075,26.118432982125,ab,1511,33,
8,58784.54711809987,ztfr,568.7193323881881,179.8238661045335,26.1535141994253,ab,1511,33,
