,time,band,flux,fluxerr,zp,zpsys,field,ccd,comment
0,58558.25020830007,ztfr,48.405337459478666,56.86391691472969,26.1345169397583,ab,1827,37,
1,58580.36835649982,ztfr,544.0009703752972,26.82002578280694,26.1625795783937,ab,1827,37,
2,58589.236226900015,ztfr,716.9087025202704,45.16614116453351,25.8731027435863,ab,1827,37,
3,58592.30699069984,ztfr,868.3454546188663,49.31887529742515,26.1553305829386,ab,1827,37,
4,58593.29924769979,ztfr,953.6291851654059,36.55063082823786,26.1884061657169,ab,1827,37,
5,58602.290983799845,ztfr,639.4821582165914,26.234865989597083,26.1554015675517,ab,1827,37,
6,58606.26835650019,ztfr,530.9803184146764,15.762914476305413,26.1391145294338,ab,1827,37,
7,58618.20716439979,ztfr,377.49515158280667,21.705048979243998,26.1560064087564,ab,1827,37,
8,58634.32466439996,ztfr,146.8184338559536,12.868933762729325,26.113556113133,ab,1827,37,
9,58634.32511569979,ztfr,165.6649535528329,11.600272257724216,26.1153619349435,ab,1827,37,
