,time,band,flux,fluxerr,zp,zpsys,field,ccd,comment
0,58831.35726850014,ztfg,-711.1318656398008,443.20572731105415,28.1439384206211,ab,257,25,
1,58861.29475690005,ztfr,4917.982891614469,155.59831229806764,26.2388786893638,ab,257,25,
2,58861.33769680001,ztfg,4128.592622559854,236.62154988523963,26.1059089444742,ab,257,25,
3,58871.20782409981,ztfg,2649.775594231233,43.32485786921648,26.1681397943862,ab,257,25,
4,58872.20925930003,ztfg,2483.0920181226234,30.924442175422058,26.1794718772178,ab,257,25,
5,58872.25281250011,ztfr,3034.7765549282194,41.2851458246436,26.2465521857454,ab,257,25,
6,58876.18883100012,ztfg,1659.968501365955,27.098150229787,26.1172797213676,ab,257,25,
7,58876.25182869984,ztfr,2602.58800396633,37.72380082379497,26.2295899612487,ab,257,25,
8,58879.167407399975,ztfg,1165.25525610311,71.361850778268,26.1374698224564,ab,257,25,
9,58882.188530100044,ztfr,2516.9547537384124,67.84547441324945,26.246659362082,ab,257,25,
10,58885.167754599825,ztfr,1913.2477463159435,178.48122590781975,26.080640982786,ab,257,25,
11,58885.254525499884,ztfg,337.0680506333601,188.7033856361733,25.8452967421806,ab,257,25,
12,58888.248634300195,ztfg,680.1300858025915,183.16051264078857,26.1426709243574,ab,257,25,
13,58891.252152800094,ztfr,1854.454414676077,60.04003916164996,26.215353649939,ab,257,25,
14,58894.167685199995,ztfg,449.0968228342266,24.232842008307237,26.1395600038258,ab,257,25,
15,58894.21120369993,ztfr,1675.6335325232676,38.968296777213894,26.2206585659057,ab,257,25,
16,58900.1270486,ztfg,185.71387380375305,40.567907026344265,25.4666573360799,ab,257,25,
17,58900.178669000044,ztfr,1046.1976748425843,49.769013025263554,25.9361813536944,ab,257,25,
18,58905.14864580007,ztfg,326.2579302571612,51.72301911036163,26.1302862788057,ab,257,25,
19,58905.168831000105,ztfr,1045.5068543214436,123.04861771450003,26.2170036011479,ab,257,25,
