,time,band,flux,fluxerr,zp,zpsys,field,ccd,comment
0,58582.23121530004,ztfr,27.758589661596908,29.221887762115028,26.1016956817067,ab,269,41,
1,58585.251863399986,ztfg,-2.964768008463414,29.72755135103019,26.1003194740336,ab,269,41,
2,58588.20944439992,ztfg,-43.24165578483451,65.46825857218025,24.977501738948,ab,269,41,
3,58588.33706020005,ztfr,25.75815354540514,154.75797708007477,24.301549017135,ab,269,41,
4,58593.24974540016,ztfr,575.0291834825548,141.21008227516108,26.2409132493244,ab,269,41,
5,58600.2697222,ztfg,7836.727556306492,102.48383573351242,28.5948196707315,ab,269,41,
6,58601.25203699991,ztfr,1002.1467692802493,30.70257359011227,26.2042501587141,ab,269,41,
7,58607.22891200008,ztfr,1071.4392033298623,36.1473940784063,26.1427591562594,ab,269,41,
8,58617.17043979978,ztfg,573.2732345915607,63.19727440368335,26.07771853794,ab,269,41,
9,58617.23016199982,ztfr,870.7776099047129,65.56892407073072,26.1436514227631,ab,269,41,
