,time,band,flux,fluxerr,zp,zpsys,field,ccd,comment
0,58427.41266199993,ztfg,183.8995497538382,25.545527537046663,25.6611368912394,ab,1820,31,
1,58430.3880671002,ztfg,349.32673917954594,13.850293204103558,26.1761377794977,ab,1820,31,
2,58434.55291670002,ztfg,458.44495083664157,59.63259687239254,26.2557390456284,ab,1820,31,
3,58439.3462731,ztfr,288.9637511055126,19.12777183207007,25.9486429962806,ab,1820,31,
4,58439.446840300225,ztfg,286.5265587328016,12.332756938600035,25.9664610938678,ab,1820,31,
5,58442.34577549994,ztfr,228.01409503004479,45.86075154539789,25.7420403006692,ab,1820,31,
6,58443.3306828998,ztfg,198.44267838593072,38.94291815133971,26.1186829054299,ab,1820,31,
7,58448.432407400105,ztfr,272.6421182868698,41.792601277622246,26.2079096884418,ab,1820,31,
8,58449.4230324002,ztfr,255.83235550192967,31.768837448384907,26.2218642940835,ab,1820,31,
9,58455.53236109996,ztfr,129.7503604772378,24.826639321745873,25.5609421848721,ab,1820,31,
10,58476.42886570003,ztfr,42.66133031688122,37.305443174442914,26.2424982073333,ab,1820,31,
11,58481.45230320003,ztfr,44.766031961894086,32.17564396107615,26.2312349112586,ab,1820,31,
12,58482.55081020016,ztfg,31.993897735373075,20.03098387944262,26.2267312701622,ab,1820,31,
13,58487.47329859994,ztfg,42.50396094619079,14.61359469509256,26.2506611696603,ab,1820,31,
