,time,band,flux,fluxerr,zp,zpsys,field,ccd,comment
0,58941.48380789999,ztfg,35.07316609231709,53.38570047453951,26.0759873745426,ab,334,20,
1,58941.5254861,ztfr,79.25258901747672,112.75038381977647,26.2877200832356,ab,334,20,
2,58966.43870369997,ztfg,497.03496868851806,28.169616230734853,26.1483827585996,ab,334,20,
3,58966.46002310002,ztfr,788.6273038963815,75.92116237426144,26.2468501456121,ab,334,20,
4,58970.41780090006,ztfr,953.9105626171402,49.080259405975085,26.3196300383643,ab,334,20,
5,58970.4596644002,ztfg,700.0090201690837,35.074683866507016,26.2482355466901,ab,334,20,
6,58976.35556709999,ztfr,976.4757332872201,137.5914609413712,26.2198001712897,ab,334,20,
7,58976.4506019,ztfg,631.2849076498612,110.08837313181859,26.2570510531916,ab,334,20,
8,58987.3753819,ztfr,562.5406845294633,31.945029859514815,26.3253677784523,ab,334,20,
9,58987.42835649988,ztfg,274.509043043843,22.173822830488167,26.24919762179,ab,334,20,
10,58993.39422449982,ztfr,511.7993398067353,35.31442492000023,26.3003342488892,ab,334,20,
11,58997.396794000175,ztfg,100.74733002062553,23.233493187889543,26.2383633254052,ab,334,20,
12,58997.43892360013,ztfr,502.63884689249306,32.25234208386079,26.3541829935512,ab,334,20,
13,59001.37576390011,ztfg,35.11766173822505,42.47514428357194,26.2520926294434,ab,334,20,
14,59001.48221059982,ztfr,503.39467540647314,62.69202316538244,26.0523100645319,ab,334,20,
15,59011.3000810002,ztfg,44.035868276632115,29.811668094331,25.6296981428019,ab,334,20,
16,59011.35296300007,ztfr,335.6728726308239,76.4491903171275,26.3314301574666,ab,334,20,
17,59017.31450230023,ztfg,10.100641796609501,24.435720759325136,26.2493627982039,ab,334,20,
18,59024.253541700076,ztfr,114.76719717637783,34.607285968749515,26.1938997322999,ab,334,20,
19,59024.357222199906,ztfg,-24.63455551704443,28.94862912705555,25.4191137272359,ab,334,20,
