,time,band,flux,fluxerr,zp,zpsys,field,ccd,comment
0,58447.545289400034,ztfr,4989.584671373659,214.35797220788768,26.2561007224931,ab,528,43,
1,58447.5503934999,ztfr,4741.171023037679,119.60560386165612,26.2518959240953,ab,528,43,
2,58447.55549769988,ztfr,4739.154501388176,174.79883589079782,26.2500005186789,ab,528,43,
3,58447.56061339984,ztfr,4735.664719010613,153.95197984025708,26.24810445429,ab,528,43,
4,58449.538368099835,ztfr,4378.333085119743,52.28275696442075,26.2576984380888,ab,528,43,
5,58449.547592599876,ztfr,4574.283958020665,55.329175574775654,26.2680020416812,ab,528,43,
6,58449.55256940005,ztfr,4411.603048943063,50.14546920117635,26.2640758292569,ab,528,43,
7,58449.55754629988,ztfr,4517.029603556726,56.35113375355065,26.2644730509807,ab,528,43,
8,58449.56253470015,ztfr,4668.530562247705,83.15960371434646,26.2860176181839,ab,528,43,
9,58450.54868059978,ztfr,4421.440648055575,49.22702949761223,26.2714628307263,ab,528,43,
10,58450.553460599855,ztfr,4360.82007097201,49.755243749947525,26.2767144754118,ab,528,43,
11,58450.55824070005,ztfr,4432.150036215008,50.83503588178829,26.2871370729998,ab,528,43,
12,58450.5630092998,ztfr,4568.687624975767,62.18057914185498,26.2903020077948,ab,528,43,
