,time,band,flux,fluxerr,zp,zpsys,field,ccd,comment
0,58850.4827083,ztfr,45.213400359494095,39.98408106764816,26.2221428091263,ab,370,37,
1,58853.50104170013,ztfg,0.2619963367212178,14.286065636082409,26.2247066136431,ab,370,37,
2,58856.532349499874,ztfg,27.419071608824407,28.58253876690991,26.2276770138504,ab,370,37,
3,58861.52249999996,ztfr,-19.66502588547919,88.13116747479019,26.2202470334813,ab,370,37,
4,58873.41685190005,ztfg,715.6679992788993,19.848464783396174,25.8757042199097,ab,370,37,
5,58873.50417819992,ztfr,855.3231496051386,26.7885197786972,26.2123563970562,ab,370,37,
6,58876.350891199894,ztfr,1079.5767591171345,25.037632903130795,26.15127731468,ab,370,37,
7,58876.50527779991,ztfg,1350.4127327129695,22.447303920244497,26.195967408851,ab,370,37,
8,58880.43836810021,ztfg,1642.9532190015764,25.47744046927646,26.2100333469263,ab,370,37,
9,58885.43975690007,ztfg,1616.769023142768,64.2049107662171,26.2114518185885,ab,370,37,
10,58885.483703699894,ztfr,1587.3600872808488,66.7259206941246,26.2273136795792,ab,370,37,
11,58888.294675900135,ztfg,1019.05500216358,132.21433883131138,26.0146255517935,ab,370,37,
12,58892.503911999986,ztfr,1155.375607408886,52.32402066864529,26.2049214710493,ab,370,37,
13,58895.397708300035,ztfg,883.1601959504907,29.670922336283258,26.1810723602382,ab,370,37,
14,58895.43778940011,ztfr,1113.4921918213706,29.67785863410047,26.224240339236,ab,370,37,
15,58899.334074100014,ztfr,890.2707311476972,22.551124735258696,26.2067340511318,ab,370,37,
16,58899.37582179997,ztfg,611.8318956648664,20.817354470557422,26.195155179101,ab,370,37,
17,58905.29273150023,ztfg,311.9329084813246,49.50901998447154,26.1011173800895,ab,370,37,
18,58912.272060200106,ztfg,174.09672545882012,40.05744422950665,26.0823349755047,ab,370,37,
19,58912.39909720002,ztfr,699.645919804705,33.54758866007152,26.1981411052889,ab,370,37,
20,58915.376377299894,ztfr,568.910652118631,35.6718011237158,26.2165255519855,ab,370,37,
21,58915.4421064998,ztfg,150.24415520191516,48.53057095309123,26.1156947389002,ab,370,37,
