,time,band,flux,fluxerr,zp,zpsys,field,ccd,comment
0,58801.52174769994,ztfr,-54.68378134975558,105.50728642685822,24.8056311444197,ab,264,40,
1,58831.54288189998,ztfr,716.7816402180349,103.94347883020971,26.3432033783198,ab,264,40,
2,58831.54429400014,ztfg,955.4800305074808,171.1723653217909,26.25806698067,ab,264,40,
3,58837.438298599795,ztfr,544.4491844877209,141.69705394218474,26.3323279799537,ab,264,40,
4,58837.4808565001,ztfg,864.7046490514906,70.91585674895353,26.2577397960921,ab,264,40,
5,58851.45938660018,ztfr,418.5064198603409,51.7995936042207,26.2581052573619,ab,264,40,
6,58851.50253470009,ztfg,314.58574732520157,56.85097820680766,25.7267906719052,ab,264,40,
7,58854.48128469987,ztfg,572.7312567884092,116.42804121861525,26.2203956134079,ab,264,40,
8,58876.334074100014,ztfr,196.3569334270346,29.383789784419815,26.3269337145827,ab,264,40,
9,58886.292384299915,ztfr,131.10798498230548,76.36988126862839,26.3426683835839,ab,264,40,
10,58886.419444399886,ztfg,6.839604401603808,137.2873078053322,26.1912196651693,ab,264,40,
