,time,band,flux,fluxerr,zp,zpsys,field,ccd,comment
0,58972.25336810015,ztfg,-30.47793001868675,35.57260533764536,26.2752141960372,ab,373,50,
1,58977.25100689987,ztfr,-14.57770675988258,182.0945565681439,25.3781674194274,ab,373,50,
2,58977.33567130007,ztfg,111.58882518966172,166.66280063784885,25.5720216996641,ab,373,50,
3,58980.2198379999,ztfg,-13.84323190118916,11.099196860403593,26.2406538966098,ab,373,50,
4,58980.27152779978,ztfr,10.305624535502728,23.061468174474133,26.2346423922367,ab,373,50,
5,58986.25321759982,ztfr,-4.703830678846976,18.437194330096304,26.2416620938944,ab,373,50,
6,58992.188530100044,ztfg,1348.9642779095286,21.36131736739269,26.2520941494116,ab,373,50,
7,58992.23052080022,ztfr,1202.5637441080182,20.392139001939977,26.2229001314411,ab,373,50,
8,58995.16776619991,ztfg,3484.47689638558,31.91629672445177,26.2357759602983,ab,373,50,
9,58998.18990739994,ztfg,5951.633473252527,35.39435271286355,26.2664318329844,ab,373,50,
10,58998.210266199894,ztfr,4598.535254930026,35.72537327968495,26.2026104847664,ab,373,50,
11,59005.19864579989,ztfg,8803.274553137073,92.57538331310776,26.2047726974334,ab,373,50,
12,59005.2532060002,ztfr,7606.2061205805985,66.89539834773664,26.2570548952571,ab,373,50,
13,59011.20211810013,ztfg,7907.8445415093665,39.218052552262954,26.16771954841,ab,373,50,
14,59011.23407409992,ztfr,7025.98414961002,39.880316605223534,26.1753634120141,ab,373,50,
15,59014.19706019992,ztfg,8086.8722561094855,39.46152962464578,26.3280246939015,ab,373,50,
16,59017.215983800124,ztfg,6586.336165730036,36.83456929058298,26.2960407055347,ab,373,50,
17,59017.233379600104,ztfr,5655.439886202532,35.054673467009856,26.2466599009235,ab,373,50,
18,59020.19592589978,ztfg,5120.622171503082,32.22906977389184,26.2482743295061,ab,373,50,
19,59020.23451389978,ztfr,4471.819157217047,31.773439939473132,26.1990972269445,ab,373,50,
20,59023.212534700055,ztfg,3963.2294228442897,31.904500864531133,26.2540825023616,ab,373,50,
21,59026.21432870021,ztfg,2486.6235188989344,46.042767585841744,25.9745778794548,ab,373,50,
22,59037.186817099806,ztfr,3333.2544930634303,49.758570672603014,26.2553129572552,ab,373,50,
23,59037.237430599984,ztfg,1381.2834972815904,132.4366457664746,26.2157209730799,ab,373,50,
