,time,band,flux,fluxerr,zp,zpsys,field,ccd,comment
0,58900.49887729995,ztfr,-64.58258704205224,31.470638824433426,22.8521889077728,ab,375,20,
1,58912.46028940007,ztfr,-88.17363822568106,27.763078858140428,26.2458303331954,ab,375,20,
2,58912.504247699864,ztfg,-21.68848962894565,17.635653714624226,26.2028517211633,ab,375,20,
3,58915.417951399926,ztfr,31.496691688150655,44.19085816936003,26.1778548061984,ab,375,20,
4,58915.4791898001,ztfg,79.93114688253695,45.83920662356943,26.248130407485,ab,375,20,
5,58937.38519679988,ztfg,1805.1398337468565,21.66343381474709,26.1845545320417,ab,375,20,
6,58940.37733800011,ztfg,905.3135638134788,21.129878825490568,25.6218463729111,ab,375,20,
7,58943.40797450021,ztfg,1420.0566928144701,38.63303448579074,26.2092642360355,ab,375,20,
8,58956.313530100044,ztfr,1017.7047342151903,24.49821609328139,26.2044946283691,ab,375,20,
9,58963.27509259991,ztfg,289.66925362067406,19.293173362504675,26.1818312980655,ab,375,20,
10,58966.336331000086,ztfr,67.50223009542577,32.36442141629342,23.567100174139,ab,375,20,
11,58969.24934029998,ztfg,126.08981769693688,19.501202041437388,25.6637387106138,ab,375,20,
12,58972.27210649988,ztfg,71.16668089557372,35.57489226671236,26.1930139652152,ab,375,20,
13,58972.35721059982,ztfr,587.0123556073113,33.8860156248101,26.2573030336893,ab,375,20,
14,58978.28605319979,ztfr,391.8381051025789,58.78047608409012,26.1800802880902,ab,375,20,
15,58978.37723380001,ztfg,78.06115430071371,99.3041671836711,25.5990800518656,ab,375,20,
16,58981.291828699876,ztfr,438.7502961540699,33.88705261773791,26.2615455770005,ab,375,20,
17,58981.29340279987,ztfg,93.53381050935528,31.603572640208544,26.2338152563602,ab,375,20,
