,time,band,flux,fluxerr,zp,zpsys,field,ccd,comment
0,58539.468032400124,ztfg,10.481968726825642,55.31735548845677,23.8037311854634,ab,727,37,
1,58557.4905555998,ztfg,1713.417431359274,67.73388966746933,26.1027930155954,ab,727,37,
2,58560.452442099806,ztfr,1680.5001583960611,43.5851659604555,26.2018152361156,ab,727,37,
3,58572.43208329985,ztfr,909.9352582539965,25.2441410848657,26.056089052949,ab,727,37,
4,58572.50428240001,ztfg,544.6492208251541,28.02611137864821,26.1861035471991,ab,727,37,
5,58575.46606480004,ztfr,428.0541469130195,25.65022958485659,25.4149290574426,ab,727,37,
6,58575.51406250009,ztfg,36.51875622291823,27.016545523266544,24.1492314997029,ab,727,37,
7,58580.489340300206,ztfr,703.670434960233,21.971758008187585,26.0285405313966,ab,727,37,
8,58584.48920139996,ztfg,177.42119848875745,20.483527527776435,26.1625038417483,ab,727,37,
9,58584.514884300064,ztfr,691.4041469341327,28.740376411510823,26.1794526775561,ab,727,37,
10,58587.494907400105,ztfg,137.4546453078771,19.53083408713103,25.8928940307341,ab,727,37,
11,58587.513749999925,ztfr,243.6739116748232,35.955271419535535,25.3593498504173,ab,727,37,
12,58591.467731500044,ztfr,444.70033777263444,45.353677833218356,26.1800870477234,ab,727,37,
13,58596.43299769983,ztfr,367.6344126136348,39.26094127581298,26.191274770283,ab,727,37,
14,58605.45648150006,ztfr,281.6230939683986,17.741528889724528,26.169260514361,ab,727,37,
15,58605.49444440007,ztfg,96.13533779073789,24.255417568417517,26.0746642502253,ab,727,37,
