,time,band,flux,fluxerr,zp,zpsys,field,ccd,comment
0,58471.50083329994,ztfg,-25.691178800512535,48.59968689499467,26.3340086891288,ab,419,8,
1,58475.5236343001,ztfg,-27.024539560038992,47.685060889347184,26.3133808646503,ab,419,8,
2,58476.495243099984,ztfr,-37.49062240948832,38.47829153880025,26.2204644629302,ab,419,8,
3,58481.48104170011,ztfr,-25.10828363770473,39.65905891134914,26.1932810218687,ab,419,8,
4,58481.52201389987,ztfr,-4.9928167217908355,38.17903450327877,26.2019873645148,ab,419,8,
5,58487.43454860011,ztfr,63.96554129584399,21.168224502766485,26.19596313421,ab,419,8,
6,58487.4818519,ztfg,75.36883378976044,12.536651228236394,26.2952978752846,ab,419,8,
7,58491.477928199805,ztfg,139.1079709535989,32.33063436404485,25.5277401206562,ab,419,8,
8,58494.45777780004,ztfr,442.27282274492933,21.293418662818713,26.1998727591717,ab,419,8,
9,58494.47767359996,ztfg,562.5631754386089,15.536841788357714,26.2873513354244,ab,419,8,
10,58502.502430600114,ztfr,661.1101040744892,99.20746265328837,26.0824907556801,ab,419,8,
11,58505.51966439979,ztfr,814.0050369821336,186.7465665208769,26.1935430982897,ab,419,8,
12,58508.4609375,ztfr,713.7047985301058,79.86652613729352,26.2024788191344,ab,419,8,
13,58508.54201389989,ztfg,1033.982094650259,194.9511981023725,26.200578179334,ab,419,8,
14,58511.39989579981,ztfr,742.7010849085633,26.94207426439145,26.2093230879648,ab,419,8,
15,58511.42037039995,ztfg,664.2050722125656,22.746179900029603,26.2557301830655,ab,419,8,
16,58514.40179400006,ztfr,130.5906094532706,21.087054986687054,24.4429833888234,ab,419,8,
17,58514.45862270007,ztfg,57.58946748914796,17.899199999363077,24.0499066844352,ab,419,8,
18,58523.42104170006,ztfg,-14.861289262898854,26.95898533378375,23.112479262747,ab,419,8,
19,58538.247511600144,ztfr,12.07499777405145,34.09562130615503,24.2159861945748,ab,419,8,
20,58538.314375000075,ztfg,80.33333338437856,25.702035621683503,25.6655514970089,ab,419,8,
21,58543.2645370001,ztfr,93.719672719557,22.345666596046872,25.0182166114891,ab,419,8,
22,58543.27718750015,ztfg,52.49794493755787,17.336563201830224,24.9288037309871,ab,419,8,
23,58556.27379629994,ztfr,161.51322012504113,30.765968065715338,26.1557820516902,ab,419,8,
24,58556.338379600085,ztfg,60.32380507672771,61.34567312406295,26.2456761503125,ab,419,8,
