,time,band,flux,fluxerr,zp,zpsys,field,ccd,comment
0,58468.41312499996,ztfg,-29.383839195086967,16.94135421860947,26.2597953183537,ab,1745,31,
1,58471.20347219985,ztfr,90.29139294138623,65.59056296956675,25.9695284071044,ab,1745,31,
2,58472.27707180008,ztfr,18.612322838062337,39.97786268601509,26.2619739407429,ab,1745,31,
3,58476.4264814998,ztfr,128.6804114080779,68.57622730244215,26.1677831665617,ab,1745,31,
4,58481.458472200204,ztfr,420.5937023803943,64.81674451323457,26.2185301085161,ab,1745,31,
5,58488.24600689998,ztfg,2361.3410955934933,23.17133240299405,26.1412880260835,ab,1745,31,
6,58492.223263899796,ztfg,251.73022715007255,29.32433412512427,23.455780374227,ab,1745,31,
7,58492.28591440013,ztfr,1430.1596961219134,30.609698831271977,25.4124953183994,ab,1745,31,
8,58495.22208329989,ztfg,3765.156383093227,35.246967251316626,26.1613890950095,ab,1745,31,
9,58505.24641200015,ztfg,3170.836393603338,98.56479374593653,26.2633674456502,ab,1745,31,
10,58507.29109949991,ztfr,2495.173378302126,32.962687687872446,26.2539498554216,ab,1745,31,
11,58508.277384299785,ztfr,2293.350321621782,43.78503794764974,26.2433596122221,ab,1745,31,
12,58510.26296300022,ztfr,1637.2800478313968,37.978457927197084,25.9690605577166,ab,1745,31,
13,58534.31059029978,ztfg,282.444036599507,110.27387564971815,26.1511200964146,ab,1745,31,
14,58540.18394679995,ztfg,317.20742097159774,16.107116732571413,26.2570701865881,ab,1745,31,
15,58540.23267359985,ztfr,700.3910523427974,18.70004550501208,26.2251515820391,ab,1745,31,
16,58547.12085650023,ztfr,568.4826977939744,20.03865064762603,26.2215787498525,ab,1745,31,
