,time,band,flux,fluxerr,zp,zpsys,field,ccd,comment
0,58872.232303199824,ztfg,-8.41075444639579,21.132911268225516,26.09982333471,ab,363,21,
1,58875.272083300166,ztfr,-3.5473132367037135,17.77759035193091,26.1821072472259,ab,363,21,
2,58878.25454859994,ztfg,-21.137667396710878,83.68773971683464,26.1640796067392,ab,363,21,
3,58881.25003470015,ztfg,-21.638605703537575,38.99622105038006,26.1849813196573,ab,363,21,
4,58881.31447920017,ztfr,33.13776307486457,29.659510593828703,26.2578349621838,ab,363,21,
5,58884.21238429984,ztfr,-23.008414229021255,122.20832110416112,26.2051769553647,ab,363,21,
6,58884.29310189979,ztfg,121.04511350877118,107.0226788059346,26.2311145540399,ab,363,21,
7,58888.2722800998,ztfg,-86.4352397545474,113.71481192879446,26.2569669048615,ab,363,21,
8,58891.27483800007,ztfr,24.40375067941177,43.75012358913122,26.2594422490058,ab,363,21,
9,58894.25170140015,ztfr,86.73118393830254,17.088141016993642,26.2316609408987,ab,363,21,
10,58894.29474540008,ztfg,45.53742886754192,19.910971278397927,26.2026622239257,ab,363,21,
11,58898.25100689987,ztfg,183.65681006253945,15.279491406762437,26.1783645328146,ab,363,21,
12,58898.29354170011,ztfr,206.69647432074458,25.88555085221355,26.2071729029146,ab,363,21,
13,58904.20976850018,ztfr,357.5487890609609,23.866166171336893,26.1990169309547,ab,363,21,
14,58904.25402780017,ztfg,473.6179906884753,21.349040189765834,26.1533924258652,ab,363,21,
15,58911.2120254999,ztfr,543.4164611912108,68.56396870924851,26.2086220501016,ab,363,21,
16,58914.161620399915,ztfr,71.97165045110742,104.2874404065349,25.4411594945022,ab,363,21,
17,58914.20972219994,ztfg,294.3462683882774,59.15530875291402,25.8585062974174,ab,363,21,
18,58940.19020830002,ztfr,120.18975574439747,63.912021535655946,24.850533636817,ab,363,21,
19,58956.16783560021,ztfr,89.62381423118879,22.21664734356562,26.2015162909992,ab,363,21,
20,58956.20987269981,ztfg,47.61711695308265,20.073686685978974,26.107833670826,ab,363,21,
21,58964.159826400224,ztfg,31.591161177934833,21.693886706938336,26.1237156630214,ab,363,21,
22,58964.2104282002,ztfr,16.786337261053298,30.362198720293446,26.0981484804511,ab,363,21,
