,time,band,flux,fluxerr,zp,zpsys,field,ccd,comment
0,58539.25182869984,ztfg,103.101909152891,40.071295760410436,24.959128566199,ab,313,37,
1,58539.2948264,ztfr,146.34338803065953,30.530538769309487,25.4639355590103,ab,313,37,
2,58543.25218749978,ztfr,372.56011785415586,33.50493344257126,25.6111612056153,ab,313,37,
3,58543.27398149995,ztfg,163.38754343501387,49.30138031409708,24.7336617890741,ab,313,37,
4,58557.172951399814,ztfg,947.7259971111902,222.62016207351456,26.1149597663719,ab,313,37,
5,58557.23557869997,ztfr,917.0861542528298,104.1468085067005,26.1639301724807,ab,313,37,
6,58560.210196800064,ztfg,793.2300649327269,104.39920379395525,26.1585798189285,ab,313,37,
7,58560.31769679999,ztfr,703.61797032203,77.49635619504636,26.1485791878506,ab,313,37,
8,58568.18966440018,ztfg,337.77429608882073,18.266241744887324,25.9898070815969,ab,313,37,
9,58573.226111100055,ztfg,236.04235246802966,26.532005627738624,26.0286456631178,ab,313,37,
10,58573.234548599925,ztfr,490.76766645720693,29.64853895796506,26.0968906891031,ab,313,37,
11,58584.150925899856,ztfr,348.414345630489,60.201949913902475,26.1076542598662,ab,313,37,
12,58584.18925930001,ztfg,43.10562548784888,48.74532005283099,26.0534303109528,ab,313,37,
13,58587.18812499987,ztfg,86.06281931355745,55.14324800844192,26.0087651999164,ab,313,37,
14,58592.16789350007,ztfg,24.111714580428725,123.24017331090016,25.4340787186548,ab,313,37,
15,58592.210821799934,ztfr,216.18689151876967,99.5853537495041,25.9510863371768,ab,313,37,
16,58598.14443290001,ztfr,163.78824208479082,24.890474481630807,26.0810098589851,ab,313,37,
17,58598.21077550016,ztfg,70.00697884905253,22.966671969342386,25.9410832049181,ab,313,37,
