,time,band,flux,fluxerr,zp,zpsys,field,ccd,comment
0,58715.15831020009,ztfg,3.55541684571519,17.665275948713788,25.9352260756504,ab,717,61,
1,58720.15686339978,ztfg,-22.53707400744124,20.120374210550207,25.7865151451479,ab,717,61,
2,58720.15780089982,ztfg,-24.48146268239066,20.0051833971896,25.790281353642,ab,716,48,
3,58723.14620369999,ztfr,24.640898132338307,37.05931752145189,25.7896685537346,ab,717,61,
4,58723.15855319984,ztfg,-16.636717950238317,25.87136979368762,25.7794735698841,ab,717,61,
5,58726.14608799992,ztfr,9.722282514484583,29.34863560061448,25.7963948007874,ab,717,61,
6,58726.156990699936,ztfg,9.085284910660024,26.10113119646073,25.7990733349075,ab,717,61,
7,58728.13521989994,ztfg,-8.423641956626867,42.494539610862795,25.7579600930306,ab,717,61,
8,58734.153229199816,ztfg,256.020483835473,52.03469941486074,25.7699621410456,ab,717,61,
9,58746.116215299815,ztfr,659.177354586848,69.66567225401684,25.7732296588378,ab,717,61,
10,58746.120532399975,ztfr,632.009732794262,48.36145816817352,25.7446698619149,ab,717,61,
11,58746.12486110022,ztfr,662.8646247181792,44.873856170635804,25.7200685052777,ab,717,61,
12,58746.129189800005,ztfr,601.5069549930478,41.15840862447349,25.6820690118152,ab,717,61,
13,58748.115115699824,ztfr,568.4068033318156,58.03559337485545,25.7398120368181,ab,717,61,
14,58748.120185200125,ztfr,617.8267453992098,45.98052126317819,25.7075759304675,ab,717,61,
15,58748.12525459984,ztfr,569.1707810086473,46.53669921632652,25.6818823949875,ab,717,61,
16,58786.527338000014,ztfg,-15.286560715149648,84.12715071786124,25.4190479648368,ab,716,48,
17,58789.51414350001,ztfg,56.037134230610235,27.344855343007257,25.7514839080243,ab,716,48,
18,58792.51527780015,ztfr,190.67699116003197,41.25794130501925,25.8261749042891,ab,716,48,
19,58792.54690970015,ztfg,80.40741374152238,29.829865378863953,25.8868390673438,ab,716,48,
20,58800.53432870004,ztfr,202.18541023698083,33.023768623026704,25.872218835452,ab,716,48,
21,58800.53523149993,ztfr,109.29241885128549,28.66653427432959,25.8449270116965,ab,717,61,
22,58800.5555786998,ztfg,30.720420112158415,47.607259985967495,25.9390522476591,ab,717,61,
