,time,band,flux,fluxerr,zp,zpsys,field,ccd,comment
0,58210.23331019981,ztfg,714.7329801308582,56.7312891586858,25.8713014414598,ab,416,55,
1,58210.257118099835,ztfg,775.790325455916,47.950263249127346,25.8896526689504,ab,416,55,
2,58215.193784699775,ztfr,170.95394120023622,75.82752065129439,24.194105111625,ab,416,55,
3,58215.21790509997,ztfg,475.4960073278034,50.83349268236279,24.9293176440486,ab,416,55,
4,58218.19245370012,ztfr,1244.8988553990646,26.054757530047034,26.1557385896809,ab,416,55,
5,58218.22318289988,ztfr,1151.0135223256016,24.646536898963653,26.1262079296487,ab,416,55,
6,58223.180370400194,ztfr,1120.4559773219735,22.698222623851873,26.1739124976,ab,416,55,
7,58227.16609949991,ztfr,864.9555033727039,29.23851789452956,26.1798428822937,ab,416,55,
8,58227.16888889996,ztfg,807.5022663792214,21.78340038522942,26.2678762707481,ab,416,55,
9,58231.14813659992,ztfr,787.7917042201591,36.97839863520223,26.1960912135262,ab,416,55,
10,58231.190347199794,ztfg,630.7284064159412,38.31057241873111,26.2777887427856,ab,416,55,
11,58234.22856480023,ztfg,449.95342230001444,69.26280067492603,26.220511535488,ab,416,55,
12,58237.208194400184,ztfg,286.66324255870285,76.89095090527691,26.2368751653823,ab,416,55,
13,58244.15452549979,ztfr,525.880224051561,31.868777683545296,26.1670327166509,ab,416,55,
14,58244.19295139983,ztfg,176.7325007409029,25.07507910904224,26.1392271951151,ab,416,55,
15,58247.170879600104,ztfg,162.44092043820353,16.701990995549373,26.2675464185421,ab,416,55,
16,58247.21565969987,ztfr,468.2319002817565,21.985564599058666,26.1399758396214,ab,416,55,
17,58255.171076400205,ztfg,87.70135894717592,23.965975303452698,26.2394680058153,ab,416,55,
