,time,band,flux,fluxerr,zp,zpsys,field,ccd,comment
0,59167.538032399956,ztfr,2585.3858630440895,47.37550460090296,26.1949499796571,ab,319,59,
1,59167.5427778,ztfr,2585.459375490026,67.78833988211932,26.2128720738243,ab,319,59,
2,59167.54752309993,ztfr,2731.130465737069,67.05609677312002,26.2195298541537,ab,319,59,
3,59167.552268499974,ztfr,2718.0350590241533,87.3736301930721,26.2197269391416,ab,319,59,
4,59167.55701390002,ztfr,2616.8407292111447,175.02174652351243,26.227503733845,ab,319,59,
5,59180.5025578998,ztfg,586.7930504138989,322.4877474943063,26.1882103907299,ab,319,59,
6,59182.53467589989,ztfg,238.84289371320273,85.87795463523886,25.7178240333592,ab,319,59,
7,59184.50342589989,ztfr,1191.388638046898,64.79238235633979,26.201595929488,ab,319,59,
8,59184.52437500004,ztfg,528.2642793255895,74.88209425526955,26.2445930089109,ab,319,59,
9,59185.512858800124,ztfg,425.30764688059014,57.07838382510241,26.2437699900197,ab,319,59,
10,59185.540358799975,ztfr,1160.4892642267087,52.900876960482755,26.2485679523401,ab,319,59,
11,59186.522696800064,ztfg,611.09290697222,451.7932821092623,26.3045327115332,ab,319,59,
12,59188.50785879977,ztfr,976.4430111361336,52.419943017408386,26.251811629311,ab,319,59,
