,time,band,flux,fluxerr,zp,zpsys,field,ccd,comment
0,58763.52108799992,ztfr,564.3209122807642,25.34166259243535,26.1009216010732,ab,714,40,
1,58763.52594910003,ztfr,562.4353934835531,27.98354337438634,26.1218143196587,ab,714,40,
2,58763.530798600055,ztfr,496.72405848596964,45.825891603848284,26.1470564421738,ab,714,40,
3,58763.53567129979,ztfr,479.13736771944576,80.33544124145668,26.1522327218271,ab,714,40,
4,58776.51253469987,ztfr,416.3006658082673,43.770754984235204,26.1705234251805,ab,714,40,
5,58779.516655100044,ztfg,262.8251037919756,26.8757905975243,26.0972100265358,ab,714,40,
6,58785.51071760012,ztfr,256.251043008144,28.432876276487153,26.188393768141,ab,714,40,
7,58789.515520799905,ztfg,127.13051325224822,17.348801029484886,26.1597670446883,ab,714,40,
8,58792.51114579989,ztfr,310.48415818932966,29.91999551860995,26.2124377095269,ab,714,40,
9,58792.533703700174,ztfg,72.08385166541818,17.882743069957513,26.1716052176958,ab,714,40,
10,58799.49387730006,ztfr,144.11865762053424,42.483268969335484,26.228854183899,ab,714,40,
11,58802.552546299994,ztfg,66.44144730743174,36.228321739708285,26.2412773797281,ab,714,40,
12,58805.526481499895,ztfg,24.934932550303383,28.99461653707809,26.2180598651226,ab,714,40,
13,58814.50872689998,ztfg,-21.66502145016108,43.16693157693786,25.863928949262,ab,714,40,
14,58819.51119210012,ztfr,-36.71493547183024,31.442865433958556,22.900854274804,ab,714,40,
