,time,band,flux,fluxerr,zp,zpsys,field,ccd,comment
0,58723.48019680008,ztfg,712.5607023662485,15.412462134748418,25.9715337429881,ab,251,60,
1,58726.480127300136,ztfg,636.1356583958636,21.687134053094002,25.9999778069379,ab,251,60,
2,58726.50234950008,ztfr,633.1929104186374,34.212901601834865,25.9725590496664,ab,251,60,
3,58730.4520370001,ztfg,513.9387028003363,18.39556653925198,25.8968803356619,ab,251,60,
4,58730.484479200095,ztfr,529.5592673169898,24.446074295882315,25.8720084835166,ab,251,60,
5,58733.459120399784,ztfg,459.83297573933845,18.969375165198194,25.9906243064192,ab,251,60,
6,58733.50368059985,ztfr,539.0234489044183,21.77274653528693,25.946989281342,ab,251,60,
7,58736.502222199924,ztfr,447.943637949396,22.62998498185806,25.960245941098,ab,251,60,
8,58739.460196800064,ztfr,373.33639692566106,50.129760697524105,25.9538980258862,ab,251,60,
9,58739.48153939983,ztfg,259.92991195792285,81.51552133946483,26.0013762012971,ab,251,60,
10,58745.45925930003,ztfr,300.23893129687673,42.188517412783895,25.9439756814582,ab,251,60,
11,58745.52209489979,ztfg,132.4951532697095,68.80241406532893,25.948047284017,ab,251,60,
12,58748.43915509991,ztfr,294.389897041024,33.930362396125275,25.7438912077062,ab,251,60,
13,58748.50195599999,ztfg,142.8770832672774,29.210333463343563,25.8577509147328,ab,251,60,
14,58749.47510420019,ztfg,167.0969784518419,23.074421501850015,26.0020170018512,ab,1292,17,
15,58749.47555560013,ztfg,127.73504757799616,23.652634118594463,26.0000750030134,ab,1292,17,
16,58751.39829860022,ztfg,106.86898936063345,21.978484279837424,25.9017626517077,ab,251,60,
17,58751.50431710016,ztfr,220.08747750528278,26.06678170690215,25.8516892297018,ab,251,60,
18,58756.48078700015,ztfr,215.28960337616036,25.271998049742706,25.9296167865742,ab,251,60,
19,58757.39609949989,ztfg,76.52694576935998,22.90781931714146,26.0132665312338,ab,251,60,
20,58760.37598379981,ztfg,74.55822253109807,21.915488587210653,25.986840121746,ab,251,60,
21,58764.37586810021,ztfg,60.94077602906441,15.690342973081986,25.995495672958,ab,251,60,
22,58773.3472684999,ztfr,100.44186530867528,39.707008702597015,25.9281251201306,ab,251,60,
23,58775.334340299945,ztfr,154.30394675721413,28.20132521217604,25.9307499336146,ab,251,60,
