,time,band,flux,fluxerr,zp,zpsys,field,ccd,comment
0,58909.176064800005,ztfg,-101.14035005616313,111.67395879039849,26.2973047907158,ab,779,20,
1,58912.14495369978,ztfg,45.45077507581927,42.716065026423664,26.2939031082496,ab,779,20,
2,58912.18575230008,ztfr,-29.347876174940602,39.85959687590894,26.2887572661031,ab,779,20,
3,58915.1130903,ztfr,60.41030355280499,46.17689987573449,26.2884869429439,ab,779,20,
4,58915.11987269996,ztfr,20.772316642295408,39.38949228115127,26.2958759681361,ab,779,20,
5,58915.17454859987,ztfg,-141.74891422936196,54.576950676430656,26.2899481786125,ab,779,20,
6,58941.139930599835,ztfg,1131.785706015288,41.83230702598656,26.2317619394773,ab,779,20,
7,58941.17818289995,ztfr,1547.8733104740516,54.892724693151685,26.2462420019656,ab,779,20,
8,58968.146643499844,ztfr,714.67667658706,42.694311277469794,26.2273075731414,ab,779,20,
9,58968.15108799981,ztfr,762.8018695733086,37.45271113710435,26.2239714844118,ab,779,20,
10,58968.155520800035,ztfr,722.2761828238567,36.149118002186505,26.2410404033268,ab,779,20,
11,58968.1599653,ztfr,696.2080627219802,35.815717602009975,26.2209839893227,ab,779,20,
12,58972.14927079994,ztfr,645.064772023268,59.84467769311834,26.2049844920223,ab,779,20,
