,time,band,flux,fluxerr,zp,zpsys,field,ccd,comment
0,58941.14495369978,ztfg,-77.61575421454147,52.84801796994062,26.2146772903614,ab,510,9,
1,58941.17134260014,ztfr,4.194577378213517,93.292225113244,26.1419292114745,ab,510,9,
2,58962.14579859981,ztfr,527.1050547406688,66.45095998008307,26.0451374256509,ab,510,9,
3,58962.15041670017,ztfr,500.9856993950695,50.434371950142086,26.0196780872196,ab,510,9,
4,58962.15442130016,ztfr,449.53655196313,62.00972629925155,25.9991655760307,ab,510,9,
5,58962.15787040023,ztfr,417.71974640029345,59.14471477615105,25.977073704446,ab,510,9,
