,time,band,flux,fluxerr,zp,zpsys,field,ccd,comment
0,58526.476412000135,ztfg,6.035801979727432,31.31957168261844,25.7569645461928,ab,425,39,
1,58539.374270800035,ztfr,268.64020085797574,35.885277358706986,26.1582562209489,ab,425,39,
2,58539.397916700225,ztfg,218.72370896672084,40.44741810693718,25.7143689554964,ab,425,39,
3,58543.482511600014,ztfg,540.1877909956775,16.465976234288163,26.2171865779391,ab,425,39,
4,58547.37565970002,ztfg,599.8690662761752,21.269933410468443,26.1781011878113,ab,425,39,
5,58557.31542820018,ztfg,601.803119942915,122.50598216071741,26.175288753199,ab,425,39,
6,58557.39505789988,ztfr,462.2468379317211,32.32760284300854,26.2389669560697,ab,425,39,
7,58560.2532060002,ztfg,211.99168439582263,79.28346060482784,26.0211725319336,ab,425,39,
8,58560.37638889998,ztfr,430.9950224458365,31.79625128288146,26.2457384316053,ab,425,39,
9,58568.23377310019,ztfg,135.3970991279201,19.530141313233084,25.8359016181367,ab,425,39,
10,58568.31531250011,ztfr,70.13200822459342,26.142738819622377,24.7512359278295,ab,425,39,
11,58573.40309030004,ztfr,193.87564163525843,25.827141644033208,26.1572181508341,ab,425,39,
12,58581.315567099955,ztfg,72.80564641176628,15.260949439420394,26.085671375031,ab,425,39,
13,58581.36210650019,ztfr,193.00482336111276,35.73888758204921,25.9711710619807,ab,425,39,
14,58584.28982640011,ztfg,66.90996499608605,28.792883397224674,26.1404763882148,ab,425,39,
15,58584.31370369997,ztfr,153.80664974664614,25.32687246032058,26.1872140438615,ab,425,39,
16,58587.31231479999,ztfr,147.4692833131698,28.723274621785077,26.170420023407,ab,425,39,
17,58587.37493060017,ztfg,-1.0287427470670494,30.077109571368666,25.7600934537298,ab,425,39,
18,58594.33592589991,ztfr,-0.24510434591817898,108.36156211051946,26.203924422533,ab,425,39,
19,58597.293009299785,ztfg,41.126166933460695,20.06585138424923,26.1760704405604,ab,425,39,
20,58597.35318290023,ztfr,114.50741911540533,21.036216182161603,26.1979695198511,ab,425,39,
21,58600.2327083,ztfg,67.85106341206317,18.613060572505123,26.1638897012023,ab,425,39,
