,time,band,flux,fluxerr,zp,zpsys,field,ccd,comment
0,58876.37680559978,ztfg,-0.4574418425446222,16.157951686808673,26.27839077392,ab,366,9,
1,58879.36019679997,ztfr,308.2587856663803,180.88774476618764,26.2209478713186,ab,366,9,
2,58885.231354199816,ztfr,-202.46044436217582,164.4142308905311,25.8772735239254,ab,366,9,
3,58888.257083300035,ztfg,106.08008585780459,140.82026436883072,26.2290878991037,ab,366,9,
4,58891.242314800154,ztfg,-9.16619015818686,59.03071805367307,26.2149857018252,ab,366,9,
5,58891.29266199982,ztfr,-63.88490581645119,47.82052043120452,26.216098000035,ab,366,9,
6,58894.27140050009,ztfr,108.67043318102719,26.567494575151773,26.1781931872535,ab,366,9,
7,58894.31334490003,ztfg,143.71993597841958,18.334581339959747,26.2884734012821,ab,366,9,
8,58898.274803199805,ztfg,1529.8225671533278,21.978806030755564,26.2409521212566,ab,366,9,
9,58898.315266199876,ztfr,1461.8663514668579,21.939103514916656,26.1845289946402,ab,366,9,
10,58904.25018520001,ztfr,4423.830650774068,36.72002784874483,26.1569287626604,ab,366,9,
11,58904.293009299785,ztfg,5168.508968081885,35.1709677415708,26.2492378215906,ab,366,9,
12,58913.272338000126,ztfg,6042.6408508544355,47.21957276328342,26.1470551577224,ab,366,9,
13,58940.172893499956,ztfg,840.0153188098232,29.59846826714329,26.2073459045998,ab,366,9,
14,58940.230185199995,ztfr,1401.935512362768,41.77490424120098,25.6762507886115,ab,366,9,
15,58955.1832059999,ztfg,511.3704903014856,18.730289817514144,26.2705185235597,ab,366,9,
16,58955.19003470009,ztfr,1026.3840864725662,20.777273049932507,26.1696224830395,ab,366,9,
