,time,band,flux,fluxerr,zp,zpsys,field,ccd,comment
0,58567.50037040003,ztfg,343.35490037716613,106.4820249777842,25.9717279376037,ab,1637,17,
1,58574.48458330007,ztfr,218.1770099567235,41.22348621602069,24.6664044472681,ab,592,52,
2,58574.5160069,ztfg,102.16672035526008,31.015652974488777,24.5695876458076,ab,592,52,
3,58581.49366899999,ztfg,77.0705730968204,27.548428313183624,25.6646091053057,ab,592,52,
4,58585.4445369998,ztfr,519.1449008823246,34.049943920546625,26.0114647386516,ab,592,52,
5,58588.421747699846,ztfr,389.14598556486345,41.785840102042876,26.0489552904686,ab,592,52,
6,58591.477580999956,ztfr,323.9717573243029,62.89460176441081,26.0563113175334,ab,592,52,
7,58593.39299769979,ztfr,367.61016277745045,61.843315154779596,26.1181290562914,ab,1637,17,
8,58597.45541669987,ztfr,402.0038256276563,36.80009045096816,26.1536590812871,ab,592,52,
9,58600.37446760014,ztfg,200.80298703197764,58.75967093299448,27.9904494993565,ab,592,52,
10,58600.43809030019,ztfr,1062.765600697638,147.1246661507529,27.5131095571574,ab,592,52,
11,58601.37844910007,ztfg,780.36740377792,113.13794126289928,28.6169276368769,ab,592,52,
12,58601.435011600144,ztfr,1999.8587290308308,109.57894281723812,28.4125727744792,ab,592,52,
13,58607.48582179984,ztfr,184.7899201335651,20.21826767634204,26.1483097472894,ab,592,52,
