,time,band,flux,fluxerr,zp,zpsys,field,ccd,comment
0,58941.50725689996,ztfr,1098.0792426131454,72.48093328632922,25.9798824934163,ab,596,49,
1,58941.51119210012,ztfr,1052.6874193498145,117.08295735026519,25.9917172463416,ab,596,49,
2,58941.515625,ztfr,1233.6310647082087,133.95888590925082,25.9895691607877,ab,596,49,
3,58941.52006939985,ztfr,1109.1353138145005,118.28628371677112,26.0227615150458,ab,596,49,
4,58943.506226900034,ztfr,1030.6660477196715,52.86224289531377,25.9420244024206,ab,596,49,
5,58943.51061340002,ztfr,1036.9158677423825,47.99297687918462,25.9590740946276,ab,596,49,
6,58943.51498840004,ztfr,1019.2573808722518,47.01114275378462,25.9645908115684,ab,596,49,
7,58943.51950229984,ztfr,1147.4300506325958,56.74711517492036,25.9921438125035,ab,596,49,
8,58978.45225689979,ztfg,-97.20012803858266,66.30112112373841,25.3000056999159,ab,596,49,
9,58978.48244210007,ztfr,50.738290644259536,87.06154126487633,24.7457910573853,ab,596,49,
10,58980.48987270007,ztfr,294.1817287094677,50.93325607802394,26.14330723517,ab,596,49,
11,58985.45667820005,ztfg,109.46990727954383,19.61269097863585,26.1533009494008,ab,596,49,
12,58985.471874999814,ztfr,315.43082266479786,21.27124831926506,26.1318663149837,ab,596,49,
13,58987.45304400008,ztfg,97.339515432452,15.090814275636411,26.1716510621953,ab,596,49,
14,58987.45399310021,ztfg,118.26439706435299,14.592582456018517,26.1720978890565,ab,596,49,
15,58987.4797685002,ztfr,250.3610092423109,20.988458218711582,26.1586913615916,ab,596,49,
16,58987.484502300154,ztfr,258.1819706261517,24.643175374232886,26.1582826346262,ab,596,49,
17,58991.43685190007,ztfg,84.9268951244087,14.436403406725573,26.1728535560934,ab,596,49,
18,58993.47569439979,ztfr,214.7603137846941,29.420277643509905,26.1371129029176,ab,596,49,
19,58993.47829859983,ztfr,205.3736146186514,21.59992858909706,26.1515691476484,ab,596,49,
