,time,band,flux,fluxerr,zp,zpsys,field,ccd,comment
0,59179.540648099966,ztfr,3026.42685932306,48.52832870327871,26.2116583134272,ab,321,39,
1,59181.54284719983,ztfr,3231.4753161691833,68.65717362614649,26.2246020065012,ab,321,39,
2,59181.54753470002,ztfr,3382.6071332099177,68.47655901234332,26.230971796418,ab,321,39,
3,59181.552222200204,ztfr,3388.978521633943,77.02645676632979,26.2425040851265,ab,321,39,
4,59181.556909699924,ztfr,3389.6714314613796,75.61125840308696,26.2499358839959,ab,321,39,
5,59181.56158560002,ztfr,3236.7289054652524,96.87751871043943,26.2604344431111,ab,321,39,
6,59195.54203699995,ztfg,544.6213529966997,79.55698513134192,25.619182856598,ab,321,39,
7,59199.52077550022,ztfr,1678.267893826128,65.75897361187901,26.2573690468896,ab,321,39,
8,59199.54245370021,ztfg,784.524075252352,41.68051769111681,26.2165752018064,ab,321,39,
9,59201.517766200006,ztfr,1569.8337650415756,50.55685875276864,26.2489162743964,ab,321,39,
10,59206.481886600144,ztfr,-37.52619874080757,50.62792983798095,20.1382329242549,ab,321,39,
11,59206.527129599825,ztfg,85.7587002299048,26.861880378289687,24.1228542266086,ab,321,39,
