,time,band,flux,fluxerr,zp,zpsys,field,ccd,comment
0,58767.46226850012,ztfg,-180.41585444030628,140.94157151131623,25.8400227848679,ab,347,13,
1,58771.19127310021,ztfg,282.1604749735466,128.9307089029656,25.9633159372472,ab,347,13,
2,58771.43856480019,ztfr,-54.85956733245447,289.3252477245242,25.8608908449514,ab,347,13,
3,58774.23023150023,ztfr,-11.668903995502596,37.555937961793774,25.9841215432958,ab,347,13,
4,58777.28268520022,ztfr,16.014622852174178,62.51136884164514,26.0073225332476,ab,347,13,
5,58781.22281249985,ztfg,8.067570764340001,32.52538792053151,26.0779812232509,ab,347,13,
6,58781.29165509995,ztfr,-56.978568518942126,78.76968262004596,26.018322749858,ab,347,13,
7,58789.190798600204,ztfg,99.65015728737532,16.942260152593107,26.0656262148303,ab,347,13,
8,58789.251898100134,ztfr,92.69622637151436,27.47665734599651,26.0154491672577,ab,347,13,
9,58792.17423610017,ztfr,195.68462195538186,27.550672176411343,25.9561367088811,ab,347,13,
10,58795.29400460003,ztfr,530.3986275551414,109.82929714256314,26.0266275324117,ab,347,13,
11,58798.2098495001,ztfr,680.6537333201604,85.00617171530602,26.104449439598,ab,347,13,
12,58801.189294000156,ztfg,618.814197063768,42.01833345221144,26.050832888229,ab,347,13,
13,58801.25143520022,ztfr,612.1023850743713,56.647912923281126,25.9844288739108,ab,347,13,
14,58805.18978009978,ztfg,740.8553521244382,22.745147582809036,26.0808729176252,ab,347,13,
15,58805.23115740018,ztfr,637.1793376022623,34.51400523660404,26.0223263757195,ab,347,13,
16,58812.14821759984,ztfg,489.2796478719069,16.686840088680725,26.0256424148394,ab,347,13,
17,58812.18915509991,ztfr,586.4041519355513,29.408968798184357,25.9902562765757,ab,347,13,
18,58820.12464120006,ztfr,280.0065896692406,32.60091649726739,25.6376720412997,ab,347,13,
19,58820.16865740018,ztfg,59.212719453829,36.80273589715802,25.0156170857722,ab,347,13,
20,58829.12850689981,ztfg,-76.08163123286042,184.4942439675936,24.7322915677371,ab,347,13,
21,58835.072233799845,ztfr,-545.6848368637804,331.2765470342773,26.0377213666955,ab,347,13,
22,58838.144791699946,ztfg,123.27567349153153,57.685280300246454,25.7188193643082,ab,347,13,
23,58847.08512730012,ztfr,40.261040869548786,40.52436949928416,22.9763091733374,ab,347,13,
24,58853.085219900124,ztfg,-85.55866263566847,82.39649984611053,25.9067246142687,ab,347,13,
25,58853.14506939985,ztfr,120.48562844320983,58.91803092334819,25.4814364066522,ab,347,13,
