,time,band,flux,fluxerr,zp,zpsys,field,ccd,comment
0,58580.32637730008,ztfr,22.345983849999644,21.482351106533294,26.3176295368256,ab,1623,41,
1,58582.22574070003,ztfr,8.51608782910171,15.300118299303705,26.2391619827429,ab,1623,41,
2,58588.21405090019,ztfg,-40.40089609316777,51.878659490902855,24.6847269710482,ab,1623,41,
3,58589.24040509993,ztfr,117.68225704296272,67.49071862749297,26.2094749930827,ab,1623,41,
4,58593.311979200225,ztfr,263.9738709512862,39.342453204813005,26.3075800565804,ab,1623,41,
5,58597.250104200095,ztfr,605.0979412272511,19.940165071502165,26.2695309019307,ab,1623,41,
6,58606.24636569992,ztfr,965.0757410984523,21.095030054580864,26.2696694438442,ab,1623,41,
7,58618.266944400035,ztfr,515.0920643154627,49.42528582221269,26.2087761117287,ab,1623,41,
8,58633.16659720009,ztfr,458.0641325531261,19.746093326360654,26.25733428912,ab,1623,41,
9,58633.16704860004,ztfr,430.79099795644134,18.13746075646791,26.2440899082699,ab,1623,41,
10,58637.16491900012,ztfr,373.9958527258038,17.010219399411874,26.2211042434745,ab,1623,41,
11,58637.165370400064,ztfr,401.5792394197024,16.497454050206365,26.2281138912461,ab,1623,41,
