,time,band,flux,fluxerr,zp,zpsys,field,ccd,comment
0,58795.53353009978,ztfr,961.9465015410466,117.92296561871635,25.9812170427511,ab,422,35,
1,58795.53856479982,ztfr,838.3233348210885,67.10855080755626,25.9880328267578,ab,422,35,
2,58795.543599499855,ztfr,765.4126937515035,81.48264399561006,26.0137919612236,ab,422,35,
3,58795.54864579998,ztfr,784.2414833533123,74.94357805914727,26.0207939549416,ab,422,35,
4,58797.53538190015,ztfr,941.3986890434145,52.37486846453757,25.9876922582984,ab,422,35,
5,58797.540416699834,ztfr,878.3947804993618,40.57827518344463,25.9817377606721,ab,422,35,
6,58797.54545139987,ztfr,840.8716201393279,43.56069602957816,26.0042405229724,ab,422,35,
7,58797.55050930008,ztfr,890.8197400692377,52.499732412858634,26.0293108805967,ab,422,35,
8,58799.53793979995,ztfr,968.4951249547984,74.62284583940112,26.0553847983742,ab,422,35,
9,58799.542905100156,ztfr,888.780558989759,65.21858707118226,26.0546737950886,ab,422,35,
10,58799.547870399896,ztfr,964.6170066177148,73.99203588029448,26.0855092573524,ab,422,35,
11,58799.55284720007,ztfr,964.6159920798564,79.96574661527171,26.0721298581822,ab,422,35,
12,58801.538379599806,ztfr,252.4947618021009,71.63529682787862,25.0990396120026,ab,422,35,
13,58801.543530100025,ztfr,224.77172191544292,68.62810937175388,24.8731949140205,ab,422,35,
14,58801.54865740007,ztfr,78.01889110109943,81.25037591970467,24.6388419508922,ab,422,35,
15,58801.5537963002,ztfr,480.8496547074674,85.517944424137,25.2326527816473,ab,422,35,
16,58803.54351849994,ztfr,850.83760891043,49.58321352763014,26.0650887187516,ab,422,35,
17,58803.54829860013,ztfr,919.3772977099245,42.82765151279806,26.0555965615883,ab,422,35,
18,58803.553090299945,ztfr,815.9452207719113,47.863071556833376,26.0741643788535,ab,422,35,
19,58805.53736109985,ztfg,516.0205502682156,48.36451749766427,25.7197553386372,ab,422,35,
20,58805.544375000056,ztfr,671.5011483447915,55.28126548354071,25.9534094426965,ab,422,35,
21,58805.549294000026,ztfr,645.566562648858,51.06314367827995,25.9927315749247,ab,422,35,
22,58805.554212999996,ztfr,699.8429445082604,59.577164023783254,25.8885956625173,ab,422,35,
23,58834.52273150021,ztfr,586.9549525264808,189.98281656965014,26.2933178222066,ab,422,35,
24,58838.48256940022,ztfg,-10.224754451060281,46.38583483816521,24.4526617842328,ab,422,35,
25,58838.5460994998,ztfr,225.1609446791635,92.33930281536973,24.4703154499206,ab,422,35,
26,58850.48451389978,ztfr,234.883500837573,51.68214560069309,26.2642596030658,ab,422,35,
