,time,band,flux,fluxerr,zp,zpsys,field,ccd,comment
0,58469.50350689981,ztfg,-16.711198816220357,19.500658334902994,26.1325115592727,ab,319,31,
1,58472.453645799775,ztfr,-19.163376906276888,50.69672261348966,26.1388472673928,ab,319,31,
2,58472.47395829996,ztfg,3.1096628509128266,54.76086462771345,26.08315719592,ab,319,31,
3,58476.513472199906,ztfr,181.63207289550544,37.38603153630157,26.1767359493134,ab,319,31,
4,58481.50314809987,ztfr,509.1598951006516,61.42307850139976,26.1562631539887,ab,319,31,
5,58487.52603009995,ztfr,689.5527839287184,25.08178788900764,26.1780046184586,ab,319,31,
6,58492.46527779987,ztfr,55.86655962840596,29.150246181921762,23.9189014455956,ab,319,31,
7,58492.50211809995,ztfg,379.4572402105674,25.484663775509162,25.6547766293056,ab,319,31,
8,58503.48070599977,ztfr,399.8648582129884,65.8119122536706,25.8162054072803,ab,319,31,
9,58503.54423609981,ztfg,173.24359146131138,74.61841497260414,25.4471972892057,ab,319,31,
10,58506.48055560002,ztfg,342.07251935174554,245.6220973886276,26.2027686305479,ab,319,31,
11,58506.54643520014,ztfr,918.3684436107671,333.83692946702257,26.1959122540479,ab,319,31,
12,58509.45982640004,ztfr,397.20460795297555,76.59950525146168,26.1221696348403,ab,319,31,
13,58509.52035879996,ztfg,133.8555449187171,147.21942037429787,26.1167011102951,ab,319,31,
14,58512.47297450015,ztfr,23.342105883783745,28.84424362782341,22.8756775217062,ab,319,31,
15,58524.452951400075,ztfr,165.54062315092366,30.360731780819858,26.1538113658431,ab,319,31,
16,58539.274108800106,ztfg,22.886597795944944,23.152614449285153,24.22781473586,ab,319,31,
17,58539.334919000044,ztfr,-103.21877116723216,54.80397208650153,25.4027198458568,ab,319,31,
