,time,band,flux,fluxerr,zp,zpsys,field,ccd,comment
0,58508.47609949997,ztfr,52.69006723951111,80.95092702552833,26.2679795771573,ab,1620,28,
1,58513.426643500105,ztfr,-0.18417705120978312,10.635056419306562,26.0993723608204,ab,1620,28,
2,58540.28309029993,ztfr,985.8049865984722,24.73374456128772,25.6057884427463,ab,1620,28,
3,58557.265775499865,ztfr,1015.5209268865699,50.054857493945065,26.2425394261383,ab,1620,28,
4,58558.21865739999,ztfr,896.1080775514563,50.84913358649974,26.2231805830813,ab,1620,28,
5,58574.216319399886,ztfr,128.33637284601045,19.825210517681885,25.4072527294177,ab,1620,28,
6,58582.20440969989,ztfr,263.68499252546917,19.231407873721587,26.2132902909056,ab,1620,28,
