,time,band,flux,fluxerr,zp,zpsys,field,ccd,comment
0,58336.163032399956,ztfi,3.659638526736489,19.732336564632817,25.7153712968347,ab,758,28,
1,58337.1739236,ztfg,-9.333879737713776,12.012953869013078,26.1765495341932,ab,758,28,
2,58337.20016200002,ztfr,-3.223841746761836,16.256934011625976,26.1850216180771,ab,758,28,
3,58340.15940969996,ztfi,-27.128003517422442,19.63064422337595,25.47976139128,ab,758,28,
4,58344.181886599865,ztfr,-2.8763533633318272,17.851484715280247,26.1166108668399,ab,758,28,
5,58347.203020799905,ztfg,-53.76159187143638,21.746447423599527,26.0208958088547,ab,758,28,
6,58348.17628470017,ztfi,-54.35508653344414,49.10800847917049,25.615305816234,ab,758,28,
7,58354.203645799775,ztfr,113.28790613645137,67.64650531491245,25.8019460384243,ab,758,28,
8,58362.14363430021,ztfr,765.5474140619199,27.3272375216855,26.1354781085928,ab,758,28,
9,58363.13783559995,ztfi,347.47070924320076,32.08490364044935,25.6206368124585,ab,758,28,
10,58375.11863429984,ztfr,1303.446485005716,54.04894703485211,26.2275543047688,ab,758,28,
11,58378.133495400194,ztfr,1216.2599482242476,33.74072471745973,26.192333580809,ab,758,28,
12,58378.15384260006,ztfg,1447.9397860788592,28.994975056501627,26.0956455301605,ab,758,28,
13,58379.11888890015,ztfi,359.5481289944278,33.498377953230076,25.6895453799795,ab,758,28,
