,time,band,flux,fluxerr,zp,zpsys,field,ccd,comment
0,58235.31749999989,ztfg,-77.09609061857853,69.34022506401814,26.2798881282217,ab,574,34,
1,58238.169664400164,ztfg,-37.40528218435228,74.1201638661928,26.312265937825,ab,574,34,
2,58242.20362270018,ztfg,20.041463598142606,15.36087228344375,26.3034647065127,ab,574,34,
3,58242.2557639,ztfr,5.51931622131514,17.952910841432935,26.3027621960343,ab,574,34,
4,58245.16959490022,ztfr,5.556389467389375,16.978898524743858,26.3121987927268,ab,574,34,
5,58248.20552079985,ztfg,5.9237639951477785,13.238996471183372,26.3099969881127,ab,574,34,
6,58248.23486110009,ztfr,3.531195256821971,17.881124501634847,26.2972255492518,ab,574,34,
7,58255.18813659996,ztfg,481.48071462555174,17.996707373007943,26.3423019746724,ab,574,34,
8,58258.169097200036,ztfg,821.7312432945789,19.080435356824694,26.2747249882837,ab,574,34,
9,58258.20672449982,ztfr,673.218085536125,20.63117691394615,26.2215227535701,ab,574,34,
10,58263.22693290003,ztfr,3798.5072074598684,116.4294709328633,27.5176157235708,ab,574,34,
11,58266.2332175998,ztfr,1319.4931200382455,42.53581298827007,26.2518769974897,ab,574,34,
12,58269.18643519981,ztfr,1423.1767857898951,32.84583872042506,26.288416246641,ab,574,34,
13,58269.21097220015,ztfg,1565.6966844411486,39.03377961869648,26.2671060931746,ab,574,34,
14,58272.19068290014,ztfg,1473.0940102478194,19.917580253660375,26.2548894575625,ab,574,34,
15,58276.21444439981,ztfg,1261.1720434425738,19.553799453466425,26.272870334167,ab,574,34,
16,58279.171979200095,ztfr,1089.7413279743307,25.70135870208236,26.2902306848948,ab,574,34,
17,58279.20712959999,ztfg,1009.3315622645491,19.70167213510615,26.2379532861315,ab,574,34,
18,58283.1963657001,ztfr,920.7793152761324,21.283355789571658,26.296190279937,ab,574,34,
19,58283.23598380014,ztfg,730.8102674907851,22.27963684732221,26.2239528275766,ab,574,34,
20,58286.217754600104,ztfg,603.3016679348591,19.946134939468003,26.2270017338234,ab,574,34,
21,58290.19157409994,ztfg,360.91385638876943,39.55981312325604,26.1572649462693,ab,574,34,
22,58290.25335650006,ztfr,588.8484951243757,42.43802624779936,26.1626826378419,ab,574,34,
23,58293.176967599895,ztfg,358.22466788629526,37.78729910570334,26.2494601871143,ab,574,34,
24,58293.23831020016,ztfr,668.0155327083288,48.34165478332248,26.2216992635767,ab,574,34,
25,58296.23549770005,ztfr,585.2071670276206,69.60863417011659,26.2119908071297,ab,574,34,
