,time,band,flux,fluxerr,zp,zpsys,field,ccd,comment
0,58476.539861099795,ztfr,-24.731536597619133,51.17558904284438,25.8700821363227,ab,375,3,
1,58481.544409700204,ztfr,187.46127140726742,80.55764610867148,25.8926919299972,ab,375,3,
2,58492.49653939996,ztfr,50.15558763809069,29.681666586822292,25.233458034831,ab,375,3,
3,58492.533044000156,ztfg,98.00905883705092,17.544448883461023,25.9453294021554,ab,375,3,
4,58503.51925930008,ztfr,802.0281336239112,55.28335893122712,25.883116303782,ab,375,3,
5,58506.54134259978,ztfg,1121.9092916945506,123.68530959345816,26.0318365961253,ab,375,3,
6,58512.5020486,ztfr,201.02336403702327,54.79010198513939,24.2588493717784,ab,375,3,
7,58526.50123840012,ztfr,429.9449950474781,39.464925298128335,25.5679939025482,ab,375,3,
8,58540.46067130007,ztfg,195.19636859634485,30.021150339287814,26.0183217507459,ab,375,3,
