,time,band,flux,fluxerr,zp,zpsys,field,ccd,comment
0,58457.12156250002,ztfg,-81.91376087113113,56.98889824109527,26.2369006630817,ab,548,60,
1,58457.153483800124,ztfr,40.97026427487685,70.62685953770395,26.0898497496816,ab,548,60,
2,58466.227083299775,ztfr,3.714711514770593,107.22153283340478,22.973130039802,ab,548,60,
3,58469.09202549979,ztfr,6.280511048860558,28.482009257325146,26.133851568985,ab,548,60,
4,58469.12915509986,ztfg,-37.385733121673795,29.69141812347016,26.2090023630728,ab,548,60,
5,58472.12835650006,ztfg,55.30667847489511,43.92509049149068,26.1738628136637,ab,548,60,
6,58475.16369209997,ztfr,77.32637574854628,60.14561011616584,26.0742805317361,ab,548,60,
7,58482.131562499795,ztfg,352.33564426760154,37.724394975930736,26.149677561671,ab,548,60,
8,58487.10332180001,ztfr,382.32674156196117,25.943156407295998,26.075511349987,ab,548,60,
9,58487.130671299994,ztfg,465.87844663553517,20.534161280747014,26.1360338438862,ab,548,60,
10,58491.134988400154,ztfg,487.28509720040074,29.095680188702342,26.1161781285495,ab,548,60,
11,58494.13262729999,ztfg,389.3759853983483,29.733386404821715,26.0665710772151,ab,548,60,
12,58510.09465279989,ztfr,142.2338977700416,80.55724028599124,25.9002053363762,ab,548,60,
13,58510.09956019977,ztfr,197.95629090900235,47.47129882744348,25.8516442520096,ab,548,60,
14,58510.10447920021,ztfr,142.42684025754357,54.792184198101864,25.9784424771493,ab,548,60,
15,58510.109375,ztfr,151.94809170988583,56.81204281824433,25.9881054040134,ab,548,60,
16,58511.09488430014,ztfr,129.89892029226178,37.47311736903778,25.959949164592,ab,548,60,
17,58511.09982640017,ztfr,212.40238823639058,34.122758727051874,25.9854614913661,ab,548,60,
18,58511.1047685002,ztfr,205.8499483773103,52.024064026769246,25.9220695534233,ab,548,60,
19,58511.10971060023,ztfr,115.72311105066166,47.50183455942628,25.8724747071151,ab,548,60,
20,58514.10112270014,ztfr,196.7539257035063,28.308328911013565,25.987897085142,ab,548,60,
21,58514.10604170011,ztfr,216.05107939757306,24.08889522362451,25.9851838096393,ab,548,60,
22,58514.110949099995,ztfr,144.33364550205326,28.2109672067639,25.974273772418,ab,548,60,
