,time,band,flux,fluxerr,zp,zpsys,field,ccd,comment
0,59047.417986100074,ztfr,2152.1296549286794,24.681361529060265,26.2215035072476,ab,290,8,
1,59047.43962959992,ztfg,2155.6452668475104,32.09393343862494,26.2966827890542,ab,290,8,
2,59052.397465299815,ztfr,1701.5467330407093,23.52493863678631,26.233286203614,ab,290,8,
3,59052.45690969983,ztfg,1569.5885385478598,24.998022983703827,26.25861034365,ab,290,8,
4,59095.27289350005,ztfg,37.39000964532903,192.13539268429096,26.1361237103744,ab,290,8,
5,59095.356030100025,ztfr,333.1712137375549,149.8561305846119,26.0853757521082,ab,290,8,
