,time,band,flux,fluxerr,zp,zpsys,field,ccd,comment
0,58838.51797450008,ztfr,374.51076135873905,28.346491632265572,25.7546579479307,ab,1618,37,
1,58838.51842590002,ztfr,374.87839834147627,28.919704848917682,25.7292065269399,ab,1618,37,
2,58853.491712999996,ztfg,302.9990195955256,12.723765426379211,26.2831175263289,ab,1618,37,
3,58853.49216439994,ztfg,298.94236463220665,12.400627956644593,26.2915148094032,ab,1618,37,
4,58854.518391199876,ztfg,257.8315855209582,32.00958513149996,26.2679821983636,ab,1618,37,
5,58854.52018520003,ztfg,274.54478383211676,56.84651901543257,26.2273697869542,ab,1618,37,
6,58859.303368099965,ztfr,307.7457366279093,66.35541653569241,26.2055779591624,ab,1618,37,
7,58859.304282399826,ztfr,230.09684516566594,81.84733771586572,26.2156082134213,ab,1618,37,
