,time,band,flux,fluxerr,zp,zpsys,field,ccd,comment
0,58804.09115740005,ztfg,77.9103229551632,47.851995874471406,26.1671751523914,ab,439,40,
1,58812.092222199775,ztfr,77.43286589533594,60.53774798478808,26.2324906635588,ab,439,40,
2,58812.10709490022,ztfg,-46.22765042807387,36.52943995293491,26.114032545653,ab,439,40,
3,58830.07577549992,ztfr,921.9741422489694,139.90171767729473,26.3787729173661,ab,439,40,
4,58830.0806828998,ztfr,798.3195673030322,152.1058147829864,26.3700953918487,ab,439,40,
5,58830.08559030015,ztfr,728.6842870852806,184.74904307102213,26.3620680488595,ab,439,40,
6,58836.07150459988,ztfr,669.0791291315993,197.15512437437468,26.342068348854,ab,439,40,
7,58836.07643519994,ztfr,1056.5101288302874,214.37729314713175,26.3134145185709,ab,439,40,
8,58836.08136569988,ztfr,1014.6332675417649,95.67269677255514,26.3194378446932,ab,439,40,
9,58836.08629629994,ztfr,1177.116069189106,105.72061760645302,26.3097550525345,ab,439,40,
10,58838.0715855998,ztfr,962.4982084940223,153.97391800245683,25.9631623753373,ab,439,40,
11,58838.07642359985,ztfr,880.8590176923116,126.90221922692808,26.041532569875,ab,439,40,
12,58838.08127309987,ztfr,417.8550504319928,168.9164318483551,25.5849169571533,ab,439,40,
13,58838.08612270001,ztfr,312.16232469234984,167.8995272546115,25.5683660989446,ab,439,40,
14,58840.08160880022,ztfr,3.7204781369130444,164.26443335855342,23.8359199663231,ab,439,40,
