,time,band,flux,fluxerr,zp,zpsys,field,ccd,comment
0,58872.232303199824,ztfg,-12.860680108267378,26.878874429188016,26.190952706818,ab,363,5,
1,58875.272083300166,ztfr,-34.56156064245521,19.94511195722029,26.217016206998,ab,363,5,
2,58878.25454859994,ztfg,14.713146085859856,96.61517191795782,26.2600383383401,ab,363,5,
3,58881.25003470015,ztfg,24.46512153790544,41.19791965863301,26.2646132266761,ab,363,5,
4,58881.31447920017,ztfr,-21.373150488341327,32.87823072886367,26.2796961080279,ab,363,5,
5,58884.21238429984,ztfr,-57.787141909373744,126.19452869132772,26.2100263257911,ab,363,5,
6,58884.29310189979,ztfg,-86.98914411270984,113.37512285110935,26.303719437494,ab,363,5,
7,58888.2722800998,ztfg,-79.76104036481243,124.14543941564355,26.3322516686202,ab,363,5,
8,58891.27483800007,ztfr,74.32130619575273,43.92230436798844,26.2726388365541,ab,363,5,
9,58894.25170140015,ztfr,194.43115595579812,19.38563185923427,26.2436305634094,ab,363,5,
10,58894.29474540008,ztfg,207.07729552102919,24.29840289546984,26.3063546212108,ab,363,5,
11,58898.25100689987,ztfg,711.1535246769398,20.301670820933744,26.2769185798167,ab,363,5,
12,58898.29354170011,ztfr,595.0724388036017,27.144056730694647,26.2405121523351,ab,363,5,
13,58904.20976850018,ztfr,1236.8869369078825,28.521049452400963,26.2188983307151,ab,363,5,
14,58904.25402780017,ztfg,1511.5633965531301,28.0065121593304,26.2687499975704,ab,363,5,
15,58911.2120254999,ztfr,1401.8391463827375,78.67044412362439,26.2264667297951,ab,363,5,
16,58914.161620399915,ztfr,530.6301750930487,104.21992687915782,25.447096302159,ab,363,5,
17,58914.20972219994,ztfg,994.9127842580652,60.934107270744356,25.9649851217295,ab,363,5,
18,58940.19020830002,ztfr,-17.075602494007512,62.68535077778054,23.3796079912673,ab,363,5,
19,58956.16783560021,ztfr,230.54314986761352,24.01129025722366,26.2132299157657,ab,363,5,
20,58956.20987269981,ztfg,95.08626133246459,24.180970114439507,26.1922264525063,ab,363,5,
