,time,band,flux,fluxerr,zp,zpsys,field,ccd,comment
0,58523.15049770009,ztfr,8.75287951468737,18.20823561573977,26.2480946722147,ab,454,24,
1,58534.14759259997,ztfg,-68.38237261730156,84.1031960382863,26.1594562606029,ab,454,24,
2,58538.12304400001,ztfr,18.02273564642482,39.29010168878314,25.9529769247385,ab,454,24,
3,58538.12878469983,ztfg,21.75740275551078,32.50465745559797,25.7371181325496,ab,454,24,
4,58542.150381899904,ztfr,53.343274456053,21.342461520914473,26.1768325453507,ab,454,24,
5,58547.1441434999,ztfr,299.49622892603037,22.527319009355143,26.2069288083631,ab,454,24,
6,58557.12134259986,ztfr,591.397588944869,79.49575761258085,26.1999937707325,ab,454,24,
7,58557.12958330009,ztfg,737.8514286432784,120.8832927127148,26.1294851836054,ab,454,24,
8,58560.1636458002,ztfg,489.811577561976,77.39574724411185,26.0010296878867,ab,454,24,
9,58572.12833329989,ztfr,120.10081037682491,86.46485544136331,24.9977581490076,ab,454,24,
10,58572.1333217998,ztfr,193.4379902864701,98.19384653654895,24.6766180087201,ab,454,24,
11,58572.13831020007,ztfr,-26.666734428002428,100.26351138305515,24.26961171764,ab,454,24,
12,58572.14329859987,ztfr,57.951689021893934,99.08215292203272,24.2267536954478,ab,454,24,
