,time,band,flux,fluxerr,zp,zpsys,field,ccd,comment
0,58648.189143499825,ztfr,-75.32688984630664,49.74584720110453,25.9893170897292,ab,372,15,
1,58651.18878469989,ztfg,-53.04632271703848,60.838415014789405,26.057869738654,ab,372,15,
2,58651.23104170011,ztfr,-2.7227846769611617,60.31990825274572,25.9885766915787,ab,372,15,
3,58654.17121529998,ztfr,-60.84678858621078,52.50385686179438,25.9879030289869,ab,372,15,
4,58654.252766199876,ztfg,-22.28205701742544,38.40590684895042,25.8484200714087,ab,372,15,
5,58662.171481499914,ztfr,-8.416229064714924,40.687900430683285,26.0110313278065,ab,372,15,
6,58662.19383100001,ztfg,41.130404510148956,23.91556545313408,26.0434837337409,ab,372,15,
7,58668.19091439992,ztfg,872.8696429479812,23.201595953822903,26.0391126158674,ab,372,15,
8,58672.173194400035,ztfg,3429.442590979018,56.64654713127283,25.9711640700852,ab,372,15,
9,58672.19059030013,ztfr,3485.6776169957166,41.67608548627124,25.9148711392854,ab,372,15,
10,58676.17086810013,ztfg,6725.847475688501,67.8885325179601,25.9815470864044,ab,372,15,
11,58676.19013890019,ztfr,6490.642853801249,56.73428991774982,25.9087008452727,ab,372,15,
12,58679.18989579985,ztfr,7996.793471618723,68.97726850273098,25.9543557633042,ab,372,15,
