,time,band,flux,fluxerr,zp,zpsys,field,ccd,comment
0,58487.48415509984,ztfg,31.634249559196437,15.7237340022789,26.1788142315136,ab,422,32,
1,58487.52929400001,ztfr,32.45752916153084,16.528277382970508,26.1829939926128,ab,422,32,
2,58491.48069440015,ztfg,-83.82348662680154,49.89049094276309,25.4924694548273,ab,422,32,
3,58494.5009606001,ztfg,-1.548887704419879,12.548443298488454,26.1838996423529,ab,422,32,
4,58494.54388889996,ztfr,-17.150523466362014,19.00677658559318,26.0546961854615,ab,422,32,
5,58502.45516199991,ztfg,37.28696886652527,55.86369526518215,26.1451698070456,ab,422,32,
6,58502.52370369993,ztfr,-49.143186531523035,37.99253716718997,26.1864642936139,ab,422,32,
7,58505.45939810015,ztfg,131.1771387722404,96.8319092951951,26.2018806783625,ab,422,32,
8,58505.541840299964,ztfr,144.6583405467754,86.20317930914929,26.2054179974457,ab,422,32,
9,58511.46245370014,ztfg,589.9499620251191,27.460013868814762,26.1854817140187,ab,422,32,
10,58512.49696760019,ztfr,60.69545718478359,28.564461219616778,24.0373966420213,ab,422,32,
11,58514.419131900184,ztfr,215.50254035830986,18.383176910352216,24.7100034613587,ab,422,32,
12,58514.46050930023,ztfg,162.2394806869889,21.68553958037466,24.2754468573883,ab,422,32,
13,58524.42190970015,ztfg,1339.6623214610693,37.19037961229218,26.1671374609965,ab,422,32,
14,58524.46519679995,ztfr,1183.638145698883,30.63186380561734,26.1504653765699,ab,422,32,
15,58539.27504630014,ztfg,121.67478139747746,20.833062968306372,24.5650369508169,ab,422,32,
16,58539.33540510014,ztfr,436.6601069732926,29.997806539034993,25.6045137738318,ab,422,32,
17,58543.355810199864,ztfr,677.3195069495061,19.61088893160996,26.1534182538063,ab,422,32,
18,58543.37873840006,ztfg,197.53756761369098,25.91712003769199,25.2652362148688,ab,422,32,
19,58546.29160880018,ztfg,311.27023622750625,31.578759734282144,26.0770506845529,ab,422,32,
20,58556.373078700155,ztfg,133.00080536937455,83.60014588461793,26.1906784711653,ab,422,32,
21,58559.29082180001,ztfr,467.2340175253589,34.11599079427376,26.1362774229247,ab,422,32,
22,58559.353634300176,ztfg,102.98500739093522,41.03234182249999,26.1625750851337,ab,422,32,
23,58567.29230319988,ztfg,113.15990137697793,36.544746663716474,26.0876808437691,ab,422,32,
24,58567.35767359985,ztfr,250.2061529833266,47.86912068099147,26.1164823547158,ab,422,32,
25,58572.2960994998,ztfr,104.68677893551893,22.388448859381402,25.3416104383133,ab,422,32,
26,58575.29259259999,ztfg,53.486025447284035,13.533827765023556,24.9804718908518,ab,422,32,
