,time,band,flux,fluxerr,zp,zpsys,field,ccd,comment
0,58591.18349540001,ztfg,-54.22476571639742,59.27612028432266,26.2196244374446,ab,522,6,
1,58591.356053200085,ztfr,-8.143177315787693,122.6504968660945,25.9990982906014,ab,522,6,
2,58594.15689809993,ztfr,22.443030329564642,17.978357578894016,26.1543000459343,ab,522,6,
3,58597.25270830002,ztfg,-3.1953335185244955,15.942007011865323,26.2337825003706,ab,522,6,
4,58597.348842599895,ztfr,27.740244828423993,26.580032214494487,26.0688137682493,ab,522,6,
5,58601.22817130014,ztfg,-1.6918913043125612,10.319262028635432,26.2315466115411,ab,522,6,
6,58601.25619209977,ztfr,-3.669988416951417,14.001556588076266,26.1428658107559,ab,522,6,
7,58605.210462999996,ztfg,6.902216797966604,9.489724665821834,26.1977909785698,ab,522,6,
8,58608.2084144,ztfg,63.27186523479801,12.107513222037376,26.2094802648003,ab,522,6,
9,58608.214583300054,ztfr,79.78929082768852,16.11489571839303,26.0825210549799,ab,522,6,
10,58612.17328700004,ztfg,468.3028108077517,14.720665683936113,26.2076139459204,ab,522,6,
11,58612.192036999855,ztfr,492.4573873262331,18.734135517704075,26.0936080992041,ab,522,6,
12,58618.29348379979,ztfr,442.13488476684535,112.95870010125228,25.0562387649548,ab,522,6,
13,58634.16979169985,ztfr,1093.5127474091187,18.8290076167032,26.104106377502,ab,522,6,
14,58634.19347220007,ztfg,900.3455207977087,16.505384064636733,26.118635066818,ab,522,6,
15,58637.179537000135,ztfr,886.5226460783186,17.78274728417677,26.0440424448678,ab,522,6,
16,58637.21724539995,ztfg,617.4926148751052,18.227383180231712,26.0538844332964,ab,522,6,
17,58640.17153939977,ztfg,527.5595408196177,30.46711518826967,26.1169906153809,ab,522,6,
18,58640.22013889998,ztfr,783.764299254136,27.96246381138773,26.0074144252856,ab,522,6,
19,58645.19447920006,ztfg,350.33690439134494,43.64393929399394,26.1126368679193,ab,522,6,
20,58648.17086810013,ztfg,363.1185788132244,73.84175165152486,26.1341025456108,ab,522,6,
21,58648.19747690018,ztfr,776.6631235389382,64.33615797381374,26.0438029776214,ab,522,6,
22,58662.177835599985,ztfr,354.45724260072564,45.92504951087696,26.0493583665246,ab,522,6,
23,58662.20197919989,ztfg,155.4113313531388,27.346132551795847,25.9976043088637,ab,522,6,
