,time,band,flux,fluxerr,zp,zpsys,field,ccd,comment
0,58469.09342590021,ztfr,-7.050058672069071,23.014634907231944,26.2424352354703,ab,597,58,
1,58469.14174770005,ztfg,-34.83093527292394,33.65995741303189,26.2152089162544,ab,597,58,
2,58472.13020829996,ztfg,-19.346566655307722,43.38410398772355,26.3207515918219,ab,597,58,
3,58475.1410416998,ztfr,34.37345464134031,41.59817807522089,26.2329133470255,ab,597,58,
4,58482.109259299934,ztfg,1003.2841214724804,40.54388991578852,26.2732546191169,ab,597,58,
5,58487.13249999983,ztfg,1739.392372125657,29.664557843037286,26.2421704575828,ab,597,58,
6,58492.109479200095,ztfr,73.51761782969993,82.52893136635805,23.437319137849,ab,597,58,
7,58510.093576400075,ztfr,878.6196955038173,94.0116430659887,26.002319222292,ab,597,58,
8,58510.09848379996,ztfr,749.4239867497712,73.80143798968521,25.9550162579447,ab,597,58,
9,58510.10340279993,ztfr,810.6252956806552,57.37961474842785,26.0709538821587,ab,597,58,
10,58510.10831019981,ztfr,832.2819054159322,77.58402439389549,26.0988690032246,ab,597,58,
11,58511.094421300106,ztfr,831.8118955725863,47.36584530320542,26.072437822491,ab,597,58,
12,58511.099363400135,ztfr,838.6281523127213,44.007725804656,26.0961745090952,ab,597,58,
13,58511.104305599816,ztfr,817.6611700358292,57.14898436557341,26.0867516338334,ab,597,58,
14,58511.109247699846,ztfr,725.8154422720465,62.78421550604718,25.9846526344056,ab,597,58,
15,58514.10065970011,ztfr,855.0979365365552,35.342438638656844,26.1252644173926,ab,597,58,
16,58514.10557870008,ztfr,831.7993420245677,31.136292622075775,26.1001438751649,ab,597,58,
17,58514.11048609996,ztfr,800.6421034198031,32.94743938417297,26.0819889013499,ab,597,58,
