,time,band,flux,fluxerr,zp,zpsys,field,ccd,comment
0,58214.19502309989,ztfr,12.628190983232427,38.58986636878163,24.663608197525,ab,417,56,
1,58217.19929399993,ztfr,-5.377816718604749,27.432823910499383,25.8531013003237,ab,417,56,
2,58217.21574069979,ztfr,-8.706282282252303,23.935518787695507,26.0350321233066,ab,417,56,
3,58223.17990740016,ztfr,-19.450116794131628,18.82156328807904,26.1340642417762,ab,417,56,
4,58229.166562499944,ztfg,-20.188046793884155,40.884666734381135,26.2862935870159,ab,417,56,
5,58234.229039399885,ztfg,430.9253722764464,80.23783810451194,26.2425458746662,ab,417,56,
6,58244.15314809978,ztfr,1778.4482267056057,35.5903834461383,26.148863016961,ab,417,56,
7,58244.1924883998,ztfg,2071.1368484455093,30.053265408615594,26.2074207282074,ab,417,56,
8,58247.2161226999,ztfr,1857.475191403471,26.925875745575294,26.1267780287857,ab,417,56,
9,58255.17061340017,ztfg,1639.0149857853355,30.004574674355656,26.2652743119325,ab,417,56,
10,58259.170300900005,ztfg,74.502626668337,57.87379962035704,24.2090659418254,ab,417,56,
11,58259.235092599876,ztfr,12.477385436532956,80.63263831500083,22.9428797607286,ab,417,56,
