,time,band,flux,fluxerr,zp,zpsys,field,ccd,comment
0,58776.51119210012,ztfr,735.2568725555069,47.118466509174816,25.90751286925,ab,819,2,
1,58779.514826400205,ztfg,577.6819560342052,22.901607324341633,25.9253898001299,ab,819,2,
2,58785.50846059993,ztfr,565.2035632289377,23.483007385704703,25.9345746366224,ab,819,2,
3,58789.511388900224,ztfg,270.726698178836,15.28741007477602,25.9817945267873,ab,819,2,
4,58792.51343750022,ztfr,519.2086234777812,24.728934082042564,25.9212909528968,ab,819,2,
5,58792.530520800035,ztfg,227.53069800283245,14.433400547522218,26.0015250252341,ab,819,2,
6,58799.49251159979,ztfr,492.98557152769365,35.28345408528578,25.9647568302651,ab,819,2,
7,58802.54886570014,ztfg,107.96653942292878,32.214770304296735,26.067503350909,ab,819,2,
8,58805.53087959997,ztfg,100.49952069884321,27.37737484968748,26.0588992251335,ab,819,2,
9,58812.42807869986,ztfg,77.78882894118078,20.937359651949382,25.964187975606,ab,819,2,
10,58812.55809029983,ztfr,232.7159470139786,17.09137901200085,25.9928208146405,ab,819,2,
