,time,band,flux,fluxerr,zp,zpsys,field,ccd,comment
0,58600.46373840002,ztfr,2016.1610080559874,53.96116648349146,28.041745311399,ab,868,54,
1,58601.45150459977,ztfg,2133.0034919014333,78.25229266983384,28.52846935394,ab,868,54,
2,58601.483402799815,ztfr,3409.8633862616985,78.95185695123871,28.6193678164861,ab,868,54,
3,58607.49224539986,ztfr,300.75973811406584,22.904149716193704,26.0791176497436,ab,868,54,
4,58618.43354169978,ztfg,30.28710998171671,27.56421517843722,24.1371050719131,ab,868,54,
5,58628.42631939985,ztfr,912.4558107367852,151.49022778960878,28.5341804232037,ab,868,54,
6,58635.40456019994,ztfr,64.93346109707889,16.17288537214411,26.0335443281196,ab,868,54,
7,58638.451249999925,ztfg,60.19658051357271,34.48392378895957,26.0901528669866,ab,868,54,
8,58638.47306710016,ztfr,45.307059838972606,44.057652295654165,26.0644187136786,ab,868,54,
9,58641.4540161998,ztfg,20.151953647722927,12.149999073935632,26.1286358664099,ab,868,54,
10,58644.42693290021,ztfg,33.36519332851406,22.781745441458124,26.0987693415597,ab,868,54,
11,58647.3583217999,ztfg,55.49040693542847,41.35893086923617,26.1180925300959,ab,868,54,
12,58650.31912040012,ztfr,87.77547991097525,44.91680103706838,26.0863266591919,ab,868,54,
13,58653.3634722,ztfg,6.9264254029064,47.75200179574005,26.0644296397038,ab,868,54,
14,58653.43094909983,ztfr,103.18687789111237,32.185413597784816,26.0826913031448,ab,868,54,
