,time,band,flux,fluxerr,zp,zpsys,field,ccd,comment
0,59188.53493059985,ztfg,50.47405756246075,44.127153537142746,26.2191897952986,ab,720,26,
1,59189.54136569984,ztfi,11.256978719380728,22.417186746261155,25.6838777851409,ab,720,26,
2,59192.51590280002,ztfr,41.32648407446052,59.945258159740455,26.2318120980049,ab,720,26,
3,59192.5443519,ztfg,18.995872120128716,40.539124895698464,25.2671109345673,ab,720,26,
4,59194.51046299981,ztfr,-55.04415574231733,25.6901811297977,26.1918429265657,ab,720,26,
5,59194.541828699876,ztfg,-47.4656592906122,40.15239181990062,26.2467035625384,ab,720,26,
6,59199.51599540003,ztfr,234.82055278980025,36.72536978551565,26.2728806727461,ab,720,26,
7,59199.53939810023,ztfg,196.31276982417396,32.295611966011506,26.2795658425128,ab,720,26,
8,59202.50922450004,ztfg,905.083969283842,28.843268016057742,26.244411923447,ab,720,26,
9,59202.53444440011,ztfr,972.0678686385687,65.71929496987696,26.2914448393372,ab,720,26,
10,59204.47722220002,ztfg,1496.473756381442,26.64390112682642,26.1539430919188,ab,720,26,
11,59204.516030100174,ztfr,1564.3251555338447,25.108407672250078,26.2849342841998,ab,720,26,
12,59204.54918979993,ztfi,763.9003264643085,19.586646551729917,25.7436612551123,ab,720,26,
