,time,band,flux,fluxerr,zp,zpsys,field,ccd,comment
0,58979.29657409992,ztfr,11.553003830224121,51.05935114884997,26.1776132397983,ab,372,18,
1,58986.18868059991,ztfg,15.852005775281558,13.072467789929805,26.1883189618843,ab,372,18,
2,58986.25415509986,ztfr,10.90910904533027,15.234092644961867,26.2344664918247,ab,372,18,
3,58992.19040510012,ztfg,-17.331978667586565,16.35816628360684,26.1817615572307,ab,372,18,
4,58992.23099539988,ztfr,-1.0208677172787568,15.197295700650852,26.2218407953773,ab,372,18,
5,58995.168229199946,ztfg,9.356885855577945,20.09960848741017,26.1723054719765,ab,372,18,
6,58998.19038189994,ztfg,132.77622897623195,17.725636720654325,26.1998738214625,ab,372,18,
7,58998.23035879992,ztfr,77.3967945254217,17.80981946388046,26.226364417614,ab,372,18,
8,59005.25368059985,ztfr,411.37078512683286,59.139998786815795,26.2440897703683,ab,372,18,
9,59011.20305560017,ztfg,797.0444905487637,20.42480206368249,26.0484010301662,ab,372,18,
10,59011.23501159996,ztfr,719.5560780971424,30.101467697338038,26.1777575434202,ab,372,18,
11,59014.19799769996,ztfg,939.10810746611,20.41242483630145,26.2577181129668,ab,372,18,
12,59014.218865700066,ztfr,827.3004192548804,28.27871110459129,26.2554625006107,ab,372,18,
13,59018.21009259997,ztfr,831.1805931670287,23.492650249119016,26.2515356232752,ab,372,18,
14,59021.213368100114,ztfg,748.7489014706645,19.83876312897496,26.1815570760887,ab,372,18,
15,59021.2334143999,ztfr,772.8157128830535,24.60762388931251,26.2106921534841,ab,372,18,
16,59024.19499999983,ztfg,673.4445385787691,18.405976782658808,26.2282736996292,ab,372,18,
17,59024.221203700174,ztfr,497.109772007033,23.096768362570014,25.8209652369965,ab,372,18,
18,59027.17160880007,ztfr,556.1014089921467,44.974496571557935,26.1544885850906,ab,372,18,
19,59027.211331000086,ztfg,450.54282732359604,35.75726291528542,25.9890307475959,ab,372,18,
20,59037.18729169993,ztfr,412.11711111243415,52.881866288143165,26.2416401421591,ab,372,18,
21,59037.21119209984,ztfg,245.44307712016214,98.9641690603902,26.1340598636622,ab,372,18,
