,time,band,flux,fluxerr,zp,zpsys,field,ccd,comment
0,58966.43915509991,ztfg,1227.888259100774,30.20813919725479,26.2095352960593,ab,385,63,
1,58966.460486100055,ztfr,1594.985602168117,68.50388386821064,26.3369635502211,ab,385,63,
2,58969.43609949993,ztfg,1435.7512010920861,33.48468031324452,25.9037879566594,ab,385,63,
3,58972.4601619998,ztfg,2655.9228555143673,34.74927729369126,26.3306433985845,ab,385,63,
4,58976.356030100025,ztfr,2876.3688247839555,147.46304978965017,26.1978322081828,ab,385,63,
5,58976.4607406999,ztfg,2763.2434192136093,98.43499972616519,26.3040178104401,ab,385,63,
6,58979.43250000011,ztfg,2472.099907796878,98.15339468585545,26.1840285922646,ab,385,63,
7,58987.37351850001,ztfr,2548.046938519114,47.62732154758791,26.3442033756733,ab,385,63,
8,58987.438807900064,ztfg,2109.6836127653637,31.282420424285792,26.3378145710958,ab,385,63,
9,58993.39469909994,ztfr,1571.1314057773643,59.3409702665415,26.2584623463869,ab,385,63,
10,58996.43628469994,ztfg,1131.3451280608235,34.72702888089115,26.33001452138,ab,385,63,
11,58996.4614467998,ztfr,1813.565092208835,50.262648251546985,26.4138333259092,ab,385,63,
12,58999.35531250015,ztfr,1327.0756650406445,49.319344578876105,26.0905699667444,ab,385,63,
13,59010.34407409979,ztfr,1372.8774611071615,76.02368356216591,26.3872088821845,ab,385,63,
14,59010.4806597,ztfg,465.22066522235514,94.41318626756045,26.3109604380251,ab,385,63,
15,59013.353437500075,ztfr,1139.7480538954612,56.984125943621464,26.3721908180217,ab,385,63,
16,59013.38657409977,ztfg,355.731092616232,38.990720999545374,26.3635723853842,ab,385,63,
17,59016.355405100156,ztfg,274.23028773621775,23.53004886651237,25.9612595996309,ab,385,63,
18,59016.48063659994,ztfr,990.3607309053745,61.37339050930002,26.3039400956462,ab,385,63,
19,59019.27295139991,ztfg,250.48790394410582,31.366889203304996,26.2360266159196,ab,385,63,
20,59019.35795139987,ztfr,934.3765889993039,47.50915633393053,26.3735752632229,ab,385,63,
21,59023.336053200066,ztfg,218.6270918575349,30.15578356364117,26.3610107793049,ab,385,63,
22,59023.37908559991,ztfr,770.7302087759488,49.943605143491865,26.3574979302315,ab,385,63,
23,59029.27202549996,ztfg,349.84078136374103,151.295587498225,26.2761438643284,ab,385,63,
