,time,band,flux,fluxerr,zp,zpsys,field,ccd,comment
0,58494.4977545999,ztfg,-24.49407449979056,14.15360838854177,26.3045929485567,ab,472,43,
1,58502.52461809991,ztfr,66.84477446810853,42.30900058095514,26.3235069273175,ab,472,43,
2,58505.459861100186,ztfg,168.61285633307475,107.03104022485743,26.3211993766283,ab,472,43,
3,58505.5225463002,ztfr,-154.63160756436963,122.1379917686839,26.3045519481199,ab,472,43,
4,58509.503888899926,ztfg,-25.21225161512459,59.0854555366116,26.2961264813354,ab,472,43,
5,58511.49804400001,ztfg,52.98594233814593,22.39989239861793,26.1403814786839,ab,472,43,
6,58512.45579859987,ztfr,4.4405050063587375,23.49295882865321,22.9544995065135,ab,472,43,
7,58512.49741900014,ztfr,-23.495655643905963,26.97284323560241,23.8842448802941,ab,472,43,
8,58524.42099539982,ztfg,1591.0188841870522,40.38401093851704,26.2708443605397,ab,472,43,
9,58524.45158560015,ztfr,1111.237436972311,22.35448809035227,26.3094479373287,ab,472,43,
10,58538.31581019983,ztfg,808.3051941970043,35.05201311298405,25.5963041240907,ab,472,43,
11,58538.357175900135,ztfr,793.1609610256055,54.261387136759694,25.7291804463796,ab,472,43,
12,58543.29517359985,ztfg,262.0309315554607,26.577241444421173,24.6357584192484,ab,472,43,
13,58543.33675929997,ztfr,1001.0852913187559,27.08719140560595,26.1247878212503,ab,472,43,
14,58547.31603009999,ztfg,821.7603988583598,26.892461605400918,26.2421853176469,ab,472,43,
15,58556.33563659992,ztfg,479.1593941793412,59.86828846585727,26.2806022155588,ab,472,43,
16,58559.29172449978,ztfr,686.5127805243843,33.35019756908002,26.2878262844968,ab,472,43,
17,58559.31364580011,ztfg,272.37815786819516,39.91135531695276,26.2623270155387,ab,472,43,
18,58567.31215280015,ztfg,81.72850022027481,40.85393007527929,26.1959598245979,ab,472,43,
19,58567.31510420004,ztfr,560.0535024297968,33.08892609992715,26.256870677277,ab,472,43,
20,58572.29384260019,ztfr,223.72939128848853,21.92336919091827,25.706910153674,ab,472,43,
21,58572.314710599836,ztfg,80.17949070341693,20.3258577347588,25.8447208609884,ab,472,43,
22,58575.23336810013,ztfr,96.81212519620348,18.778958491826806,25.0052548668484,ab,472,43,
23,58580.25174769992,ztfg,116.80945873685083,18.762784044639513,26.1991786714477,ab,472,43,
24,58580.27513890015,ztfr,296.01651544331526,19.66884125010814,26.3030895488432,ab,472,43,
25,58583.25368059985,ztfr,230.09219708032933,30.16052947935653,26.2414458750193,ab,472,43,
