,time,band,flux,fluxerr,zp,zpsys,field,ccd,comment
0,58797.53637730004,ztfr,389.04776660372704,33.26601190216524,25.8680822328802,ab,370,6,
1,58797.54141200008,ztfr,406.0671257743272,33.55998737985486,25.9069570066128,ab,370,6,
2,58797.5464583002,ztfr,398.45652421261104,35.92224900100313,25.9248500489993,ab,370,6,
3,58797.55150459986,ztfr,454.94016237212617,41.90598898995423,25.9401769766365,ab,370,6,
4,58799.5394444,ztfr,405.7682712329097,61.26269933497005,25.9418824509551,ab,370,6,
5,58799.544409700204,ztfr,640.2147918625915,56.796746308372406,25.9769232492361,ab,370,6,
6,58799.549374999944,ztfr,614.5381418676958,64.58242495933845,25.99986136736,ab,370,6,
7,58799.55435189977,ztfr,553.5918876898256,77.46376988485781,25.9913384520829,ab,370,6,
8,58801.53988429997,ztfr,192.11655871231795,67.78841291869257,24.7112059584498,ab,370,6,
9,58801.54503470007,ztfr,251.51654822418783,62.766673022893784,25.2438926575465,ab,370,6,
10,58801.550173600204,ztfr,341.024130226082,69.6838894329984,25.2886203795701,ab,370,6,
11,58801.55530089978,ztfr,284.59984595700155,104.94502957714334,25.1871739892451,ab,370,6,
12,58803.54396989988,ztfr,787.9419999480024,47.28885230034957,25.9741785109252,ab,370,6,
13,58803.548750000075,ztfr,871.2897672196024,39.84534150680988,25.9945584377759,ab,370,6,
14,58803.55354169989,ztfr,788.7681044639149,50.084581178355435,26.0187347820656,ab,370,6,
15,58805.537812499795,ztfg,549.2780412121451,45.67108131468853,25.4718630266346,ab,370,6,
16,58830.56393520022,ztfg,282.8656410958829,47.12374335086629,26.2699023055827,ab,370,6,
17,58835.48129629996,ztfr,375.625210519988,167.98798428317005,26.1592590368658,ab,370,6,
18,58835.5452083,ztfg,267.0424526839206,85.79934467339974,26.2689131181613,ab,370,6,
19,58838.48121530004,ztfg,3.29199419752878,45.095184261610655,23.9319732245783,ab,370,6,
20,58838.54519680003,ztfr,-27.303537386609072,50.28796031594322,24.1090310412934,ab,370,6,
21,58850.4827083,ztfr,273.4395639698361,46.50721400674549,26.2068789300568,ab,370,6,
22,58853.50104170013,ztfg,72.40567934062992,14.338610689457038,26.2809347572611,ab,370,6,
23,58856.532349499874,ztfg,52.28643896472085,35.67344885765006,26.3026086833772,ab,370,6,
