,time,band,flux,fluxerr,zp,zpsys,field,ccd,comment
0,59175.48093750002,ztfr,1.5520079641709401,49.940458509872464,24.3111121917274,ab,263,17,
1,59175.5229282002,ztfg,49.85753784392458,34.292139299551515,23.2845693988009,ab,263,17,
2,59176.54399310006,ztfr,397.11333441950086,52.1827374927021,26.2085787346699,ab,263,17,
3,59177.48218750022,ztfr,398.6825243981278,38.79881440998679,26.2362514937875,ab,263,17,
4,59177.50663190009,ztfg,133.81354876096532,47.55542710559224,26.1650444209671,ab,263,17,
5,59179.48093750002,ztfg,189.43990549685947,34.07782177538211,26.1593690216412,ab,263,17,
6,59181.48055560002,ztfr,325.9130989340089,77.8996193184306,26.2412145326503,ab,263,17,
7,59183.48196760006,ztfr,615.6328222564415,281.90670884193395,23.782652062729,ab,263,17,
8,59185.48196760006,ztfg,85.50889753525992,65.57849145392186,26.1676168102828,ab,263,17,
9,59188.50307870004,ztfr,337.76523363854085,61.16046712148482,26.2577444875652,ab,263,17,
10,59188.5240162001,ztfg,-13.913045940195403,75.54912905971133,26.2018682782265,ab,263,17,
11,59190.439085599966,ztfr,-51.98609247997805,151.08812498042732,23.0854540451567,ab,263,17,
12,59193.44782410003,ztfg,-12.624677180457184,35.04048436613733,26.1147183490713,ab,263,17,
13,59193.50116899982,ztfr,207.38798424682912,41.30206897168357,26.2174993473737,ab,263,17,
14,59196.43923609983,ztfg,58.34430682686795,48.27967527593719,26.1547273246519,ab,263,17,
15,59196.4603587999,ztfr,187.75240982015396,117.06155688725006,26.237358554,ab,263,17,
16,59199.41876159981,ztfg,27.641872475923865,41.20864760472229,26.1721317773535,ab,263,17,
17,59199.502152800094,ztfr,125.41815849182497,62.123800376467464,26.2370289124913,ab,263,17,
18,59201.439988399856,ztfr,75.35859404820624,51.33422083364069,26.22856367468,ab,263,17,
19,59201.483078700025,ztfg,68.81243080239496,55.58480343074336,26.1783494284502,ab,263,17,
20,59203.439143499825,ztfr,172.7860706514576,82.68056579959588,26.2391281829151,ab,263,17,
