,time,band,flux,fluxerr,zp,zpsys,field,ccd,comment
0,58224.22001159983,ztfr,30.731395334793852,22.254905742658277,25.775989408922,ab,421,18,
1,58224.28184030019,ztfr,37.23052775835046,22.910373588901244,26.0675054385577,ab,421,18,
2,58229.261377300136,ztfg,51.08070524056304,27.935556706783075,26.2528183371196,ab,421,18,
3,58233.19001160003,ztfr,73.05322410521333,41.873334309080406,26.232255818805,ab,421,18,
4,58233.21210649982,ztfg,-26.032445681493062,37.52364393216402,26.2231781469485,ab,421,18,
5,58237.23197920015,ztfg,-137.5775648690493,102.89710334692582,26.218408924758,ab,421,18,
6,58243.16783560021,ztfr,314.53068950284325,23.875116297848045,26.2030461477338,ab,421,18,
7,58243.208993100096,ztfg,332.99332800526224,23.125950590296867,26.2428537374368,ab,421,18,
8,58249.188877299894,ztfg,776.8703990417976,20.3913416196303,26.1321366288996,ab,421,18,
9,58249.23207180016,ztfr,561.1728044315341,47.504816019951264,25.9356978654792,ab,421,18,
10,58259.18540510023,ztfg,69.43867700484739,33.8449775757889,23.4661785573411,ab,421,18,
11,58259.24861110002,ztfr,1.8438493459477456,42.598328634241525,23.4076314449605,ab,421,18,
12,58270.25297449995,ztfg,329.8686652637996,48.96751652549885,26.0322165551465,ab,421,18,
13,58274.23175929999,ztfg,244.39780340224675,13.901557200165767,26.134178354491,ab,421,18,
14,58278.19018519996,ztfg,164.50097309425024,29.254707441031996,26.1180166710506,ab,421,18,
15,58278.251794000156,ztfr,444.22159276693634,36.96232298000955,26.111076353326,ab,421,18,
16,58281.19023150019,ztfr,372.31378916359023,25.539823653026488,26.1740493728086,ab,421,18,
17,58284.17159719998,ztfr,239.55641595903148,26.95894596030192,26.1366308378986,ab,421,18,
18,58294.175763899926,ztfg,67.74015574555659,50.92365950950444,26.1626321753483,ab,421,18,
