,time,band,flux,fluxerr,zp,zpsys,field,ccd,comment
0,58777.525914399885,ztfr,414.8666075484442,71.91126965101604,25.7947093804228,ab,419,2,
1,58777.53069439996,ztfr,355.45093659685244,86.799321458937,25.8204108555185,ab,419,2,
2,58777.53547450015,ztfr,149.0584402751101,112.66062712330914,25.8448511224931,ab,419,2,
3,58777.54025459988,ztfr,-154.9174412710991,330.44303636116814,25.8449338795723,ab,419,2,
4,58779.52719909977,ztfr,276.8671725144045,42.97720688715645,25.8263662469657,ab,419,2,
5,58779.532199100126,ztfr,311.3820489649141,52.368561916718804,25.8751686183203,ab,419,2,
6,58779.537199100014,ztfr,387.24239145675443,62.06535083764545,25.8725120404722,ab,419,2,
7,58779.54221059987,ztfr,583.2896758321967,188.66758206382872,25.935865614646,ab,419,2,
8,58781.527638900094,ztfr,248.92970812234205,279.9859283401173,25.8649222374712,ab,419,2,
9,58781.53265050007,ztfr,868.1704662631428,350.1016100688786,25.8876861041609,ab,419,2,
10,58781.53767360002,ztfr,1148.5673950950818,382.08835225737334,25.932638346103,ab,419,2,
11,58781.542708300054,ztfr,493.3359004385264,382.5414801861051,25.963919930914,ab,419,2,
12,58783.530567099806,ztfr,366.69803632665554,132.67130327662835,25.8728538999658,ab,419,2,
13,58783.53542819992,ztfr,319.9483934517037,74.99706958214277,25.8902083748254,ab,419,2,
14,58783.540289400145,ztfr,476.31929727407294,118.3428599819402,25.8983321914388,ab,419,2,
15,58783.54516200023,ztfr,259.2858438207834,150.4514961681095,25.9296766459915,ab,419,2,
16,58786.524155099876,ztfg,50.746685526466145,81.24775751863444,24.1411603889772,ab,419,2,
17,58789.52003470017,ztfg,214.47022815576318,24.407288494855035,25.8589001594539,ab,419,2,
18,58792.52025459986,ztfr,270.24539307003,25.948885569189283,25.9025072545969,ab,419,2,
19,58792.53965280019,ztfg,240.59132857955066,22.935675306465985,25.9417733831412,ab,419,2,
20,58799.48523150012,ztfr,194.99868943194951,54.19748052004767,25.8875832081689,ab,419,2,
21,58804.51915509999,ztfg,-20.896427994005748,60.33109955681121,25.9969295134529,ab,419,2,
22,58804.54777779989,ztfr,172.95973233993809,51.7385547928131,25.9771868257103,ab,419,2,
23,58828.564675900154,ztfr,47.57864953927002,36.12315951861318,26.1276077162988,ab,419,2,
24,58831.442291699816,ztfr,123.77865113702445,94.1639683629525,26.0915719758947,ab,419,2,
25,58836.50266199978,ztfr,48.12895713317434,32.442992582903884,26.1306613085624,ab,419,2,
26,58836.547268500086,ztfg,-14.163698906202985,27.19644695384857,26.1907209805009,ab,419,2,
