,time,band,flux,fluxerr,zp,zpsys,field,ccd,comment
0,58210.232847199775,ztfg,885.3711818750363,57.81107994906499,25.7988455640757,ab,417,49,
1,58210.26363429986,ztfg,1036.3312057679416,57.42743719171021,25.976912867197,ab,417,49,
2,58214.19502309989,ztfr,201.48538642559652,38.810125955048754,24.4862805093084,ab,417,49,
3,58217.19929399993,ztfr,757.8095702189672,32.38434788441399,25.8182050063311,ab,417,49,
4,58217.21574069979,ztfr,904.2540761518796,28.032983103410192,26.0091319102619,ab,417,49,
5,58223.17990740016,ztfr,743.2712492396478,23.44507273630923,26.1139901725885,ab,417,49,
6,58229.166562499944,ztfg,416.0266694438147,45.271965650860885,26.2197345267717,ab,417,49,
7,58234.229039399885,ztfg,155.58174616894053,78.35865965682152,26.1791001165452,ab,417,49,
8,58244.15314809978,ztfr,317.9231082471274,30.852703626057966,26.1189316884126,ab,417,49,
9,58244.1924883998,ztfg,94.05956526261961,24.368281115998624,26.1660692169005,ab,417,49,
10,58247.2161226999,ztfr,275.5885674488388,19.947383374397447,26.0927899424777,ab,417,49,
11,58255.17061340017,ztfg,82.9754531884447,25.141537513292135,26.2063585355247,ab,417,49,
12,58259.170300900005,ztfg,-100.24192989369274,55.34747267096705,24.2048129568006,ab,417,49,
