,time,band,flux,fluxerr,zp,zpsys,field,ccd,comment
0,58642.41773150023,ztfg,3211.9041049586435,28.09745748051954,26.0444919485389,ab,286,31,
1,58642.470625000075,ztfr,7579.33798812684,41.76232358324586,26.1098208114983,ab,286,31,
2,58645.399664400145,ztfg,2490.351247631261,26.821959680849186,25.9503951268791,ab,286,31,
3,58650.420300900005,ztfr,4936.427049300163,77.76557867326393,26.0967929775951,ab,286,31,
4,58650.48030090006,ztfg,1972.0595109712576,84.81966666162621,25.9744614071603,ab,286,31,
5,58657.39723380003,ztfr,3645.736129876624,70.07253089080794,26.103549500617,ab,286,31,
6,58657.48156249989,ztfg,1765.257429798125,127.21481619229473,25.9503365034804,ab,286,31,
7,58661.41991900001,ztfr,3143.3401072348684,38.522729017291404,26.0991272297368,ab,286,31,
8,58661.48122690013,ztfg,1514.6018021555121,66.63002081678908,25.9470497862712,ab,286,31,
