,time,band,flux,fluxerr,zp,zpsys,field,ccd,comment
0,58827.55493059987,ztfr,405.5446582491514,52.52049531936859,26.0548097219688,ab,374,50,
1,58827.559733800124,ztfr,415.43163481981315,45.89302585623427,26.0541294841516,ab,374,50,
2,58827.56453699991,ztfr,443.7015214115308,58.33415693200675,26.0810883318469,ab,374,50,
3,58827.569340299815,ztfr,507.00240419838565,71.40188780699334,26.0743300952852,ab,374,50,
4,58829.55646990007,ztfr,245.1767285259294,296.6371410395175,24.3878876656951,ab,374,50,
5,58829.56121530011,ztfr,-263.509653864813,312.0968701732182,24.2530678119883,ab,374,50,
6,58829.56597220013,ztfr,-261.145738107039,218.7141329106214,24.0869760201686,ab,374,50,
7,58829.5707291998,ztfr,-600.9243441021083,298.05621405564636,24.1230918980297,ab,374,50,
8,58831.56568290014,ztfg,458.9229710074268,136.77592592021705,26.2641822345236,ab,374,50,
9,58852.52215280011,ztfg,239.66219128355903,28.152307242500356,26.2526664543251,ab,374,50,
10,58861.50084490003,ztfg,23.124646273705267,92.29787039731961,26.2591807379192,ab,374,50,
11,58861.578877300024,ztfr,200.82822952315593,98.36970776119463,26.247077538988,ab,374,50,
12,58873.52141200006,ztfr,129.87126451528096,22.45065202354044,26.2457082027467,ab,374,50,
13,58873.54554399988,ztfg,54.106431866226444,27.158481859170163,26.2951539936119,ab,374,50,
14,58876.522187499795,ztfg,18.457214909707744,19.393718621256557,26.3137389807033,ab,374,50,
15,58879.481898100115,ztfg,97.97535300593714,72.59172849255218,26.248834803906,ab,374,50,
16,58885.459571800195,ztfg,42.45993659580182,71.86346780215574,26.2879342338982,ab,374,50,
17,58885.52204860002,ztfr,54.32359499002907,33.30250027111633,26.2551541859737,ab,374,50,
18,58888.48421300016,ztfr,140.80087869758623,100.96402728932433,26.2669673300555,ab,374,50,
19,58888.52348379977,ztfg,54.89799192211347,210.48774637873612,26.325405551144,ab,374,50,
