,time,band,flux,fluxerr,zp,zpsys,field,ccd,comment
0,58487.42628470017,ztfr,2.583382430774437,30.24510465449312,26.2690627398331,ab,464,20,
1,58487.45104169985,ztfg,9.242508871810845,16.356338147537464,26.2616402120626,ab,464,20,
2,58491.42707179999,ztfg,-16.37719466726381,26.190748202959405,25.9527947740638,ab,464,20,
3,58495.26155090006,ztfg,-30.15410671497948,30.60522334532065,26.2019138937483,ab,464,20,
4,58503.2886458002,ztfr,-102.60108710404796,442.0009685239118,25.9209811654575,ab,464,20,
5,58506.45627309987,ztfg,-43.94859124130837,129.58107311135694,26.2185301082607,ab,464,20,
6,58509.23438660009,ztfg,132.07020666942,61.344432407962415,26.2223451544486,ab,464,20,
7,58509.289293999784,ztfr,176.98599833490107,60.08395266356436,26.1305958092945,ab,464,20,
8,58523.22799770022,ztfr,784.4215466013146,20.986909231958222,26.1355984643146,ab,464,20,
9,58523.23538189987,ztfg,989.462491477614,26.171668064962834,26.2268030997674,ab,464,20,
10,58526.226446799934,ztfr,860.2111975104795,31.072235205451317,26.1907230309135,ab,464,20,
11,58526.39840279985,ztfg,504.32611611525437,46.92953958570804,25.5559005354206,ab,464,20,
12,58534.25180559978,ztfg,894.0102007511083,219.20744322834958,26.2385271564612,ab,464,20,
13,58534.31520830002,ztfr,661.0767460873728,177.34141751636997,26.2277580896053,ab,464,20,
14,58538.25266199978,ztfg,84.26570897758174,23.322861222819512,24.5236669487062,ab,464,20,
15,58540.25787039986,ztfr,375.18239186968526,24.60108114218323,25.9595683837917,ab,1458,48,
16,58541.288958299905,ztfr,133.15899517991036,41.63792285964168,24.5911216510955,ab,464,20,
17,58547.191736099776,ztfr,392.22943370479766,19.440644725569836,26.2363864819279,ab,464,20,
18,58547.29025459988,ztfg,164.39691602669728,24.316907948568726,26.2067053381201,ab,464,20,
19,58558.23461809987,ztfr,278.00155583751615,64.75859603079925,26.0119667524082,ab,1458,48,
20,58567.169178199954,ztfg,49.46883912394132,16.69280072554111,26.184319599502,ab,464,20,
21,58569.1709143999,ztfg,329.62432218470894,77.34521505868952,27.7648513004988,ab,464,20,
22,58569.25499999989,ztfr,632.4515996310391,148.26813078462035,27.6030827493869,ab,464,20,
23,58569.33787039993,ztfg,-105.66110671142579,222.8887519445503,26.8174626319495,ab,464,20,
24,58572.17100689979,ztfg,64.26284344926637,19.79892900875137,25.0248452526047,ab,464,20,
25,58575.14756939979,ztfr,38.92286972504835,29.861066406161537,25.180701976307,ab,464,20,
26,58575.18924769992,ztfg,36.045708128312,15.607172655797992,25.6395675763349,ab,464,20,
