,time,band,flux,fluxerr,zp,zpsys,field,ccd,comment
0,59178.54494210007,ztfr,85.2796138538298,22.19047946625444,26.2928417260076,ab,264,39,
1,59180.50064809993,ztfg,202.6119989385333,127.73972688230587,26.2232399690071,ab,264,39,
2,59180.54221059987,ztfr,32.45274120651507,155.65367152059417,26.2878234337675,ab,264,39,
3,59182.48009259999,ztfr,-92.01697469823507,85.63482311761769,26.2690510233638,ab,264,39,
4,59182.52223380003,ztfg,70.69044060510012,96.79027318255928,26.2220042998912,ab,264,39,
5,59184.52287039999,ztfg,203.02296357252368,83.17591784161252,26.2474161740555,ab,264,39,
6,59185.4829051001,ztfg,23.99472809335271,66.75231346163706,26.1985744326706,ab,264,39,
7,59185.522766199894,ztfr,3.827601095912881,60.405350649818416,26.2800276977933,ab,264,39,
8,59188.503541700076,ztfr,4.667459479497047,72.45961220991661,26.2969379099321,ab,264,39,
9,59188.523541700095,ztfg,-3.242495857173317,79.75208196840647,26.2514304035267,ab,264,39,
10,59193.4594676001,ztfg,311.82923829912,44.789461264263686,26.1605997628452,ab,264,39,
11,59193.52054399997,ztfr,374.6870718736654,35.505203145604526,26.2763160275115,ab,264,39,
12,59195.52329860022,ztfg,574.4841404514176,72.26638614358352,26.0764946446215,ab,264,39,
13,59198.43900460005,ztfr,960.6645028920004,51.30907265579759,26.2826283434219,ab,264,39,
14,59200.43892360013,ztfg,596.823738394159,32.93332779672093,25.6109904853489,ab,264,39,
15,59200.50278940005,ztfr,377.0710246456507,109.266799989726,25.0112696961337,ab,264,39,
16,59203.459062499925,ztfr,1208.3778163091833,63.101622169189355,26.2811883353945,ab,264,39,
17,59206.43873840012,ztfr,427.6612757609142,41.605517878990355,25.0452386655003,ab,264,39,
