,time,band,flux,fluxerr,zp,zpsys,field,ccd,comment
0,58243.14886569977,ztfr,29.406734436447188,34.71135452931467,26.2586039141578,ab,420,34,
1,58243.19031250011,ztfg,-24.232537967585504,26.367998213561407,26.2601179123237,ab,420,34,
2,58250.213506899774,ztfr,16.952430846048387,67.07830473817819,26.2938802063431,ab,420,34,
3,58259.248148099985,ztfr,-26.977009283574066,44.66692258074897,23.0223795987221,ab,420,34,
4,58268.16737269983,ztfg,2050.739975180455,67.95250981811444,26.2170668586859,ab,420,34,
5,58271.186979200225,ztfr,3507.675046902351,39.04646953344871,26.2223143193301,ab,420,34,
6,58274.211955999956,ztfg,4567.125893293263,30.439578466752813,26.2047441853454,ab,420,34,
7,58278.19165509986,ztfg,4902.079110457087,36.60083907564644,26.1528166050346,ab,420,34,
