,time,band,flux,fluxerr,zp,zpsys,field,ccd,comment
0,58741.20496529993,ztfg,-52.9102237536425,157.859219557455,25.9430998892393,ab,343,35,
1,58744.35590279987,ztfr,-79.48808770726461,42.75746016736862,26.1049547603638,ab,343,35,
2,58747.408726899885,ztfr,-13.613082307922703,33.65688875007354,26.0451099288934,ab,343,35,
3,58750.27386569977,ztfr,-3.9921648880101306,39.74104193577566,26.0355231341199,ab,343,35,
4,58757.292928200215,ztfr,54.94418917223125,29.21031326547549,26.1273420265063,ab,343,35,
5,58760.271516200155,ztfr,265.48926556252417,25.652357567920664,26.1223464162703,ab,343,35,
6,58760.336909700185,ztfg,290.0083756899431,28.08108298058598,26.0398720327832,ab,343,35,
7,58764.33465280011,ztfg,792.5989858002415,35.293123550286786,26.0167783444801,ab,343,35,
8,58769.18432869995,ztfr,1403.0166082188339,113.13792152693448,26.090677059858,ab,343,35,
9,58772.28697919985,ztfg,593.0476820528042,123.13556296480606,24.7400211173977,ab,1387,10,
10,58773.232303199824,ztfr,552.9788947581449,88.01691248976356,24.7527885445205,ab,343,35,
11,58778.18745370023,ztfg,1803.9288201394013,26.95658052299645,26.0829423009153,ab,343,35,
12,58778.316400500014,ztfr,1719.5519772832404,72.98381427481193,26.0753233351762,ab,343,35,
13,58782.22915509995,ztfg,1473.338463553453,39.824219552364745,26.0825311409529,ab,343,35,
14,58787.188298599795,ztfr,1068.7253385941244,68.57773317575204,26.1258528121234,ab,343,35,
15,58790.168229199946,ztfr,1076.49835800463,37.84451744648041,26.1242492791239,ab,343,35,
16,58790.25583329983,ztfg,654.1217234912655,36.90838733578624,26.0312218875536,ab,343,35,
17,58796.105810199864,ztfr,899.4004642608505,89.80860637022928,26.120442683225,ab,343,35,
18,58796.16787040001,ztfg,426.85490877445295,91.44587153911019,26.0861299522717,ab,343,35,
19,58800.255659699906,ztfr,730.5957945420888,59.58296504430108,25.9377613854477,ab,343,35,
20,58803.20856480021,ztfg,153.82523888270313,52.015861961962905,25.632775337588,ab,343,35,
21,58803.23407409992,ztfr,538.7525787636287,44.63724529627259,25.8172587629825,ab,343,35,
22,58806.174930599984,ztfg,213.00471518087556,22.781559751228652,26.0390210459214,ab,343,35,
23,58812.14027780015,ztfg,166.94854815285575,26.39434458291413,26.0427276182625,ab,343,35,
24,58812.1741204001,ztfr,390.4837519496497,33.003135358487874,26.1090685850517,ab,343,35,
