,time,band,flux,fluxerr,zp,zpsys,field,ccd,comment
0,58320.16951389983,ztfg,-3.282598621235378,49.95836557369572,26.1639455649824,ab,578,33,
1,58324.165011600126,ztfr,13.010521885752182,61.35727701231061,26.1570902051428,ab,578,33,
2,58333.183310199995,ztfg,195.6530842181897,24.073067230168096,26.0290866511932,ab,578,33,
3,58336.176388899796,ztfg,357.6360146074454,21.80888170818942,26.1155713311683,ab,578,33,
4,58336.19687499991,ztfr,373.552632042008,26.99199474996553,26.1716349294314,ab,578,33,
5,58348.15406250022,ztfg,675.4528767738403,93.5350577523615,26.0282680200764,ab,578,33,
6,58352.14228009991,ztfg,661.5112880272005,96.33919285807701,26.031429194402,ab,578,33,
