,time,band,flux,fluxerr,zp,zpsys,field,ccd,comment
0,58688.314675900154,ztfg,-14.63121140905764,20.435249452666127,26.0733748695993,ab,387,20,
1,58691.37728009978,ztfr,8.326338386069807,24.853598768056152,26.1258982180555,ab,387,20,
2,58694.31410880014,ztfg,-14.434670173052176,15.873128731543726,26.1490813568578,ab,387,20,
3,58694.336168999784,ztfr,-12.744931154874674,22.491688524441084,26.1774801622482,ab,387,20,
4,58697.37863430008,ztfr,16.259389939997344,18.884582175041228,26.1576934618954,ab,387,20,
5,58700.32818289986,ztfg,10.873992864567635,15.643027233788857,26.1232270143169,ab,387,20,
6,58700.37734950008,ztfr,-50.32300452850901,29.865348633850424,26.1153439829889,ab,387,20,
7,58704.3727545999,ztfg,66.06197067004135,33.74292963906856,26.0968738235407,ab,387,20,
8,58710.21991899982,ztfg,338.9607763477218,105.64801910749718,26.1542030992085,ab,387,20,
9,58714.23146989988,ztfg,796.9107177585573,33.14114210846703,26.1317845830808,ab,387,20,
10,58718.32488430012,ztfr,1026.2176937730192,55.33095108538468,26.1431854379444,ab,387,20,
11,58721.24159719981,ztfg,776.4712549022644,35.25705753172146,25.5959957180603,ab,387,20,
12,58725.18893520022,ztfg,1245.7770226105208,24.344668548525572,26.1028427108529,ab,387,20,
13,58732.188877299894,ztfg,949.7248479017964,29.424078510763938,26.0674037704956,ab,387,20,
14,58732.23402780015,ztfr,1051.5092105072122,28.10895971064639,26.1295209401194,ab,387,20,
15,58738.20895829983,ztfg,541.314969097301,93.80072330781094,26.1316968834059,ab,387,20,
16,58745.11372689996,ztfr,692.1776948261739,42.46268214769181,26.1538827079969,ab,387,20,
17,58749.20613430021,ztfg,264.3983816862152,23.030500177761088,26.053289056627,ab,387,20,
18,58757.143101899885,ztfg,147.90224347238382,22.695839424079253,26.1210569903244,ab,387,20,
19,58757.21469909977,ztfr,511.27866324331126,29.77679679631047,26.1629573164588,ab,387,20,
20,58758.12178240018,ztfr,471.82609594161346,33.30111854930473,26.1374653883854,ab,387,20,
21,58761.12709489977,ztfr,361.8529517660438,35.03474934555849,26.1506426666609,ab,387,20,
22,58765.23921300005,ztfg,148.20539170654473,95.23660967236613,26.0135114975041,ab,387,20,
23,58768.24043980008,ztfg,-47.41784125497003,112.58409210078983,25.9355463754435,ab,387,20,
24,58771.090185199864,ztfr,241.51426151816884,69.28775893212644,26.114647115056,ab,387,20,
25,58771.18577549979,ztfg,94.37027354101316,76.68828063876309,26.0379759167527,ab,387,20,
