,time,band,flux,fluxerr,zp,zpsys,field,ccd,comment
0,59048.41979169985,ztfr,12420.461400697268,48.289148791518784,26.2391260092516,ab,296,22,
1,59048.46071759984,ztfg,12231.478925038615,47.38935239270688,26.2353350272798,ab,296,22,
2,59054.41812499985,ztfr,10429.64499318183,47.309243079902735,26.2517147915686,ab,296,22,
3,59054.480138900224,ztfg,10035.736652366928,44.21466696262443,26.2656948680196,ab,296,22,
4,59061.43575230008,ztfr,6756.641169064047,40.58842848798604,26.2490848475566,ab,296,22,
5,59064.418576399796,ztfr,6233.2521507900265,72.215398995482,26.2480258557054,ab,296,22,
6,59064.46128469985,ztfg,4566.425932646565,103.4160352231292,26.2948021472069,ab,296,22,
7,59084.42418979993,ztfg,991.2665802368897,18.889886720460378,26.1449191075687,ab,296,22,
8,59092.45752310008,ztfg,935.3321203175122,53.70575878631165,26.1957779665939,ab,296,22,
9,59095.334294000175,ztfg,1161.6838549946074,188.05069584929552,26.0912830737486,ab,296,22,
10,59095.39752310002,ztfr,1932.402744497858,104.25575070219709,26.1980937131419,ab,296,22,
