,time,band,flux,fluxerr,zp,zpsys,field,ccd,comment
0,58915.23201389983,ztfg,-3.624370103460074,68.81048346354667,26.2115615338826,ab,418,52,
1,58915.358298600186,ztfr,19.021188147842125,53.01765680702429,26.1684763346917,ab,418,52,
2,58940.175150500145,ztfg,438.4073276433259,32.724070119295874,26.2560835106441,ab,418,52,
3,58940.23162040021,ztfr,240.56418053147314,35.74057269647779,26.0497855178683,ab,418,52,
4,58955.182754599955,ztfg,1097.9655279074327,21.743818483602233,26.2613426172392,ab,418,52,
5,58955.20951389987,ztfr,847.5291774334886,21.928450795779188,26.1818554480367,ab,418,52,
6,58963.18986110017,ztfg,650.9983818488267,16.526635505912097,26.2444071913599,ab,418,52,
7,58963.246458299924,ztfg,667.5519481715238,16.934768379972603,26.2321574992368,ab,418,52,
8,58966.168182900175,ztfr,363.1977269388103,24.41698607702018,25.7574651715654,ab,418,52,
9,58966.23293979978,ztfg,56.14223994280235,23.36248664872387,23.9586976768624,ab,418,52,
10,58969.171770799905,ztfr,-11.600749846421959,44.368560844724364,22.8840425678167,ab,418,52,
11,58973.16998839984,ztfr,375.2845285189259,56.38309977279598,26.1828462888045,ab,418,52,
12,58976.17442130018,ztfg,194.65074924960956,57.080379222678054,26.3125290583534,ab,418,52,
13,58976.24938660022,ztfr,453.34390334294596,53.42106476641013,26.164230893161,ab,418,52,
14,58981.17068290012,ztfg,161.9678698611723,14.65537315563303,26.2856333872726,ab,418,52,
15,58981.2120254999,ztfr,310.6332932234438,22.77575749494043,26.1708778789179,ab,418,52,
16,58987.16946760006,ztfr,255.95662226087813,17.853980780224326,26.2007968761279,ab,418,52,
17,58987.214062499814,ztfg,97.02853270858098,15.358733804209352,26.2530561502851,ab,418,52,
18,58993.22872690018,ztfg,40.15910101466793,22.951303940290664,26.1170736383755,ab,418,52,
19,58997.16256939992,ztfg,51.590337194957435,36.020951246978996,26.2038472825057,ab,418,52,
20,58997.231076399796,ztfr,154.20753943525187,28.608691566485867,26.0626104711056,ab,418,52,
