,time,band,flux,fluxerr,zp,zpsys,field,ccd,comment
0,58955.19143520016,ztfr,6.0784128399487125,20.92987582710328,26.0893416402434,ab,466,60,
1,58963.16925929999,ztfg,-7.7649122574035125,14.400405185664672,26.1804349390765,ab,466,60,
2,58966.18781250017,ztfr,37.36016079940253,40.94760771831742,22.7878547891356,ab,466,60,
3,58966.213958300184,ztfg,29.579453758454633,21.49452623477521,25.183751447811,ab,466,60,
4,58972.172002300154,ztfr,378.95134593665904,41.6930054015054,26.1112112614102,ab,466,60,
5,58972.2113541998,ztfg,232.9682911719047,60.980586397874006,26.1314646541343,ab,466,60,
6,58975.165092600044,ztfr,428.5144288994083,46.48072427384493,26.0079620797249,ab,466,60,
7,58975.21270829998,ztfg,607.1713864729306,75.41166568661443,26.1324146987248,ab,466,60,
8,58978.23283560015,ztfr,507.53847407917345,39.60254330239512,26.0400708098174,ab,466,60,
9,58981.15539349988,ztfg,758.3048926564196,32.53491994284173,26.1816820960189,ab,466,60,
10,58981.213437499944,ztfr,640.0213224303443,39.28205592665706,26.0374065765771,ab,466,60,
11,58987.159548600204,ztfr,648.3582309623039,32.434650840825626,26.1067741428436,ab,466,60,
