,time,band,flux,fluxerr,zp,zpsys,field,ccd,comment
0,58723.13912039995,ztfr,13.498396818200497,36.66944081351862,25.9881857290566,ab,479,57,
1,58723.152638900094,ztfg,4.517584209458423,25.050191051581912,26.03445261702,ab,479,57,
2,58726.1642593001,ztfg,-12.711914197530463,20.395450532293875,26.0012582689797,ab,479,57,
3,58728.14859949984,ztfg,-13.22558241512625,19.623076889746983,25.9093427747533,ab,479,57,
4,58734.1495949002,ztfg,-78.68962996168332,67.48341961386267,26.0204177149645,ab,479,57,
5,58748.11697919993,ztfr,473.3627595673727,52.32766666019871,25.8659985804317,ab,479,57,
6,58748.12204860011,ztfr,570.9162812609845,69.06849249288506,25.8850293184754,ab,479,57,
7,58748.12711809995,ztfr,579.4420666045582,43.19217854213708,25.8298011073437,ab,479,57,
8,58750.11276620021,ztfr,574.0355705875684,200.7403887568479,25.9224096548268,ab,479,57,
9,58750.1176967998,ztfr,805.296959289208,83.07588846213255,25.9266484688972,ab,479,57,
10,58750.12261570012,ztfr,650.8826782321621,69.21805493517599,25.8946838019904,ab,479,57,
11,58750.1275231,ztfr,679.1732197652751,67.19611891198801,25.8719632950391,ab,479,57,
12,58754.11525460007,ztfr,862.7483297416346,58.69095688160168,25.91520645158,ab,479,57,
13,58754.12008100003,ztfr,898.8160330691313,49.49684704179122,25.9007719773643,ab,479,57,
14,58754.124895799905,ztfr,788.5826920558908,52.16511891528279,25.8816973632864,ab,479,57,
