,time,band,flux,fluxerr,zp,zpsys,field,ccd,comment
0,58830.5452083,ztfg,-31.50474625245773,50.125380891136096,26.1566406441944,ab,319,17,
1,58836.519166700076,ztfr,142.97763850239048,43.46841733583463,26.1843916418332,ab,319,17,
2,58850.48225690005,ztfr,624.3330749036558,47.3187069109225,26.1967024993912,ab,319,17,
3,58853.48938659998,ztfg,532.6494678232758,20.01093812330093,26.1796812133232,ab,319,17,
4,58873.50372690009,ztfr,238.21094709843504,32.93560315183892,25.8458174315348,ab,319,17,
5,58876.353136599995,ztfr,183.46509322021933,26.312123852641317,26.1127398801198,ab,319,17,
6,58880.33589120023,ztfr,150.91258432858783,51.278132131012924,26.1076727330882,ab,319,17,
7,58880.419722199906,ztfg,41.26856158215546,24.672873021415565,26.182289957954,ab,319,17,
8,58885.420277799945,ztfg,-20.972472747116086,86.3255413010793,26.027404974801,ab,319,17,
9,58885.48415509984,ztfr,113.39535380571385,77.43297265890008,26.1981884068387,ab,319,17,
10,58888.528506900184,ztfg,102.86919964642816,323.43416964387467,26.1218622905063,ab,319,17,
11,58892.31222219998,ztfr,-91.24944853101002,144.21349858341995,26.1145629430855,ab,319,17,
12,58892.37640050007,ztfg,55.32882346429404,51.13468385843718,26.1281726808717,ab,319,17,
13,58895.39725690009,ztfg,65.99188743004817,27.886109308346263,26.1475647359514,ab,319,17,
14,58895.41894679982,ztfr,109.60281218786238,31.84921497570553,26.1872925967096,ab,319,17,
15,58900.3552778,ztfg,31.225198944002297,22.759890517056387,26.1260861641093,ab,319,17,
