,time,band,flux,fluxerr,zp,zpsys,field,ccd,comment
0,58522.13767360011,ztfg,-67.28694418671378,29.937567251034302,26.2179662767112,ab,401,59,
1,58523.12062499998,ztfg,13.617946882303965,20.82189137325739,26.2537254519777,ab,401,59,
2,58539.13069440005,ztfg,1423.0460420981042,28.10554352274653,26.148606186801,ab,401,59,
3,58540.11232639989,ztfr,1739.0710093787611,29.587668996393877,26.1418500703414,ab,401,59,
4,58540.113240700215,ztfr,1729.9368531074476,30.47304270499392,26.1632359595047,ab,401,59,
5,58540.13113430003,ztfg,1840.3861271091414,28.567484845003356,26.1704713372275,ab,401,59,
6,58540.13204859989,ztfg,1780.6243965900276,28.960777188467155,26.1726350114874,ab,401,59,
