,time,band,flux,fluxerr,zp,zpsys,field,ccd,comment
0,58487.1241088002,ztfr,-20.17924371717533,19.6679879678831,26.181824845674,ab,399,52,
1,58487.12502310006,ztfr,-17.86156049695042,20.23289335022587,26.1825699916409,ab,399,52,
2,58487.145659700036,ztfg,5.891706823021328,17.423016298202047,26.3002333680397,ab,399,52,
3,58490.16114579979,ztfr,-11.483844056689902,22.76508987604714,26.1605984339204,ab,399,52,
4,58491.11339120008,ztfr,-22.420952258483297,27.119431883441848,26.1606264793152,ab,399,52,
5,58491.11430560006,ztfr,20.338109071651623,28.19224051563514,26.1627489904189,ab,399,52,
6,58491.15974539984,ztfg,-26.602467927187153,28.29166676432304,26.26657134601,ab,399,52,
7,58491.16067129979,ztfg,13.178604892512757,25.652048792063862,26.2602301541043,ab,399,52,
8,58492.185011600144,ztfg,23.049127504851757,40.14815850889581,24.3665890861367,ab,399,52,
9,58493.16686340002,ztfg,40.20146730356411,23.610525209429674,26.2401891306991,ab,399,52,
10,58494.11024310021,ztfr,22.357435188081904,22.090941209085564,26.157960560501,ab,399,52,
11,58494.11115740007,ztfr,11.468334815297322,20.701209285127543,26.1474143008734,ab,399,52,
12,58494.15074069984,ztfg,-18.032027037850536,16.647428968137547,26.2407929371022,ab,399,52,
13,58494.160416699946,ztfg,9.385968765189018,19.0013606031808,26.2343867607612,ab,399,52,
14,58495.1588773001,ztfg,3.5120084163668523,34.51656530383919,25.7324939436997,ab,399,52,
15,58503.17141199997,ztfg,95.76635175617069,65.46945711888726,26.2071833398231,ab,399,52,
16,58503.18694439996,ztfg,81.71554496802301,72.57424851151481,26.1991033151472,ab,399,52,
17,58505.174074099865,ztfg,166.44576099670178,111.7200329614129,26.187207383106,ab,399,52,
18,58507.19703700021,ztfg,287.13056339227273,45.006549499653346,26.0887384059299,ab,399,52,
19,58507.19817129988,ztfg,246.3518416419485,46.20007767019994,26.0976673227651,ab,399,52,
20,58509.17291670013,ztfg,595.8989199306046,65.7792605423198,26.1301291731492,ab,399,52,
21,58510.14592589997,ztfg,715.0785100807599,64.12885216022471,26.0294268770368,ab,399,52,
22,58511.11234949995,ztfr,929.8159134136412,38.73613332527011,26.1120821077668,ab,399,52,
23,58511.12947920011,ztfg,933.1646447078747,25.07326947353928,26.0846633096763,ab,399,52,
