,time,band,flux,fluxerr,zp,zpsys,field,ccd,comment
0,58591.183958299924,ztfg,-105.24937317841417,43.29615293791051,26.1785482833596,ab,572,63,
1,58591.35416670004,ztfr,38.267911534073306,135.87185393076555,25.7602487639931,ab,572,63,
2,58593.26853010012,ztfr,49.53366591201476,37.09818133154074,26.21080656001,ab,1617,20,
3,58594.1564468001,ztfr,-30.885214923100524,15.162699305696616,26.099366317051,ab,572,63,
4,58597.25410880009,ztfg,15.562227128490656,13.744711748654325,26.162764101685,ab,572,63,
5,58597.34839119995,ztfr,-10.298251656981872,28.44227521684477,25.9923358470496,ab,572,63,
6,58601.2290856,ztfg,-0.10588760506316906,12.550610448758013,26.1540871357571,ab,572,63,
7,58601.260300899856,ztfr,-1.2511753134856038,17.0625839790418,26.0875370156182,ab,572,63,
8,58605.21136569977,ztfg,27.171947560859966,10.433819702523973,26.1624558702234,ab,572,63,
9,58608.20751160011,ztfg,45.953814807073954,11.142310539543466,26.1452977100577,ab,572,63,
10,58608.21548609994,ztfr,29.503250276596464,16.177174864509986,26.0463715552498,ab,572,63,
11,58612.174652799964,ztfg,357.77836741220176,13.48531207243331,26.1267790071048,ab,572,63,
12,58612.19438660005,ztfr,338.4167359239297,15.881484900590511,26.0549092865063,ab,572,63,
13,58618.265474500135,ztfr,1187.9781592853965,38.770024123417286,26.1196894729705,ab,1617,20,
14,58618.294386600144,ztfr,100.84882814553087,122.65287129635566,24.3578363714256,ab,572,63,
15,58634.17069440009,ztfr,1150.3523723378487,20.5601691680751,26.0482343728856,ab,572,63,
16,58634.19437499996,ztfg,1057.8320240644164,18.096057159130254,26.0461450287177,ab,572,63,
17,58637.17768519977,ztfr,935.9015551326222,20.516370621285965,25.9974342207028,ab,572,63,
18,58637.222719899844,ztfg,772.4847847623448,17.783318888362675,25.9655418719337,ab,572,63,
19,58640.172905100044,ztfg,678.1961942471066,30.636688735229296,26.0494290455709,ab,572,63,
20,58640.22150459979,ztfr,810.5728231766586,25.505131867299152,25.9562398848251,ab,572,63,
21,58645.19996530004,ztfg,391.17100103794894,40.41842747545569,26.0026005991163,ab,572,63,
22,58648.171770799905,ztfg,381.75050624269795,77.82473576607975,26.0805162850698,ab,572,63,
23,58648.19932870008,ztfr,720.549915736254,84.18645040016649,26.0018727461546,ab,572,63,
24,58662.17966439994,ztfr,319.26352275995566,58.66307593571219,25.9889996908212,ab,572,63,
25,58662.202430599835,ztfg,113.45190243580902,37.095217455573334,25.9233108111944,ab,572,63,
