,time,band,flux,fluxerr,zp,zpsys,field,ccd,comment
0,58369.49677080009,ztfg,183.2507726457277,20.768091187129155,26.1208904733411,ab,616,59,
1,58372.51606479986,ztfr,256.47170180359575,43.79203994767398,26.1989884435158,ab,616,59,
2,58375.468981499784,ztfg,119.09944568475987,20.528969426634866,26.1341519585035,ab,616,59,
3,58375.5147338002,ztfr,245.59369030994046,22.56413892572138,26.1987878006086,ab,616,59,
4,58378.493830999825,ztfg,71.59821752413795,19.269127635952174,26.2163398315625,ab,616,59,
5,58378.50887730019,ztfr,166.2050753605406,26.35495937305432,26.2113269418296,ab,616,59,
6,58382.52342589991,ztfr,241.13374099976392,27.186738892680125,26.200375943352,ab,616,59,
7,58385.49303240003,ztfg,13.619808830800558,52.29352961975402,26.2315607269666,ab,616,59,
8,58385.52576390002,ztfr,115.6237895291836,42.60194881552323,26.1929513143329,ab,616,59,
9,58388.475868099835,ztfg,102.25636279471561,36.565441012751236,26.2117741161077,ab,616,59,
10,58388.520659700036,ztfr,139.3718723839142,26.628707947564394,26.2223319969646,ab,616,59,
