,Name,values,errors
0,M_b,-19.096250831529364,0.001958752402998839
1,alpha,0.12262311196290838,0.0018938000034425379
2,beta,2.9694246212843107,0.01862091214005487
3,omega_m,0.3,0.0
