,Name,values,errors
0,M_b,-19.089288663208464,0.0020435921169921567
1,alpha,0.12725579742210677,0.0019771710208305567
2,beta,2.9700397720259217,0.01918895861984687
3,omega_m,0.3,0.0
