,Name,values,errors
0,M_b,-19.094590835803068,0.0020626513669504466
1,alpha,0.12637547521949877,0.0019427695625484033
2,beta,2.938210102261077,0.018819191946612183
3,omega_m,0.3,0.0
