,Name,values,errors
0,M_b,-19.092930493761845,0.002030131066475034
1,alpha,0.12924552553654936,0.0019620655424655675
2,beta,2.9447837113424473,0.018881077151954903
3,omega_m,0.3,0.0
