,Name,values,errors
0,M_b,-19.092027404852256,0.0019617977571083013
1,alpha,0.12363721305121234,0.0019570326724121867
2,beta,2.945893324173698,0.019008924097471385
3,omega_m,0.3,0.0
