,time,band,flux,fluxerr,zp,zpsys,field,ccd,comment
0,58573.514398099855,ztfr,1744.3745203000333,42.582150795671076,26.1088605203637,ab,544,24,
1,58573.519270800054,ztfr,1707.2361238151989,57.001258410065596,26.1270473858606,ab,544,24,
2,58573.52414349979,ztfr,1851.9715311486348,75.11307526532966,26.1478740019501,ab,544,24,
3,58573.52901619999,ztfr,1949.9927850918502,75.73414116222224,26.157052086496,ab,544,24,
4,58593.44686339982,ztfr,826.0726723045757,67.70405298484337,26.1262938522269,ab,544,24,
5,58593.484780100174,ztfg,310.5184783807761,78.9393103715434,26.1255670846935,ab,544,24,
6,58601.49023150001,ztfr,701.0459281149508,29.67635729137152,26.2050357553922,ab,544,24,
