,time,band,flux,fluxerr,zp,zpsys,field,ccd,comment
0,58835.55525460001,ztfr,1767.2412538392578,135.9555792327933,26.1123853389791,ab,376,12,
1,58835.560011600144,ztfr,1987.5792781828359,133.001701016196,26.1081833529304,ab,376,12,
2,58835.56476850016,ztfr,1729.0622450820647,125.45121732113013,26.1333779246712,ab,376,12,
3,58835.56952549983,ztfr,1652.8092575376775,132.27968981120344,26.1319729732247,ab,376,12,
4,58837.558263900224,ztfr,2059.6942204437914,332.5356179911952,26.1405234403425,ab,376,12,
5,58837.567824100144,ztfr,1698.2317342892327,363.71409908128544,26.1680420044195,ab,376,12,
6,58837.57260419987,ztfr,1745.2237850494105,381.11573150222284,26.1688975108272,ab,376,12,
7,58851.54565969994,ztfg,809.4685768434452,60.38779148045222,25.2708052431685,ab,376,12,
8,58854.54509259993,ztfg,1512.2474238882044,190.01871307232088,26.2307739647197,ab,376,12,
9,58854.567835600115,ztfr,1171.7525217988382,148.0152116183425,26.2181583429235,ab,376,12,
10,58861.50174769992,ztfg,770.0193477660255,112.02624933080796,26.1452072729711,ab,376,12,
11,58875.48003470013,ztfg,299.74598344406417,33.79144535951325,26.1745469216122,ab,376,12,
12,58879.50144679984,ztfg,334.4084573210604,42.97897489415547,26.2368441145002,ab,376,12,
13,58885.460486100055,ztfg,223.45133759948067,80.0736911757466,26.2128074814957,ab,376,12,
