,time,band,flux,fluxerr,zp,zpsys,field,ccd,comment
0,58510.20769680012,ztfg,0.07968142874212329,56.18213955602998,25.7414206963345,ab,257,28,
1,58510.20861109998,ztfg,-45.58941595074798,62.11829673230854,25.3704738582825,ab,257,28,
2,58510.229838000145,ztfr,37.74144489607424,367.5285077798128,25.4406525890592,ab,257,28,
3,58510.230752300005,ztfr,-38.23485617342334,281.8605683132876,25.4325108189851,ab,257,28,
4,58523.18461810006,ztfr,42.31089270869851,30.753562316509903,25.9261774099621,ab,257,28,
5,58539.1891319002,ztfr,8912.733058331769,71.92401249795638,26.1807776899788,ab,257,28,
6,58539.19004630018,ztfr,8991.30557235457,66.58782443434184,26.1725543960389,ab,257,28,
7,58539.22750000004,ztfg,8505.659162123562,60.88138272219671,25.8963491907818,ab,257,28,
8,58539.228414400015,ztfg,8273.614086188476,59.89627226738649,25.8668639981744,ab,257,28,
9,58540.14659720007,ztfg,10699.105145834605,55.28943824691625,26.1140957734384,ab,257,28,
10,58540.18932869984,ztfr,9295.969753832169,46.30506115348046,26.1825172848486,ab,257,28,
11,58547.126863399986,ztfr,9980.690789872402,47.09696869450038,26.1957481105097,ab,257,28,
12,58547.21010420006,ztfg,9062.268933482383,51.09937030958661,25.9795024582094,ab,257,28,
13,58556.15224540001,ztfr,6392.87242234442,135.56912463711154,26.1670610589166,ab,257,28,
14,58557.146643499844,ztfg,6051.616036956866,168.63371625710218,26.0757603448905,ab,257,28,
15,58557.14844910009,ztfg,5987.922926485834,270.4430244367445,26.0901984916396,ab,257,28,
16,58558.11917820014,ztfg,5448.507025940296,153.9096477637535,26.0841612763299,ab,257,28,
17,58558.14777779998,ztfr,5777.700976083111,126.28420676381762,26.1500926410933,ab,257,28,
18,58562.11998840002,ztfr,4665.972195714244,162.65031918397383,26.0207466034104,ab,257,28,
19,58562.18667820003,ztfg,3152.3491806647544,206.39648030459543,25.8173450831393,ab,257,28,
20,58562.18759260001,ztfg,3690.854013970844,249.48759738446472,25.8153872208736,ab,257,28,
