,time,band,flux,fluxerr,zp,zpsys,field,ccd,comment
0,58491.56184029998,ztfr,2246.6921478835125,108.43529277006346,26.0486328278924,ab,328,9,
1,58491.566770799924,ztfr,2163.3786772754647,137.22456792104046,26.090217361619,ab,328,9,
2,58491.571689799894,ztfr,2351.2729605196278,109.8486309863606,26.0826042399073,ab,328,9,
3,58491.57662039995,ztfr,2140.8482989771373,154.85724178864191,26.1036965341646,ab,328,9,
4,58492.563449100126,ztfr,2184.608366441546,39.95977347466264,26.0830887057151,ab,328,9,
5,58492.56827550009,ztfr,2234.464432258003,40.198687593885516,26.0816527325749,ab,328,9,
6,58492.57310190005,ztfr,2279.300723815276,44.379414912700064,26.112702759649,ab,328,9,
7,58492.5779281999,ztfr,2311.954808777041,62.566136903155694,26.1239219293673,ab,328,9,
8,58493.56336810021,ztfr,2104.6757412568372,48.9615405202424,26.0775833854694,ab,328,9,
9,58493.568136599846,ztfr,2126.7234498401776,47.91266033968147,26.0798293456954,ab,328,9,
10,58493.57290509995,ztfr,2154.740846745812,56.167473454142176,26.0875826243249,ab,328,9,
11,58493.57768520014,ztfr,2264.9977574567574,67.48562550149056,26.0968548831424,ab,328,9,
12,58494.56354170013,ztfr,2070.0493626829234,39.543527457358,26.0808210637195,ab,328,9,
13,58494.56853009993,ztfr,2024.3216439749185,52.58513162731626,26.0896942876204,ab,328,9,
14,58494.57350690011,ztfr,2065.5747426618364,53.74751368628223,26.1055851860434,ab,328,9,
15,58494.5785069,ztfr,2069.6987059401254,85.60631413464728,26.12257981621,ab,328,9,
16,58506.53905089991,ztfg,852.5621761432704,378.551153435619,26.1122328585801,ab,328,9,
17,58509.542963000014,ztfg,347.0939564606123,277.0797170980127,26.0432587855489,ab,328,9,
