,time,band,flux,fluxerr,zp,zpsys,field,ccd,comment
0,58574.35481479997,ztfg,17.837234083213986,23.42944475819927,22.3018300023594,ab,273,18,
1,58574.35571759986,ztfg,34.01539791818598,22.149492861657475,22.290834478332,ab,273,18,
2,58574.41849539988,ztfr,30.819548275296633,45.571773524287806,24.7241648368948,ab,273,18,
3,58582.35318290023,ztfg,-26.31875513687668,22.061378509444417,25.986506625654,ab,273,18,
4,58582.35409720009,ztfg,15.479414431684681,19.903695119778483,25.8047592874369,ab,273,18,
5,58582.39849539986,ztfr,58.223689294996056,58.3644041275727,24.212795150702,ab,273,18,
6,58583.31383100012,ztfr,22.434441035466207,58.26262817421188,26.0109001892474,ab,273,18,
7,58585.313182900194,ztfr,18.290517391383233,40.63951276489469,26.059796242003,ab,273,18,
8,58589.29305560002,ztfr,-96.78747835139286,121.32343713966306,24.9572795287499,ab,273,18,
9,58594.27222219994,ztfg,180.06575553831317,139.9356417567062,26.0119434323266,ab,273,18,
10,58594.334085599985,ztfr,-63.646878795413684,216.867563959948,26.1077808356959,ab,273,18,
11,58594.334988399874,ztfr,256.4803605704348,211.04353102684178,26.1082170325819,ab,273,18,
12,58598.27256939979,ztfg,214.51807750219888,20.991569234234486,25.9623067375614,ab,273,18,
13,58598.37531250017,ztfr,174.53791200103566,30.59593414042782,26.0741739995276,ab,273,18,
14,58601.30461810017,ztfr,314.6888405700801,26.884258636913,26.1328072188999,ab,273,18,
15,58602.293032399844,ztfr,359.1523895165073,36.49283808851835,26.1106312221038,ab,273,18,
16,58607.294131900184,ztfg,421.5593410410796,17.81873910598872,25.9364416920568,ab,273,18,
17,58607.33717590012,ztfr,414.15148817707745,38.349828542525415,26.0710528519968,ab,273,18,
18,58642.19004630018,ztfg,50.55834040127337,23.990590382403028,26.060632737936,ab,273,18,
19,58642.22612270014,ztfr,146.7989665296435,26.603447260925787,26.1237158406136,ab,273,18,
20,58645.19167819992,ztfg,32.040701068476196,73.79421748121939,25.866954362983,ab,273,18,
21,58649.188854199834,ztfg,60.40686550725468,156.03166050389348,25.9303486940139,ab,273,18,
22,58649.23059030017,ztfr,-73.97150867836531,97.38043736832182,26.0478159685993,ab,273,18,
23,58655.17089120019,ztfr,198.13422916105765,112.63571197160925,26.1061089345447,ab,273,18,
24,58655.23094910011,ztfg,93.87677154171381,35.50434641103655,25.9812270320136,ab,273,18,
25,58662.192013899796,ztfg,53.6289295062488,27.308845411682412,26.0053576292407,ab,273,18,
