,time,band,flux,fluxerr,zp,zpsys,field,ccd,comment
0,58469.50442129979,ztfg,160.73750221055965,21.45755982794271,26.1194371743851,ab,371,49,
1,58472.4818519,ztfg,687.8801916217946,48.41370080573852,26.1023991271913,ab,371,49,
2,58475.48850690015,ztfr,1035.5773093298612,44.07847011762628,26.086783634704,ab,371,49,
3,58476.51209490001,ztfr,1302.0943550149013,42.66330276198825,26.1259908688772,ab,371,49,
4,58487.49998839991,ztfg,3135.4993803329767,27.88747428166711,26.2195139748021,ab,371,49,
5,58487.52694439981,ztfr,2396.7020933039335,28.133273455256486,26.1465635766767,ab,371,49,
6,58491.50021990016,ztfg,2695.224559698448,33.146868784304495,26.1753690535352,ab,371,49,
7,58491.57930559991,ztfr,2209.175166076908,65.1734359235785,26.0756843659779,ab,371,49,
8,58494.5005092998,ztfg,2427.4229988788484,25.110180617602012,26.199684908452,ab,371,49,
9,58502.454699099995,ztfg,1379.8361883227365,62.146637240263345,26.1592607165585,ab,371,49,
10,58502.52187500009,ztfr,1314.9889470922426,40.44304379438453,26.1352732392343,ab,371,49,
11,58506.503055599984,ztfg,1142.8039780715842,98.16189064808738,26.2176212433689,ab,371,49,
12,58506.54737270018,ztfr,1217.880703483093,143.16124588581195,26.1215468869245,ab,371,49,
13,58511.46290510008,ztfg,631.3602226079223,32.96009667495763,26.1669629510001,ab,371,49,
14,58514.418182900175,ztfr,465.4449984343014,27.09487658617195,25.0727160884006,ab,371,49,
15,58524.46017359989,ztfr,791.0020018360963,33.897573051922315,26.1101196744752,ab,371,49,
16,58539.2994328998,ztfr,101.4876003362887,23.796041187340126,25.0337068637117,ab,371,49,
17,58539.37940970017,ztfg,98.36099941485703,35.48880803426776,25.5642761913599,ab,371,49,
