,time,band,flux,fluxerr,zp,zpsys,field,ccd,comment
0,58838.48069440015,ztfg,-62.93442786382822,35.442358427109454,24.0012315440046,ab,317,33,
1,58838.501574099995,ztfr,26.954070931671026,73.49116071141177,25.2730127774243,ab,317,33,
2,58850.48041669978,ztfr,26.599449857045357,46.34144652849911,26.2423489757967,ab,317,33,
3,58850.52442129981,ztfg,23.106103566891615,30.80159443513409,26.1988580063491,ab,317,33,
4,58853.47810189985,ztfg,-11.194612206632137,16.152604954431588,26.2179440193508,ab,317,33,
5,58856.38783559995,ztfr,-48.76865543188999,156.3405473589638,23.8825993336773,ab,317,33,
6,58864.336620400194,ztfr,245.3242188659021,36.81137011840836,26.1450322437652,ab,317,33,
7,58864.41737269983,ztfg,317.05118445469657,34.435828764095916,26.1748307081555,ab,317,33,
8,58873.31460649986,ztfr,512.7073389217244,29.5385874224707,26.074012060073,ab,317,33,
9,58876.354050899856,ztfr,665.0595568012754,26.37372597633162,26.2102601100124,ab,317,33,
10,58876.37590279989,ztfg,722.1707680713469,21.269409556678323,26.1772357966089,ab,317,33,
11,58879.35839120019,ztfr,393.377095565245,191.07525348374608,26.2388599031392,ab,317,33,
12,58879.46704859985,ztfg,844.1968087476868,124.82895683152014,26.1845956139531,ab,317,33,
13,58886.438472200185,ztfg,280.9780696904866,67.88668774921199,26.2190617518855,ab,317,33,
14,58892.338657400105,ztfg,264.3561826941218,55.34940642438329,26.1588575121585,ab,317,33,
15,58895.42258099979,ztfr,299.403525886935,37.08999488882276,26.218922404583,ab,317,33,
16,58900.27118059993,ztfr,259.4582078562095,32.94641347417094,26.1795319354863,ab,317,33,
17,58900.314085599966,ztfg,121.6135452459913,30.197510546800633,26.1565737834739,ab,317,33,
18,58905.24950229982,ztfr,151.5192255320274,42.75542386529705,26.1745106265793,ab,317,33,
19,58913.24968749983,ztfr,86.27031771730373,35.06862178964387,26.1298853045726,ab,317,33,
20,58913.27142360015,ztfg,27.637891072639015,36.47858427701825,26.0393669984778,ab,317,33,
