,time,band,flux,fluxerr,zp,zpsys,field,ccd,comment
0,58439.38829859998,ztfr,763.9545955778796,22.94185767300722,26.0155467394917,ab,1616,22,
1,58442.39373840019,ztfr,1960.8361098456064,52.62923205156221,26.0024850367738,ab,1616,22,
2,58448.453252300154,ztfr,6705.331457242437,62.11866080674212,26.3013679409756,ab,1616,22,
3,58449.437650499865,ztfr,7148.615836472168,54.41597842139229,26.2998419754683,ab,1616,22,
4,58468.49770830013,ztfr,4429.068259963613,30.614593000720454,26.3112840269565,ab,1616,22,
5,58472.43740739999,ztfr,4083.1639733548595,34.83503920204994,26.3144858910985,ab,1616,22,
6,58476.46856479999,ztfr,3920.6094836731086,44.6914873630353,26.3347797452789,ab,1616,22,
7,58481.41877309978,ztfr,3371.995468144916,44.964116876055336,26.308743251236,ab,1616,22,
8,58486.45820599981,ztfr,2619.9366878167816,33.39339318746464,26.3109427835638,ab,1616,22,
9,58492.4412153,ztfr,843.9435852398599,22.982326303767394,25.4657783386505,ab,1616,22,
10,58493.43780090008,ztfr,1870.6755766196575,24.419486263303437,26.3485468084391,ab,1616,22,
