,time,band,flux,fluxerr,zp,zpsys,field,ccd,comment
0,58316.169953700155,ztfg,-28.735058525488867,25.96724383386471,26.1534896508677,ab,581,44,
1,58320.21153939981,ztfi,1.2667937033192556,21.244994345162908,25.6955665604106,ab,581,44,
2,58327.16299769981,ztfg,-43.20123635802849,48.953854813338346,26.2118922495662,ab,581,44,
3,58327.27864579996,ztfr,174.5025085546777,102.12879434601244,25.8602955233185,ab,581,44,
4,58329.16936339997,ztfr,-52.37541926692306,81.2156625325625,23.4715225242207,ab,581,44,
5,58329.20949070016,ztfg,31.630255451602224,173.6701761683448,27.9567166817643,ab,581,44,
6,58331.162743099965,ztfr,-19.70074303028581,24.592662129638875,26.1815251931915,ab,581,44,
7,58331.273842600174,ztfg,-40.63810749465035,42.11162726968179,25.8778326287692,ab,581,44,
8,58332.16026620008,ztfi,39.5534321513228,37.19623808350147,25.6733432948609,ab,581,44,
9,58334.1774420999,ztfg,135.05927797224473,16.795481354642213,26.1634893745135,ab,581,44,
10,58337.18202550011,ztfg,511.7843492452176,16.043782342551232,26.2241358613784,ab,581,44,
11,58337.19207180012,ztfr,399.5426882648585,21.679946879235846,26.2177021210011,ab,581,44,
12,58340.18758099992,ztfr,607.7338584377814,24.66323379409311,25.9204043169657,ab,581,44,
13,58344.1800694,ztfr,1243.438926034371,24.329812943763923,26.1408813805842,ab,581,44,
14,58347.199259299785,ztfg,1598.3054890314552,32.25796769745287,26.0598943329718,ab,581,44,
15,58358.19076390006,ztfr,1311.278928233914,65.14519742115728,26.2232609877866,ab,581,44,
16,58363.156944400165,ztfg,817.0484810755856,25.51670512642296,26.0969484102115,ab,581,44,
17,58373.124525499996,ztfr,913.8565695778811,56.043845526503425,26.2550252391746,ab,581,44,
