,time,band,flux,fluxerr,zp,zpsys,field,ccd,comment
0,58789.205613399856,ztfg,-8.810257132956636,23.20974142452564,26.0916007660592,ab,394,36,
1,58789.22821759991,ztfr,48.892521098411514,28.40295848883206,26.120833958533,ab,394,36,
2,58792.147407399956,ztfr,-22.05390410478482,30.79408835845814,26.0585933897762,ab,394,36,
3,58792.19180560019,ztfg,12.890239949885876,32.444044916553096,26.0352624957905,ab,394,36,
4,58796.1883911998,ztfg,17.494953606992112,97.50053420056392,26.1099424987972,ab,394,36,
5,58796.297546300106,ztfr,242.1182777324709,150.43377675624154,26.0607884081931,ab,394,36,
6,58800.17358799977,ztfg,-54.56534963612884,46.66536492903358,26.0798941332282,ab,394,36,
7,58800.254745400045,ztfr,52.623077997818626,43.658147191215264,25.9975252271229,ab,394,36,
8,58803.17222219985,ztfg,71.41311549697855,33.7280565557524,25.0968966781581,ab,394,36,
9,58803.233622699976,ztfr,2.721561175752093,31.932963421695984,26.0445053590781,ab,394,36,
10,58806.174016200006,ztfg,151.7362564291368,22.958665058460056,25.2001030998155,ab,394,36,
11,58812.140729200095,ztfg,2227.5193470925888,26.282689293746127,26.0656607300364,ab,394,36,
12,58812.174571800046,ztfr,2540.335722093885,29.952318382624593,26.0978820474563,ab,394,36,
13,58830.091678199824,ztfg,3222.023647363087,73.3404530461059,26.2760883213085,ab,394,36,
14,58833.070787000004,ztfr,2824.8289103682623,77.90211157074829,26.2432398050224,ab,394,36,
15,58833.10648149997,ztfg,2341.1704552416645,51.25875166274076,26.2263139875709,ab,394,36,
16,58836.106527800206,ztfg,1760.2865814148192,32.64494982020899,26.2146530566278,ab,394,36,
17,58839.072488400154,ztfr,90.58471317283362,92.45303116434106,23.5900435933606,ab,394,36,
18,58839.10696760006,ztfg,115.48997146899582,54.93260083402636,23.4639950241082,ab,394,36,
19,58847.077094899956,ztfr,1966.94974222575,36.13518772321624,26.2129484072387,ab,394,36,
20,58851.08149310015,ztfr,646.3412364490439,109.32048939339484,25.0701719837015,ab,394,36,
21,58854.12474540016,ztfr,1011.6426372228041,121.39840295371997,26.2005197649418,ab,394,36,
22,58860.129467600025,ztfr,927.3125846765205,76.62433495620978,26.1649230354838,ab,394,36,
23,58863.090185199864,ztfr,839.0379958113248,41.143460672778495,26.2078845146952,ab,394,36,
24,58863.10915509984,ztfg,256.142472573086,43.378877384232545,26.1066922481586,ab,394,36,
