,time,band,flux,fluxerr,zp,zpsys,field,ccd,comment
0,58759.51770830015,ztfr,1350.3308429887625,49.77781934957408,26.010900707654,ab,416,20,
1,58759.52256939979,ztfr,1341.3919753809446,52.5293409603326,26.0335697546074,ab,416,20,
2,58759.527407399844,ztfr,1405.9235737655652,56.72282794274418,26.0432244527708,ab,416,20,
3,58759.532268499956,ztfr,1405.1159487878933,83.71362277994135,26.0568132350123,ab,416,20,
4,58761.519189800136,ztfr,1264.6324198515697,33.75166576997395,26.0252774999406,ab,416,20,
5,58761.52409720002,ztfr,1296.9310729525425,40.407599104084916,26.0458055645733,ab,416,20,
6,58761.5290045999,ztfr,1316.1565487189705,51.821137911681525,26.0476646897531,ab,416,20,
7,58761.53393519996,ztfr,1532.4085395081624,210.9580793597213,26.1051007351118,ab,416,20,
8,58765.50373840006,ztfg,920.0466247870027,27.244601910850555,25.8404239003272,ab,416,20,
9,58775.518912000116,ztfg,539.4466074480274,34.82160476057516,26.0596833680799,ab,416,20,
10,58778.49787040008,ztfr,622.7984807265708,90.15322254613965,26.0865690283009,ab,416,20,
11,58778.52329860022,ztfg,470.99280807870804,55.771480334966974,26.0706378076419,ab,416,20,
12,58781.46391199995,ztfg,275.1077072148521,200.97884880728077,25.9146498792672,ab,416,20,
13,58781.52295139991,ztfr,522.1642664019173,136.36204130274928,26.1405124821469,ab,416,20,
14,58784.497789400164,ztfg,189.00535766348005,157.42843079859472,25.9992109935493,ab,416,20,
15,58784.52644680021,ztfr,926.8444290173445,119.13779111414449,26.1329710103209,ab,416,20,
16,58787.527685199864,ztfr,719.7975960273291,57.754012409221865,26.142744614652,ab,416,20,
17,58790.51240740018,ztfr,642.6505950610202,21.981824482055256,26.1472357504845,ab,416,20,
18,58794.53034720011,ztfr,517.9519551407578,21.882607511903977,26.1562704100623,ab,416,20,
19,58794.548125000205,ztfg,158.4359282698151,26.158022621649728,26.1502024339562,ab,416,20,
20,58799.48296299996,ztfr,423.72651736799605,37.25833502178847,26.1403389333254,ab,416,20,
21,58803.43053240003,ztfr,272.9772047366014,46.66236160488535,26.0871307020373,ab,416,20,
22,58806.467430599965,ztfg,126.54161011935541,45.95245795859334,26.0985921029153,ab,416,20,
23,58806.54075230006,ztfr,287.77823468714746,41.91923969779895,26.1682084990688,ab,416,20,
