,time,band,flux,fluxerr,zp,zpsys,field,ccd,comment
0,58567.46825229982,ztfg,832.6368698536688,87.21560148085744,26.0697270720352,ab,1833,52,
1,58567.46870370023,ztfg,710.7267567653588,39.06035956269915,26.0119189081252,ab,1858,2,
2,58593.34149309993,ztfr,522.9627129077628,59.37836933911281,26.0116304842836,ab,1858,2,
3,58593.35351849999,ztfr,439.65811864122253,70.81173288305358,26.0852858132344,ab,1833,52,
