,time,band,flux,fluxerr,zp,zpsys,field,ccd,comment
0,58217.42791670002,ztfr,8938.920558922106,42.00359389499872,26.1937210979493,ab,428,55,
1,58217.450104199816,ztfr,8770.572683246783,44.57205656135283,26.1809196125392,ab,428,55,
2,58224.40538189979,ztfr,137.60146100454114,40.32277921734738,22.1328480009582,ab,428,55,
3,58229.33425930003,ztfg,5292.247787070432,41.783567895494414,26.2684674068376,ab,428,55,
4,58229.376377299894,ztfr,4877.275022565913,35.758470383906506,26.2039554356735,ab,428,55,
5,58233.29449070012,ztfg,3970.181144182535,43.45256519398963,26.2402575669786,ab,428,55,
6,58236.35530090006,ztfg,2889.9946796986806,121.11663744785862,26.2176985529087,ab,428,55,
7,58236.5007755002,ztfg,2745.762217408737,89.23897474749567,26.1044164097773,ab,428,55,
8,58244.2723495001,ztfg,1376.577607411318,23.29480365287232,25.953735392795,ab,428,55,
9,58247.27369209984,ztfr,3832.391230493547,30.78627433376014,26.1830907557597,ab,428,55,
10,58247.31459489977,ztfg,1525.9475394878002,21.510770060127104,26.2561374938873,ab,428,55,
11,58250.25366900023,ztfr,3404.0688396406713,49.46136080932527,26.1962711403431,ab,428,55,
12,58256.25564809982,ztfr,2316.756856388491,35.34695922235515,26.1827422192381,ab,428,55,
13,58256.29532410018,ztfr,2292.367086488949,25.265780743406914,26.1686654201776,ab,428,55,
14,58259.26799769979,ztfr,248.2581600328987,27.870362450462622,23.9889332613878,ab,428,55,
15,58262.27371530002,ztfg,927.6913267357625,32.166861019104644,26.2159886463352,ab,428,55,
16,58262.29489579983,ztfr,1846.1288988458314,36.51160124954352,26.1686794256598,ab,428,55,
