,time,band,flux,fluxerr,zp,zpsys,field,ccd,comment
0,58786.5286921002,ztfg,139.91054171831533,114.7515596445307,25.4758270216115,ab,820,19,
1,58789.51278939983,ztfg,189.50748874219187,20.64904660041324,25.9485300624746,ab,820,19,
2,58792.51392359985,ztfr,248.53280656476147,30.999552750501856,26.0228109758647,ab,820,19,
3,58792.547847200185,ztfg,212.52901831476186,30.06647179717434,25.9936147438239,ab,820,19,
4,58799.49156250013,ztfr,159.87066335958434,44.18533583394567,26.01288711226,ab,820,19,
5,58804.50865740003,ztfg,64.1075927261624,65.02750657862421,26.0288043979844,ab,820,19,
6,58804.52836810006,ztfr,51.93291351796796,57.66368223857374,26.0659341712188,ab,820,19,
7,58812.557141200174,ztfr,62.226011954921454,26.319449891008706,26.0950333779119,ab,820,19,
8,58828.42583330022,ztfr,13.787420097338213,42.40375983657252,26.1535849075469,ab,820,19,
9,58828.52555559995,ztfi,81.71507386975279,74.88379138265059,26.8816062254607,ab,820,19,
10,58828.52670140006,ztfi,351.0124730771793,69.61737715148656,26.8921293818786,ab,820,19,
11,58828.56099539995,ztfg,-7.72262185365512,30.724854520103563,26.2744262103342,ab,820,19,
12,58829.52089119982,ztfi,1461.7331190722866,443.87415052495095,24.4855692968259,ab,820,19,
13,58830.519826400094,ztfi,59.00415212287185,38.53612894113182,26.9156709960741,ab,820,19,
14,58830.520960600115,ztfi,88.26026271408708,39.12594678527745,26.9223180729335,ab,820,19,
15,58831.44828699995,ztfr,-1054.5406599111434,255.54931987049486,26.2060489819265,ab,820,19,
16,58831.52578700008,ztfi,115.58917138273623,64.51598534029901,26.8994347754519,ab,820,19,
17,58831.52693289984,ztfi,52.40776716715646,72.29678584752479,26.883529338962,ab,820,19,
18,58831.55471060006,ztfg,83.83631425286093,62.34043191211476,26.2839542712823,ab,820,19,
19,58835.47504629986,ztfr,14.3531903845494,100.78214710450072,26.1955188283119,ab,820,19,
20,58837.54194439994,ztfi,299.7999987180111,200.06462332059422,26.8701805001714,ab,820,19,
21,58838.470393499825,ztfg,33.55255506715389,43.3337580466648,24.2293845913172,ab,820,19,
22,58838.516620399896,ztfr,9.279704233936538,33.24512491189206,25.8095396119322,ab,820,19,
23,58838.542187499814,ztfi,-40.37454855791587,58.59054224379643,25.3865075810419,ab,820,19,
