,time,band,flux,fluxerr,zp,zpsys,field,ccd,comment
0,59126.483657400124,ztfg,575.9106568400994,66.3965465521969,25.9517293664986,ab,362,37,
1,59135.46269680001,ztfg,208.22826766448844,25.49613352811394,25.9716974143777,ab,362,37,
2,59135.51674770005,ztfr,727.0057070644873,26.138850899404037,26.2083548533634,ab,362,37,
3,59137.47859949991,ztfg,186.8084541419392,18.46445310887265,25.9701870353091,ab,362,37,
4,59137.485173599795,ztfr,571.2979607685335,25.257285558193555,26.1291752500862,ab,362,37,
5,59139.50078700017,ztfr,504.11250703339203,23.355122904164077,25.9910663771458,ab,362,37,
6,59141.478715300094,ztfg,128.91234597145532,18.304707373003808,26.1195378719455,ab,362,37,
7,59141.51902779983,ztfr,512.2303237572465,22.519340308026838,26.2328813148032,ab,362,37,
8,59143.480463000014,ztfr,479.3301518532187,24.362211064751552,26.2175474405101,ab,362,37,
9,59149.50160880014,ztfg,125.39653511810704,29.169908609311808,26.1778137566946,ab,362,37,
10,59150.504965300206,ztfg,115.31730689459546,20.16672532442618,26.2429023230915,ab,362,37,
11,59151.45430559991,ztfr,368.73813709940185,96.51347402872074,26.256032893964,ab,362,37,
12,59151.468020800035,ztfg,-68.227412672143,90.21613659623722,26.2144236771626,ab,362,37,
13,59152.51773149986,ztfg,216.28177140662496,62.19561992387051,26.2692008368829,ab,362,37,
14,59153.49935190007,ztfr,276.61967165620075,56.53049970835322,26.2900670271162,ab,362,37,
15,59153.52210649988,ztfg,63.97903632058741,75.4861323954569,26.2703443076157,ab,362,37,
16,59157.46057870006,ztfr,272.2244052280241,73.42173333350704,26.24783868022,ab,362,37,
17,59157.52215280011,ztfg,154.8923660852488,55.81349016495495,26.2613149484236,ab,362,37,
18,59158.4760532002,ztfg,98.49413623283716,65.99641005829504,26.2142414545167,ab,362,37,
19,59159.481805600226,ztfr,214.03409942782434,39.62803885323219,26.2685684416054,ab,362,37,
20,59159.50834489986,ztfg,109.36019196751514,34.02091485478794,26.2392798861856,ab,362,37,
21,59165.437326400075,ztfr,195.22949220331213,22.11192040755638,26.2606684915714,ab,362,37,
22,59165.504201400094,ztfg,86.70144993782029,19.234441183469144,26.2566155319639,ab,362,37,
