,time,band,flux,fluxerr,zp,zpsys,field,ccd,comment
0,59189.539467600174,ztfi,103.73989388140905,27.553528944246025,25.2807830315353,ab,760,7,
1,59199.51553239999,ztfr,1135.8778729685107,44.011961363573334,26.1730780640398,ab,760,7,
2,59199.545879600104,ztfg,1281.9620447199798,38.14071290885944,26.2549206476156,ab,760,7,
3,59202.50640049996,ztfg,1260.0556036352164,37.99960372164408,26.1754403745921,ab,760,7,
4,59202.508761600126,ztfg,1314.5406496989249,36.71099200980442,26.18116845861,ab,760,7,
5,59202.54743060004,ztfr,1240.1550193901382,46.859467260461976,26.2128210996982,ab,760,7,
6,59202.54837960005,ztfr,1197.8043000360838,42.80426781270692,26.2136449200453,ab,760,7,
7,59203.51079860004,ztfr,1141.5805429106051,118.42855794871723,26.1735381781643,ab,760,7,
8,59203.53849539999,ztfg,1297.4186753263252,37.0105058265186,26.2470211774141,ab,760,7,
9,59204.51461810013,ztfr,1256.589702052755,25.23089589364995,26.1838138509698,ab,760,7,
10,59204.5292014,ztfi,365.28031602124895,20.24430080558413,25.5440101770406,ab,760,7,
