,time,band,flux,fluxerr,zp,zpsys,field,ccd,comment
0,58210.281018500216,ztfg,1238.170667491769,166.82277835136344,25.3503679254693,ab,269,20,
1,58218.27603009995,ztfr,2757.3478360964536,35.74024980090881,26.0687800022408,ab,269,20,
2,58218.30355319986,ztfr,2654.4745796569073,34.27606484276746,26.0057239348429,ab,269,20,
3,58230.22653939994,ztfr,1848.244147412612,43.10242495775151,26.1000867553481,ab,269,20,
4,58230.29388889996,ztfg,1478.997713684868,38.66130702068487,26.0698424027923,ab,269,20,
5,58233.18815970002,ztfr,1800.6579431122802,57.01189064728598,26.1796491723898,ab,269,20,
6,58233.2107406999,ztfg,1328.1211049273763,55.599465604353355,26.1243598388947,ab,269,20,
7,58237.16766199982,ztfg,622.2711617850224,162.15948697891363,26.0495974972134,ab,269,20,
8,58237.22967590019,ztfg,829.243164304599,208.63232769328667,26.1141694790858,ab,269,20,
9,58244.16743060015,ztfr,1382.2315428568604,41.23593245697021,26.1319380167042,ab,269,20,
10,58244.189722199924,ztfg,377.176420839368,34.4475305677532,25.8910497798308,ab,269,20,
11,58247.18927079998,ztfg,380.5750169887533,19.995348288467856,26.1261451752098,ab,269,20,
12,58247.21011570003,ztfr,1288.5665498343633,34.940240584682904,26.1939556005081,ab,269,20,
13,58250.19108799985,ztfg,290.50788920429846,83.23826266287935,26.1440163495435,ab,269,20,
14,58250.21255790023,ztfr,1077.7681349800985,125.39841896637715,26.186941871614,ab,269,20,
