,time,band,flux,fluxerr,zp,zpsys,field,ccd,comment
0,58650.18988429988,ztfg,22.75104021279009,76.71012926927911,26.109556797352,ab,325,22,
1,58650.23141200002,ztfr,9.637748782175802,73.10692573575986,26.1773213146009,ab,325,22,
2,58655.17138889991,ztfr,-141.83969999455866,127.08584670962568,26.177667977741,ab,325,22,
3,58655.25126159983,ztfg,77.69686539594788,74.90541603833096,26.1137080621155,ab,325,22,
4,58662.21208330011,ztfg,31.42268702187086,20.03955320441178,26.1337603861245,ab,325,22,
5,58662.23241900001,ztfr,32.14419382164147,26.16269895372119,26.1859110823506,ab,325,22,
6,58667.19180560019,ztfg,627.7919937598167,21.17596552809829,26.1389256766261,ab,325,22,
7,58667.21234950004,ztfr,617.2659486517376,24.42800484555728,26.2003121836261,ab,325,22,
8,58670.17357640015,ztfr,1108.032261106747,33.513311096513604,26.1756345472448,ab,325,22,
9,58670.19011570001,ztfg,1152.8581072151883,44.71241982065966,26.0816822502219,ab,325,22,
10,58673.17343749991,ztfg,1725.342881603258,37.26828858191229,26.138848008155,ab,325,22,
11,58673.19003470009,ztfr,1711.5488017036348,31.401946473014767,26.1928199014619,ab,325,22,
12,58677.210185199976,ztfr,2045.231208207065,60.528937786734666,26.1589554983191,ab,325,22,
13,58680.18878469989,ztfg,2388.192734312206,74.54795751582924,26.1384242591042,ab,325,22,
14,58680.2312384001,ztfr,2223.8425246021484,69.6794783932568,26.171765008472,ab,325,22,
15,58692.18982640002,ztfg,1054.4739562349891,36.89213290214872,25.8157556441817,ab,325,22,
16,58695.16079859994,ztfg,134.15784006565784,42.09343399490202,23.651865024657,ab,325,22,
