,time,band,flux,fluxerr,zp,zpsys,field,ccd,comment
0,58793.07646990009,ztfr,262.1843962457099,162.91322375176088,26.1273158549651,ab,337,26,
1,58793.12766199978,ztfg,-110.4124200401429,119.41172763679472,26.0500424651314,ab,337,26,
2,58796.12754630018,ztfg,67.58467605841571,166.8299521504728,26.0431100739248,ab,337,26,
3,58802.093032400124,ztfg,-36.38459846489615,40.19691872755944,26.1279069202362,ab,337,26,
4,58805.07209490007,ztfr,-149.99742277925588,272.0710351107186,26.1541072724963,ab,337,26,
5,58828.07296299981,ztfr,2028.0326120568263,229.45002790405366,25.0658078367929,ab,337,26,
6,58828.07784719998,ztfr,4436.033673931508,149.47944006813375,25.9066019701519,ab,337,26,
7,58828.08274309989,ztfr,1976.7639741457883,150.36738906954199,25.0923134270274,ab,337,26,
8,58828.08762730006,ztfr,3597.73439380156,116.98447505405555,25.6846350531665,ab,337,26,
