,time,band,flux,fluxerr,zp,zpsys,field,ccd,comment
0,58761.50961809978,ztfr,650.0003053972592,22.48176805309471,25.9515513891282,ab,1511,2,
1,58761.51006940007,ztfr,671.4845777787954,22.12252329454518,25.9584770203019,ab,1511,2,
2,58770.456192099955,ztfr,633.8050983720041,50.67116487307139,25.8953596193001,ab,1511,2,
3,58770.4566434999,ztfr,731.4187615171979,45.40706583047646,25.9000869236879,ab,1511,2,
4,58771.46236110013,ztfr,675.6889766107989,124.32964540360517,25.9199218348016,ab,1511,2,
5,58771.462812500075,ztfr,718.368877792242,99.37536597269116,25.9144732423255,ab,1511,2,
6,58783.49476849986,ztfr,484.1583600381123,36.38054078712734,25.9986432363401,ab,1511,2,
7,58783.49612270016,ztfr,453.1221306805268,51.878383928061176,25.9900099976582,ab,1511,2,
8,58784.54711809987,ztfr,326.57671924313144,162.20503512293777,26.0210803828297,ab,1511,2,
