,time,band,flux,fluxerr,zp,zpsys,field,ccd,comment
0,59175.50410880009,ztfr,343.94522559828937,34.15478156514155,24.1654707237477,ab,821,1,
1,59175.536921299994,ztfg,731.1879119684402,19.4876175430187,25.1029316333054,ab,821,1,
2,59178.509131900035,ztfg,1708.0104552866114,21.865665472481552,26.2240931643693,ab,821,1,
3,59180.50864579994,ztfg,1258.3305779524637,159.6469972927573,26.2302232258414,ab,821,1,
4,59180.55245369999,ztfr,1557.9319221136698,143.03476180394085,26.2189224321042,ab,821,1,
5,59184.4901389,ztfr,1377.9575091357515,44.18960800664898,26.1871878686819,ab,821,1,
6,59184.53472220013,ztfg,1128.1525419571258,45.887800651575105,26.2839237569154,ab,821,1,
7,59186.533044000156,ztfg,725.7266299554896,175.33987895713085,26.2744715812681,ab,821,1,
8,59188.49289349979,ztfi,358.06558663381867,35.01892798389105,25.5479544770922,ab,821,1,
9,59188.51915509999,ztfr,1305.315018827996,34.6897265828663,26.2136125457921,ab,821,1,
10,59188.5457870001,ztfg,817.8700470786216,31.064713959136018,26.2996665568356,ab,821,1,
11,59192.51788190007,ztfr,725.3944200329552,48.13988010659189,25.635369523917,ab,821,1,
12,59193.468877300154,ztfg,499.6755492459453,26.011418250813936,26.1890593716799,ab,821,1,
13,59193.5275347,ztfr,1210.2089824091463,22.088703208371673,26.2069839790288,ab,821,1,
14,59194.50892359996,ztfr,1251.1495759622962,24.296745047202183,26.2125315544331,ab,821,1,
15,59194.5413079001,ztfg,501.57499407123083,28.666784614890695,26.2762991594486,ab,821,1,
16,59195.48909719987,ztfr,1064.630510388229,38.7534528247925,26.0354798974611,ab,821,1,
17,59195.536585600115,ztfg,389.669254218223,32.811519696407444,25.939405169233,ab,821,1,
18,59198.467800899874,ztfr,1054.1839236445935,35.58440402793031,26.204842108801,ab,821,1,
19,59198.53488430008,ztfg,401.30592748516426,22.436528786629797,26.3392770229838,ab,821,1,
20,59200.454120399896,ztfg,47.66108666200684,32.250619557368026,24.6026179261171,ab,821,1,
21,59200.534537000116,ztfr,653.6571400092818,23.155348709783546,25.7692027170316,ab,821,1,
22,59203.50932870014,ztfr,825.1079117163283,37.81400859366265,26.216893887507,ab,821,1,
23,59203.53561339993,ztfg,295.22044344095275,34.14575338410489,26.3083344989254,ab,821,1,
24,59204.4950116002,ztfi,392.45111119833473,16.36581133281081,25.540081662484,ab,821,1,
25,59206.411018500105,ztfg,2.2293222732830955,33.66258915829583,24.3420499415452,ab,821,1,
26,59206.49519680021,ztfr,98.66435795209131,35.13983649213567,23.437918747074,ab,821,1,
