,time,band,flux,fluxerr,zp,zpsys,field,ccd,comment
0,58653.18707180023,ztfr,5.149854819631388,23.884093334668314,25.9726969099812,ab,524,13,
1,58653.25620369986,ztfg,88.41442216097228,63.359230084228855,25.811949738946,ab,524,13,
2,58658.178159699775,ztfr,35.085300363475206,20.80269007201368,26.0027237578492,ab,524,13,
3,58658.192824100144,ztfg,13.914613771988666,15.866610222614764,26.0586353934392,ab,524,13,
4,58662.17645830009,ztfr,8.856361209065255,40.08605177422904,26.0249082184964,ab,524,13,
5,58662.19744209992,ztfg,-5.255843454274329,20.95632082612504,26.0707126072436,ab,524,13,
6,58668.19230319979,ztfg,-12.206149696417137,16.320160084584987,26.0565884785358,ab,524,13,
7,58676.17361109983,ztfg,398.35001697688165,47.45595714015716,26.0141016561482,ab,524,13,
8,58676.19335650001,ztfr,288.9301379571135,47.17086439098094,25.919998189049,ab,524,13,
9,58679.1867244998,ztfg,521.3308891427235,68.22576413570857,25.9518748627531,ab,524,13,
10,58679.202430599835,ztfr,411.01906719668216,59.663621338534234,25.895377861826,ab,524,13,
