,time,band,flux,fluxerr,zp,zpsys,field,ccd,comment
0,58455.30603010021,ztfr,3.46070545589339,39.583805314745376,26.1712188657432,ab,504,31,
1,58457.21591439983,ztfr,17.986088238757297,40.89994109283682,26.1367317171008,ab,1498,63,
2,58461.260266200174,ztfr,25.64515495805242,18.04113908362549,26.2180848973631,ab,504,31,
3,58464.27667819988,ztfr,32.11948963117387,29.55241584797479,26.1939074841674,ab,504,31,
4,58481.27035879996,ztfg,1789.4366525018213,45.68723181972614,26.1465383227413,ab,504,31,
5,58481.31081019994,ztfr,1796.7289566021393,59.164983520448374,26.123439576661,ab,504,31,
6,58483.162118100096,ztfg,2525.491011745196,30.5658003717516,26.240228522355,ab,504,31,
7,58483.16258100001,ztfg,2437.288509841034,37.2700080710494,26.2259494390099,ab,1498,63,
8,58486.12504629977,ztfr,2569.302524286679,28.608819867549347,26.2082299050706,ab,504,31,
9,58490.122233800124,ztfg,2928.2361925271694,32.26017441501751,26.2355233186828,ab,504,31,
10,58490.164814800024,ztfr,2676.963743942592,28.243339561415326,26.2160612953419,ab,504,31,
11,58493.130092599895,ztfr,2269.6534580335037,29.4261235753572,26.1302801193831,ab,504,31,
12,58493.170567099936,ztfg,2454.1695396478735,26.99672095081072,26.2395106613097,ab,504,31,
13,58503.1686689998,ztfg,801.9776355548037,50.90723550959702,26.2128741747933,ab,504,31,
14,58508.18454860011,ztfg,468.8386625220321,60.05138757531431,26.1819772254159,ab,504,31,
15,58511.16081020003,ztfg,308.1942058984016,54.154462968069325,26.0512395810127,ab,504,31,
16,58514.14935189998,ztfg,287.7748878034877,15.756075023354358,26.1859691651807,ab,504,31,
17,58522.14627309982,ztfg,152.6612573955429,24.44064841564291,26.1319704299555,ab,504,31,
18,58523.133263899945,ztfg,158.62291223459542,23.265853228919063,26.1654890156577,ab,504,31,
19,58523.172615699936,ztfr,431.36882659256185,36.803432352453235,26.1148985305396,ab,504,31,
20,58534.15141199995,ztfg,-50.6283190317788,147.28611810838058,26.107279785771,ab,504,31,
21,58534.15324069979,ztfg,47.01237221884625,102.20494084509673,26.1199490343637,ab,504,31,
22,58539.151215299964,ztfg,66.06799924981001,38.06777265776322,26.0520063842604,ab,504,31,
23,58539.162986100186,ztfg,160.25635701925194,45.74803074797032,26.0635991147817,ab,504,31,
24,58540.11417819979,ztfr,295.20116429414367,29.817024984546215,26.1565224445017,ab,504,31,
