,time,band,flux,fluxerr,zp,zpsys,field,ccd,comment
0,58719.443113400135,ztfr,-2.685537736423368,19.797790466115508,25.8489668195849,ab,1490,14,
1,58751.31039350014,ztfr,427.83842788951654,27.792284114035784,25.8396869547945,ab,1490,14,
2,58751.31084490009,ztfr,404.2680202833392,24.098473156577334,25.8382826212086,ab,1490,14,
3,58770.326539400034,ztfr,244.3281647679168,72.05370623596717,25.846980343445,ab,1490,14,
4,58770.32699069986,ztfr,264.07650937125686,68.61638899121128,25.8434526370466,ab,1490,14,
5,58770.33157410007,ztfr,242.13649323972632,71.4764042407018,26.0173768562321,ab,1438,53,
6,58770.332025500014,ztfr,231.34360452865198,77.97422468036575,25.9928256388574,ab,1438,53,
7,58771.30939809978,ztfr,164.21342017351913,68.83105307203833,25.8470571375444,ab,1490,14,
8,58771.30984950019,ztfr,234.1187901186239,78.97974040777284,25.8475489573434,ab,1490,14,
9,58771.323854200076,ztfr,407.5704624105533,91.0989806757118,26.0130034796,ab,1438,53,
10,58771.32430560002,ztfr,316.3122703405854,70.47692631182807,26.0022295209871,ab,1438,53,
11,58772.27430560021,ztfg,58.41644269238516,69.72266171367552,25.5639559060845,ab,1490,14,
12,58772.274756900035,ztfg,190.72533035647075,65.87975961030364,25.6320337466916,ab,1490,14,
13,58772.285173600074,ztfg,74.67832496274279,103.85834451926341,25.2179059779845,ab,1438,53,
14,58772.28562500002,ztfg,244.12440072476653,111.71322959362412,25.1771683580145,ab,1438,53,
15,58773.25417819992,ztfr,204.887554731838,37.20594011803103,25.4234822552892,ab,1490,14,
16,58773.25462959986,ztfr,184.60619729680388,72.24315738490881,25.1323086365642,ab,1490,14,
17,58773.25875000004,ztfr,168.33123092910006,44.59181002604166,25.6019848158038,ab,1438,53,
18,58773.25920139998,ztfr,199.41313015416225,44.86565528663924,25.6285260884953,ab,1438,53,
19,58774.222997699864,ztfr,232.2862357361169,25.682230903684577,25.8881531356177,ab,1490,14,
20,58774.22344909981,ztfr,238.57730575749815,23.755796146285707,25.8876770117088,ab,1490,14,
21,58774.282349499874,ztfr,252.70793947034366,36.5558050589035,26.01657547819,ab,1438,53,
22,58774.28280089982,ztfr,229.23306339001473,45.87088244247319,26.0197209957189,ab,1438,53,
23,58796.18746529985,ztfg,5.879880262565091,61.45587178946598,26.0080358912835,ab,1490,14,
