,time,band,flux,fluxerr,zp,zpsys,field,ccd,comment
0,58400.20810189983,ztfr,-9.04979772506204,15.009725487895697,26.1283568846557,ab,596,10,
1,58400.25523150014,ztfg,8.225223501313746,10.386856332591751,26.2486353224679,ab,596,10,
2,58422.28668980021,ztfi,307.89141186688096,66.95264905517259,25.4353672709607,ab,596,10,
3,58423.141643499956,ztfr,700.1254538365077,25.5942207159853,25.8848086860697,ab,596,10,
4,58426.14535879996,ztfr,851.7577792074989,25.366164668713868,25.5843705417455,ab,596,10,
5,58426.204120399896,ztfg,1271.6404219132846,23.997268212611832,25.9373731513822,ab,596,10,
6,58426.28754629986,ztfi,496.31867254856405,29.122223727157834,25.3716143848774,ab,596,10,
7,58429.12962959986,ztfr,1695.9200042279538,22.959583499686318,26.1537406131652,ab,596,10,
8,58429.186134300195,ztfg,2174.531722104304,22.632772947224293,26.2627126300372,ab,596,10,
9,58430.21770829987,ztfi,599.5738051533662,28.363656555111188,25.4650027956621,ab,596,10,
10,58432.10753470007,ztfr,1928.4092311376287,29.524619127391457,26.1576025345263,ab,596,10,
11,58432.18541669985,ztfg,2339.111719779862,28.930861027016352,26.2550543592548,ab,596,10,
12,58434.22331020003,ztfi,651.0986419832742,48.42516866734919,25.4869839455599,ab,596,10,
13,58435.10855320003,ztfr,2340.8748328580723,136.97250803085907,26.1695895980666,ab,596,10,
14,58438.22612270014,ztfg,474.94847577179974,53.99002865082974,24.6041334052623,ab,596,10,
15,58438.2489467999,ztfr,459.225148472377,154.31112804632673,24.3271042263047,ab,596,10,
16,58441.24172449997,ztfg,1641.9522096631995,74.3211591479428,26.1481836547411,ab,596,10,
17,58441.28996529989,ztfr,911.7384152015525,160.0608509419918,25.4749682090005,ab,596,10,
18,58443.082615700085,ztfr,1726.408049430312,33.54855109978562,26.2578528858987,ab,1592,47,
19,58456.14903939981,ztfr,941.0915057515983,44.00502101035108,26.1585240933938,ab,596,10,
20,58468.09084489988,ztfr,688.3397053518345,30.01911024949977,26.1680321440432,ab,596,10,
21,58471.12966440013,ztfr,610.0303854154445,90.50987853796721,25.9837400437321,ab,596,10,
22,58474.144594899844,ztfr,458.73929068245843,45.94595664207703,26.1319528364888,ab,596,10,
23,58482.1120023001,ztfg,147.44996548894758,46.36723068905455,26.1569126731291,ab,596,10,
