,time,band,flux,fluxerr,zp,zpsys,field,ccd,comment
0,58806.55498840008,ztfr,-14.44571609106911,21.638818849430656,26.1855088888517,ab,1822,23,
1,58806.555439800024,ztfr,29.33716993073328,21.94184774396279,26.1806080036699,ab,1822,23,
2,58831.43454860011,ztfr,1661.8009111950585,63.89853240277494,26.3456840347605,ab,1822,23,
3,58831.435000000056,ztfr,1594.6625771901602,70.61444565225031,26.3409202794561,ab,1822,23,
4,58833.42688659998,ztfr,1567.5592651588977,63.95078624734829,26.3362254081606,ab,1822,23,
5,58833.42733799992,ztfr,1690.3403083602805,68.28704342701252,26.3418235019241,ab,1822,23,
6,58859.28070600005,ztfr,898.5260642116546,73.18028186397805,26.3052570936356,ab,1822,23,
7,58859.28160879994,ztfr,861.0437088397215,68.5717965879475,26.3028171983609,ab,1822,23,
8,58860.30121529987,ztfr,935.3637884713678,93.36338079679604,26.304934983817,ab,1822,23,
9,58860.301666699816,ztfr,898.4535773740399,105.48198422698381,26.3091427310422,ab,1822,23,
