,time,band,flux,fluxerr,zp,zpsys,field,ccd,comment
0,58999.415925899986,ztfg,1150.3408903708698,26.857272250985996,26.2505229553936,ab,337,44,
1,58999.48003470013,ztfr,1453.4074069963676,61.624735623208345,26.2877887188003,ab,337,44,
2,59002.459965299815,ztfr,1346.3873639037154,40.82503366984274,26.2091834050585,ab,337,44,
3,59014.38628470013,ztfg,525.9884859649269,27.719779294280574,26.2752144972523,ab,337,44,
4,59017.31637729984,ztfg,327.6905478215283,20.192385331997585,26.1923515619593,ab,337,44,
5,59020.47255790001,ztfr,749.8710563035503,29.299576883089998,26.2940120234805,ab,337,44,
6,59023.340752299875,ztfg,212.29281513804668,24.549320947304018,26.2511052551029,ab,337,44,
7,59023.480104200076,ztfr,644.7654569092421,43.89380185180621,26.3302457470415,ab,337,44,
8,59026.375995399896,ztfg,188.5920400591058,23.34589570891982,26.3092254621651,ab,337,44,
9,59026.45950229978,ztfr,656.16111498194,30.39294687047032,26.3401818266655,ab,337,44,
10,59029.27390050003,ztfg,176.18276079352617,127.42263139293527,26.1498871207062,ab,337,44,
11,59032.3355556,ztfr,467.0372461248426,56.447676872716514,26.314118776443,ab,337,44,
12,59032.37656249991,ztfg,112.88474639482097,67.37590179115328,26.2864801091784,ab,337,44,
13,59039.35158560006,ztfg,37.36382142802941,71.6360571670748,26.3237129723532,ab,337,44,
14,59039.43918980006,ztfr,281.020452222552,81.9783423420667,26.3376780118995,ab,337,44,
15,59042.32596059982,ztfg,82.5040443531332,28.618246672904657,26.1909593901189,ab,337,44,
16,59042.39291669987,ztfr,237.74332394851902,40.45066070253516,26.2508717238252,ab,337,44,
17,59045.272986100055,ztfg,84.45874818442942,25.50224343087688,26.2636305856123,ab,337,44,
18,59048.3738425998,ztfg,109.60532458286056,22.621263645194112,26.301083620903,ab,337,44,
19,59048.37821759982,ztfr,236.58125308406525,23.120850401399334,26.3479346150987,ab,337,44,
20,59051.313854199834,ztfg,93.87704724523934,25.413990859645466,26.2511458272002,ab,337,44,
21,59051.364745399915,ztfr,173.33381409077413,27.731207815738895,26.3108352359063,ab,337,44,
