,time,band,flux,fluxerr,zp,zpsys,field,ccd,comment
0,58892.53134260001,ztfr,79.03801956322481,37.74997073543318,26.1135209288361,ab,850,15,
1,58892.557743099984,ztfg,139.6003145678635,45.54108992878281,26.20962026817,ab,850,15,
2,58894.53167819977,ztfr,209.27045712818008,28.2094084526706,26.1184729353976,ab,850,15,
3,58894.55517360009,ztfg,226.77042094885766,30.197632991022036,26.2144743768655,ab,850,15,
4,58898.528750000056,ztfr,582.6268641001295,20.304502182137494,26.1194772268303,ab,850,15,
5,58898.55381939979,ztfg,634.80925785247,20.91618555485771,26.2328846959903,ab,850,15,
6,58899.51134259999,ztfr,717.8116011791935,38.75465843359975,26.1178540457819,ab,850,15,
7,58899.543750000186,ztfg,807.2645197186894,25.58273633197602,26.201280069432,ab,850,15,
8,58903.514039400034,ztfr,951.1444238409065,23.61041934929164,26.1163056817652,ab,850,15,
9,58903.53123839991,ztfg,1106.8303670816288,21.181511494896924,26.2052179484857,ab,850,15,
10,58908.48876160011,ztfr,1087.3579035670605,27.419608709217528,26.11277952666,ab,850,15,
11,58908.55028939992,ztfg,1221.5016682985322,30.05399644445849,26.2444140540597,ab,850,15,
12,58912.49120370019,ztfr,972.6792899895185,27.606348885314663,26.1027075687719,ab,850,15,
13,58912.55273150001,ztfg,1147.0485999189157,44.183905462869745,26.2506809391481,ab,850,15,
14,58913.49224539986,ztfr,614.8799006403104,21.37517793432081,25.6384197231958,ab,850,15,
15,58913.52936339984,ztfg,637.3875623736867,18.748996548005184,25.7537336391212,ab,850,15,
16,58914.46644680016,ztfg,794.1410016651637,37.75473570204751,26.1259802817381,ab,850,15,
17,58914.549895800184,ztfr,911.4704768923445,21.45650432517384,26.1257088060591,ab,850,15,
18,58915.4692592998,ztfg,761.2570323314848,83.41032698775358,26.0513312771555,ab,850,15,
19,58915.51895829989,ztfr,143.66833690656352,39.33286745211452,24.0868035331819,ab,850,15,
20,58944.49042819999,ztfg,96.48274529498985,30.50596904158036,26.2100989479674,ab,850,15,
21,58944.51391200023,ztfr,180.5937424338057,30.324509417881767,26.110211806584,ab,850,15,
22,58955.44906250015,ztfr,165.7388797798671,28.28575009393304,26.1282335173804,ab,850,15,
23,58955.47218749998,ztfg,110.16196653403755,27.36079513179078,26.2220663216867,ab,850,15,
24,58956.47305560019,ztfg,79.52358377938057,21.524538836246265,25.949689673477,ab,850,15,
25,58956.49472220009,ztfr,132.874318909212,21.2031415348562,25.9076842035146,ab,850,15,
