,time,band,flux,fluxerr,zp,zpsys,field,ccd,comment
0,58830.54429400014,ztfg,513.8753433320823,70.41619451701087,26.1861530022054,ab,267,21,
1,58836.501296299975,ztfr,990.1332736114566,42.09356201472124,26.1884672372617,ab,267,21,
2,58836.545902799815,ztfg,1082.3520369955875,42.76951603743043,26.1333747645489,ab,267,21,
3,58851.46075229999,ztfr,780.6250587142431,47.40524011112297,26.1167975853551,ab,267,21,
4,58854.45945600001,ztfr,551.7307219821594,112.00836937770949,26.2056375801723,ab,267,21,
5,58854.50143520022,ztfg,712.4719107254333,159.69235057820353,26.1137465964682,ab,267,21,
6,58873.396562499925,ztfg,89.27178517924243,21.576624896394225,25.9998572574181,ab,267,21,
7,58873.50281250011,ztfr,189.69822086762204,51.26997217309062,25.6436931999109,ab,267,21,
