,time,band,flux,fluxerr,zp,zpsys,field,ccd,comment
0,58443.42665510019,ztfr,-54.11345313003905,34.136095380011355,26.170459619139,ab,843,27,
1,58443.49247690011,ztfg,-6.758516494071405,33.86197691621258,26.2117057841338,ab,843,27,
2,58447.446041699965,ztfr,88.9758752122144,47.61521908352715,26.2017894781238,ab,843,27,
3,58447.52718750015,ztfr,13.147260259344975,46.90884257458743,26.2155618041613,ab,843,27,
4,58450.46888889978,ztfg,-1.0111429248776882,26.32641573056021,26.1784043486546,ab,843,27,
5,58461.49302079994,ztfg,-15.654270661289768,23.57693782532635,25.5884908500621,ab,843,27,
6,58464.49254629994,ztfg,114.03639178790098,16.945918327249522,26.2510850555302,ab,843,27,
7,58472.446330999956,ztfr,1016.5257287296986,29.481395443671662,26.24799735523,ab,843,27,
8,58472.53238430014,ztfg,1125.8312027981096,21.278516262328377,26.2688947815629,ab,843,27,
9,58476.50489579979,ztfr,1307.7021264237565,44.97891518343367,26.2610966194633,ab,843,27,
10,58476.55160879996,ztfg,1512.4293711068271,58.68430257343688,26.3194153698853,ab,843,27,
11,58480.5066550998,ztfg,1364.3721788541447,37.48751124232652,26.2031656350745,ab,843,27,
12,58486.48922450002,ztfr,1106.5862544344618,21.195797336574902,26.2639929468613,ab,843,27,
13,58486.54696760001,ztfg,1014.7182693682971,25.460090935911488,26.2407275017652,ab,843,27,
14,58491.463506899774,ztfg,480.40849026274054,29.427031207116674,26.024070273521,ab,843,27,
15,58494.49074070016,ztfg,458.38703676089017,13.002391417737442,26.2151009297652,ab,843,27,
16,58502.44789349986,ztfg,119.73441852679268,57.087946167968354,26.123287683513,ab,843,27,
17,58502.53675930016,ztfr,582.0538838159232,42.15862162669843,26.1901331844853,ab,843,27,
18,58505.444571800064,ztfg,164.46147333843052,111.42406672979607,26.2236304369782,ab,843,27,
19,58505.5380092999,ztfr,521.9606881775874,86.55969076431289,26.224505505321,ab,843,27,
20,58508.464826399926,ztfr,495.54664413713965,38.839673605870765,26.2433397273717,ab,843,27,
21,58508.53641200019,ztfg,167.53627891857627,49.69598417108303,26.2232115427501,ab,843,27,
22,58511.45615739981,ztfg,90.07568828774268,16.185391774607023,26.1611460269309,ab,843,27,
23,58514.41582180001,ztfr,23.512029363321055,24.34402611818092,24.4345933080897,ab,843,27,
24,58514.447488400154,ztfg,5.0479560712734575,14.203680269095914,22.6966542918546,ab,843,27,
25,58524.47163189994,ztfr,188.11047577365397,14.555546866116359,26.1914197267934,ab,843,27,
