,time,band,flux,fluxerr,zp,zpsys,field,ccd,comment
0,58876.18883100012,ztfg,23.9289564530233,24.902673192907155,26.198039933862,ab,257,55,
1,58876.25182869984,ztfr,-7.103122548623456,33.04526703546132,26.1851981751161,ab,257,55,
2,58879.167407399975,ztfg,2.64291956911357,68.59252577398239,26.1781169986506,ab,257,55,
3,58879.2725463002,ztfr,-90.00336334545356,196.0994674980465,26.1886160467309,ab,257,55,
4,58882.188530100044,ztfr,-67.81625962801877,63.15641257488837,26.1884686436939,ab,257,55,
5,58885.167754599825,ztfr,-47.321351005983765,176.11309862196782,26.0119041566879,ab,257,55,
6,58885.254525499884,ztfg,145.12472635630647,156.81938233816717,26.0559243582783,ab,257,55,
7,58888.248634300195,ztfg,125.86719104050209,181.1037009714169,26.2022433245744,ab,257,55,
8,58891.252152800094,ztfr,-19.5251829974681,49.061624342972586,26.1541555684397,ab,257,55,
9,58894.167685199995,ztfg,79.02437981703162,23.897830875112167,26.1855745786501,ab,257,55,
10,58894.21120369993,ztfr,145.35713817575612,33.94144188265993,26.1701309315401,ab,257,55,
11,58900.1270486,ztfg,240.20726060108214,39.92589249558383,25.5078699291156,ab,257,55,
12,58900.178669000044,ztfr,295.3813368814523,42.05097559574723,25.9320868405443,ab,257,55,
13,58905.14864580007,ztfg,712.2730192265594,55.23491797257518,26.1821065992994,ab,257,55,
14,58905.168831000105,ztfr,541.7062074767542,100.73920041881803,26.1600717090396,ab,257,55,
15,58913.14466439979,ztfg,710.9289463406925,60.885604649649906,26.091148121349,ab,257,55,
16,58913.14556710003,ztfg,730.6079267853899,56.335614505179336,26.0839497479263,ab,257,55,
17,58913.16743060015,ztfr,739.4268186125231,58.697410438104335,26.1201935084259,ab,257,55,
18,58913.1870833002,ztfr,327.3321764532841,96.17698888509968,25.6406641556189,ab,257,55,
19,58914.13274310017,ztfr,290.00101119998766,103.7294957498834,25.284432863726,ab,257,55,
20,58917.12690970022,ztfr,-233.62802299149166,223.59406305407816,24.2808458408389,ab,257,55,
