,time,band,flux,fluxerr,zp,zpsys,field,ccd,comment
0,58748.39008100005,ztfr,1535.250573043203,27.674775778463392,26.0842251632913,ab,1339,37,
1,58748.390520799905,ztfr,1488.5337622153593,27.24913660195568,26.0803016295884,ab,1339,37,
2,58766.37207179982,ztfg,324.5679490982959,40.94312810178272,26.0370168405964,ab,1339,37,
3,58773.31684029987,ztfr,758.9208585475776,31.97264119383917,26.0943603306421,ab,1339,37,
4,58773.317291699816,ztfr,735.111284366482,30.66828009882758,26.0744815198936,ab,1339,37,
5,58774.25182869984,ztfr,613.9766125490997,50.18768929696216,26.0750872932819,ab,1339,37,
6,58774.272696800064,ztfr,754.9438885048114,72.40850885969184,26.0656910797647,ab,1339,37,
