,time,band,flux,fluxerr,zp,zpsys,field,ccd,comment
0,58873.41640050011,ztfg,-0.47771426197184547,24.864538671802595,25.9263760255671,ab,320,8,
1,58873.50462959986,ztfr,-28.355841914244163,35.707127670907454,25.8793123017626,ab,320,8,
2,58885.41981479991,ztfg,80.47779160970771,101.20885420065902,26.1397586491156,ab,320,8,
3,58885.48326390004,ztfr,141.1515107461737,72.98206254061213,26.2241392611362,ab,320,8,
4,58888.439097200055,ztfr,157.11586391981524,118.96573664458985,26.2444191085026,ab,320,8,
5,58888.52805559989,ztfg,249.58325547581143,293.6009160517228,26.2264576018932,ab,320,8,
6,58892.333449100144,ztfr,316.8243272237075,81.92647594642668,26.1347686616354,ab,320,8,
7,58895.39815969998,ztfg,1051.7397662728033,34.92155768143876,26.2413564864547,ab,320,8,
8,58900.37621530006,ztfg,1304.8870338082031,26.810279995863297,26.2309754881484,ab,320,8,
9,58913.42415509978,ztfr,551.3179192881498,29.700744704161046,25.9183470036216,ab,320,8,
10,58941.35815969994,ztfr,275.8887448160505,49.19900836047052,26.1784747887994,ab,320,8,
11,58956.24829859985,ztfg,61.8298927772015,19.787373806340042,26.211572428952,ab,320,8,
12,58956.27231479995,ztfr,134.00740760671846,24.911431960984018,26.1678683259528,ab,320,8,
