,time,band,flux,fluxerr,zp,zpsys,field,ccd,comment
0,58835.48129629996,ztfr,-150.83699895494644,164.20109890362477,26.2858651590316,ab,370,43,
1,58835.5452083,ztfg,127.67019945688163,84.083464332251,26.2992015028513,ab,370,43,
2,58838.48121530004,ztfg,10.901875344526909,48.44972045012965,24.3406531997396,ab,370,43,
3,58838.54519680003,ztfr,18.656262860860327,56.20877201190565,24.3319352543482,ab,370,43,
4,58850.4827083,ztfr,204.02061736420154,44.74084177143153,26.3202683890653,ab,370,43,
5,58853.50104170013,ztfg,337.06094885223865,16.884153250868348,26.3134103117182,ab,370,43,
6,58856.532349499874,ztfg,705.0948461332775,34.11817522106808,26.3232692399193,ab,370,43,
7,58861.52249999996,ztfr,1386.952268365605,107.85756134811105,26.3285217502074,ab,370,43,
8,58873.41685190005,ztfg,1023.757846865431,21.43275526880885,26.010048154827,ab,370,43,
9,58873.50417819992,ztfr,1512.7209183478717,29.352213496593595,26.3086542783908,ab,370,43,
10,58876.350891199894,ztfr,1258.84706258494,27.370309218918557,26.2666306277358,ab,370,43,
11,58876.50527779991,ztfg,1083.1610179680329,22.128427517986495,26.2866036180549,ab,370,43,
12,58880.43836810021,ztfg,763.8451590138409,24.226190841721127,26.2883746269672,ab,370,43,
13,58885.43975690007,ztfg,488.9449498372835,67.08985758254329,26.3042696401305,ab,370,43,
14,58885.483703699894,ztfr,853.8361693483893,78.15109789391573,26.3361500536769,ab,370,43,
15,58888.294675900135,ztfg,494.61989771932167,138.50109633773465,26.1195543372996,ab,370,43,
16,58892.503911999986,ztfr,746.2289519910869,55.81618902897073,26.3210348390864,ab,370,43,
17,58895.397708300035,ztfg,254.6455393096134,30.234529673070735,26.2672164093977,ab,370,43,
18,58895.43778940011,ztfr,755.6209485962987,31.45551224372331,26.3310512287811,ab,370,43,
19,58899.334074100014,ztfr,596.5613807466565,23.021336628264063,26.3115286814464,ab,370,43,
20,58899.37582179997,ztfg,175.63169410306858,20.34368866075713,26.2803576866257,ab,370,43,
21,58905.29273150023,ztfg,21.34986323326015,56.35994849437448,26.1915147290432,ab,370,43,
22,58912.272060200106,ztfg,62.58786541425281,43.01912815057458,26.1768679395539,ab,370,43,
23,58912.39909720002,ztfr,389.22637819999244,34.258140039868756,26.3093590826986,ab,370,43,
24,58915.376377299894,ztfr,341.86028887224376,37.206688966892834,26.3148274637285,ab,370,43,
25,58915.4421064998,ztfg,125.68287264095413,53.292111098223536,26.2210887705531,ab,370,43,
