,time,band,flux,fluxerr,zp,zpsys,field,ccd,comment
0,58487.22874999978,ztfg,13.299004530528068,22.5324091887285,26.2694440844054,ab,356,5,
1,58491.20863430016,ztfg,-25.577840670593233,22.341717494074807,26.2402164007309,ab,356,5,
2,58491.2380903,ztfr,-33.913491373523364,32.44520850705804,26.2253014345137,ab,356,5,
3,58495.270694400184,ztfg,14.50691615366844,26.01179206260944,26.1753506948757,ab,356,5,
4,58503.27222219994,ztfr,65.43698161556193,262.734664069321,26.0261761819679,ab,356,5,
5,58506.23202549992,ztfr,125.48299825925126,85.11813973135273,26.2306762614778,ab,356,5,
6,58509.22929400019,ztfg,303.01606478122744,46.929361569221946,26.2442509441082,ab,356,5,
7,58509.25342589989,ztfr,355.62423271437007,58.27904605380994,26.2235281895222,ab,356,5,
8,58514.206249999814,ztfg,338.7254473497291,19.737132092644877,25.8684798836408,ab,356,5,
9,58534.17039350001,ztfg,335.1171544502827,147.46275232488244,26.1977964261622,ab,356,5,
10,58534.19103009999,ztfr,396.6969477276229,96.0310626166721,26.1691226371422,ab,356,5,
11,58538.14753470011,ztfr,181.6126789237189,67.68599176849155,25.3601446783662,ab,356,5,
12,58538.16934029991,ztfg,141.68534707059177,27.378264164078878,25.2196335662116,ab,356,5,
13,58542.132928200066,ztfg,130.4040548053294,40.15740147599034,26.217305392493,ab,356,5,
14,58547.12734950008,ztfr,321.5178282363857,22.52808252593527,26.2004134673741,ab,356,5,
15,58547.23406249983,ztfg,85.69421169045138,26.241759582098187,26.0423475461314,ab,356,5,
16,58561.19214119995,ztfg,764.0725338486312,293.0434241262584,26.0147102973688,ab,356,5,
17,58568.12837960012,ztfr,127.27050482502979,25.571249651086276,26.0214995061976,ab,356,5,
18,58574.130335600115,ztfr,52.15238511334123,41.7591911233864,23.9885583919701,ab,356,5,
