,time,band,flux,fluxerr,zp,zpsys,field,ccd,comment
0,58814.14429400023,ztfr,4.6479740277873445,51.46626244896718,26.0362315866662,ab,596,8,
1,58820.08996530017,ztfr,-48.54287659551033,39.30983284684113,24.9636780036357,ab,596,8,
2,58820.15248840023,ztfg,19.32074885736802,28.13487125035462,25.6305373410749,ab,596,8,
3,58829.07211809978,ztfr,-12.61678576972228,59.496480831321705,25.8634563213728,ab,596,8,
4,58829.08967590006,ztfg,-91.82823462484245,81.49913649075587,26.1551960763786,ab,596,8,
5,58833.07401619991,ztfr,117.45385773001271,47.01534601415331,26.2720417928443,ab,596,8,
6,58833.10921300016,ztfg,200.0056904786311,36.34095382651245,26.3460710425032,ab,596,8,
7,58836.12526619993,ztfg,484.6340928715248,29.94355310797517,26.333513185827,ab,596,8,
8,58839.110324100126,ztfg,291.3480806676784,49.41316477049467,24.9622260999905,ab,596,8,
9,58851.09943290008,ztfr,619.1183756085227,56.16781841530577,25.6107802683209,ab,596,8,
10,58851.12141200015,ztfg,578.2870711657596,82.27034016246397,25.2574943806204,ab,596,8,
11,58854.12021989981,ztfr,1198.0657711228373,101.70605532896685,26.2254067662594,ab,596,8,
12,58860.133541699965,ztfr,744.9487754326459,119.95759269885762,26.1297792534551,ab,596,8,
13,58863.09516200004,ztfr,801.8570820282932,60.544991932684106,26.2032478057815,ab,596,8,
14,58863.11141199991,ztfg,581.8534795703497,35.17103519629417,26.0583468523568,ab,596,8,
15,58872.09218750009,ztfr,583.4747640139021,51.61605011859241,26.1696356234737,ab,596,8,
16,58872.09717589989,ztfr,671.9466900772256,47.44503177089488,26.1645607763373,ab,596,8,
17,58872.10217589978,ztfr,645.680030422384,54.434943275054934,26.149725843785,ab,596,8,
18,58872.107164400164,ztfr,487.457896520649,60.16229754836194,26.1317758877264,ab,596,8,
19,58874.09708329989,ztfr,235.47444734655713,64.62751040150411,25.1887223251466,ab,596,8,
20,58874.102013899945,ztfr,382.78114618726926,46.8625488856271,25.690039916012,ab,596,8,
21,58874.106955999974,ztfr,71.35661344095993,76.54558774412693,24.3057301626665,ab,596,8,
22,58876.09347219998,ztfr,253.998420923705,109.17422219397672,24.7916482684048,ab,596,8,
23,58876.09846059978,ztfr,303.7469805038416,62.95896980747218,25.4789426490313,ab,596,8,
24,58876.103437500075,ztfr,44.762099220767396,74.12841708739737,24.1411038888452,ab,596,8,
25,58876.1084143999,ztfr,391.29393761498915,57.76012028507899,25.9304167437888,ab,596,8,
