,time,band,flux,fluxerr,zp,zpsys,field,ccd,comment
0,58236.343900499865,ztfg,1408.8010051585334,60.42320251287521,26.1455644470705,ab,1716,60,
1,58236.34436339978,ztfg,1445.0356331263868,71.46353410339385,26.1576565311071,ab,1716,60,
2,58236.34581020009,ztfg,1551.2186046367444,74.23010274114509,26.229156068913,ab,1756,6,
3,58246.28877309989,ztfg,740.8598046135482,18.730523950675142,26.1966955662919,ab,1716,60,
4,58246.28922449984,ztfg,741.5423174589121,18.361180918816498,26.2095128580858,ab,1716,60,
