,time,band,flux,fluxerr,zp,zpsys,field,ccd,comment
0,58804.489166699816,ztfg,9.770646741425011,57.03521108406501,26.2377826438035,ab,1750,59,
1,58804.489618100226,ztfg,22.1256229330738,61.12548780056085,26.2229808557192,ab,1750,59,
2,58805.50777779985,ztfg,25.576252483596384,31.912592279658018,26.2070667262873,ab,1750,59,
3,58805.5082291998,ztfg,-40.89157218666557,31.910030147921752,26.2269743885346,ab,1750,59,
4,58806.54906249978,ztfr,-10.334540362098904,27.242686340456192,26.1140852470974,ab,1750,59,
5,58806.54951390019,ztfr,103.89078138868102,24.506221324262523,26.1088130592718,ab,1750,59,
6,58830.43574069999,ztfr,2004.176245829439,34.833744482112515,26.2648985556633,ab,1750,59,
7,58830.436192099936,ztfr,2007.0959692186389,34.992549235209296,26.2705925181831,ab,1750,59,
8,58833.43792819977,ztfr,1957.3167626719005,75.9555121693074,26.2796578010753,ab,1750,59,
9,58835.45197919989,ztfr,1729.3393931547112,50.99934963286748,26.2664300002419,ab,1750,59,
10,58835.452430599835,ztfr,1686.8753129742754,58.2173323384914,26.2647585549953,ab,1750,59,
11,58837.4572222,ztfr,1544.1226144836662,42.7606483408574,26.2667148389608,ab,1750,59,
12,58837.457661999855,ztfr,1406.5139346371448,67.25312825046255,26.2274967465829,ab,1750,59,
13,58853.517268499825,ztfg,503.8663417929058,17.383994529678294,26.373241028788,ab,1750,59,
14,58853.51771989977,ztfg,478.98890156181335,17.602612229968962,26.3803221258978,ab,1750,59,
15,58856.33113430021,ztfr,616.849983964568,51.794092413798275,25.9310365322529,ab,1750,59,
16,58859.28940969985,ztfr,799.5497902254529,63.24649070122452,26.2427705160615,ab,1750,59,
17,58859.289861099795,ztfr,767.9568689535731,60.40847441021764,26.2314368832977,ab,1750,59,
18,58862.33366899984,ztfr,726.6830265067614,32.721066948430064,26.2474494757211,ab,1750,59,
19,58862.373645800166,ztfr,679.0086135716723,32.0063298168889,26.2790154402981,ab,1750,59,
20,58871.290636599995,ztfr,433.73359085289457,23.542713884312942,26.2529098248779,ab,1750,59,
21,58871.29108799994,ztfr,465.8162982835308,24.611278151139185,26.257508814018,ab,1750,59,
22,58879.22780090012,ztfg,157.33604246026562,29.801045301818785,26.3157852413481,ab,1750,59,
23,58879.22825230006,ztfg,201.99893591362894,28.988873783488852,26.3148067475218,ab,1750,59,
