,time,band,flux,fluxerr,zp,zpsys,field,ccd,comment
0,58839.106053200085,ztfg,6.515898642185048,56.0750206347577,25.0293486160121,ab,344,26,
1,58847.07664350001,ztfr,11.142711370539608,39.250685706030175,26.012043131425,ab,344,26,
2,58851.08194439998,ztfr,-24.801334889728743,104.29270793747568,24.8030598707552,ab,344,26,
3,58851.128923600074,ztfg,-119.70995113548797,100.45269678137792,25.2123290119218,ab,344,26,
4,58854.10706020007,ztfr,51.39815253795108,137.44702154324708,26.2223765463847,ab,344,26,
5,58861.08284719987,ztfr,979.5589989238576,156.6388381933915,26.2010759436217,ab,344,26,
6,58861.09503469989,ztfg,1140.6140545750573,57.63097219439998,26.1171185040205,ab,344,26,
7,58872.09158559982,ztfr,1944.0822885423663,67.82028122528922,26.14767845871,ab,344,26,
8,58872.09658560017,ztfr,1880.287704165612,66.87395221560801,26.1318795603618,ab,344,26,
9,58872.10158560006,ztfr,1856.985146092364,78.35113416858424,26.1248137303042,ab,344,26,
10,58872.10657409998,ztfr,1844.5610784715623,73.07657988321483,26.1248707772312,ab,344,26,
