,time,band,flux,fluxerr,zp,zpsys,field,ccd,comment
0,58859.096319399774,ztfg,22.918544010071372,57.21877659193949,26.3612714303813,ab,735,22,
1,58859.1566666998,ztfr,-45.32958996259073,54.84696687079166,26.3253065492449,ab,735,22,
2,58862.12033559987,ztfg,19.538177435499687,14.376552735437157,26.3115619152033,ab,735,22,
3,58867.099074100144,ztfr,-76.67984185646694,51.667028387675295,22.7304587207354,ab,735,22,
4,58867.13327550003,ztfg,-0.7827120479592569,38.04246654232234,23.6480966791765,ab,735,22,
5,58871.16173609998,ztfg,-8.54310814530019,49.92363946783949,26.2131906063313,ab,735,22,
6,58872.118437500205,ztfr,-88.90241394771975,32.988166875765934,26.3133204679469,ab,735,22,
7,58872.161840300076,ztfg,-22.95053506362464,29.036499112284627,26.2147856431941,ab,735,22,
8,58873.10002310015,ztfr,13.194777851212248,26.16799465450861,26.321745316861,ab,735,22,
9,58873.11719910009,ztfg,-2.700696326197004,19.60743172854059,26.268322681648,ab,735,22,
10,58875.11175929988,ztfr,-14.453955123280394,33.426525546614926,26.2958256504995,ab,735,22,
11,58875.13627310004,ztfg,9.961366900039117,21.381454167979335,26.2291697729807,ab,735,22,
12,58878.12008100003,ztfg,-225.3767369290624,210.97004246449643,25.9477763184419,ab,735,22,
13,58878.13276620023,ztfr,298.6162678844782,133.80643753483693,26.2828197949967,ab,735,22,
14,58881.12291669985,ztfr,415.6732121027002,49.00256410430405,26.3051253738267,ab,735,22,
15,58881.13890049979,ztfg,295.88779472589204,62.58130195287127,26.219095308682,ab,735,22,
16,58885.11204859987,ztfg,911.8897364145571,66.51438888377437,26.1681276407146,ab,735,22,
17,58885.13761569979,ztfr,592.6995858624817,145.73270674366944,26.1029667901148,ab,735,22,
18,58892.13554400019,ztfr,1401.722166110741,34.21781315816624,26.2152843315823,ab,735,22,
19,58895.12234950019,ztfr,1446.1490839604658,48.99769940377405,26.2444317126133,ab,735,22,
20,58895.134687500075,ztfg,1287.9445938937508,37.20694057876419,26.109443659956,ab,735,22,
