,time,band,flux,fluxerr,zp,zpsys,field,ccd,comment
0,58885.459571800195,ztfg,144.5909984526856,72.85177248857747,26.2335253174621,ab,374,39,
1,58885.52204860002,ztfr,83.42090724751743,31.01542653844694,26.2863694062401,ab,374,39,
2,58888.48421300016,ztfr,-53.1904165586734,108.41468350003812,26.2951452765669,ab,374,39,
3,58888.52348379977,ztfg,208.61140101005086,205.53204998509568,26.2696238956691,ab,374,39,
4,58895.48082179995,ztfr,13.640915246963026,42.75888922217763,26.2649849051602,ab,374,39,
5,58895.54119209992,ztfg,-36.36759816004047,31.763127750588357,26.2422314409985,ab,374,39,
6,58900.39532409981,ztfg,98.90179862459073,23.603549344114796,26.1286571302226,ab,374,39,
7,58900.45965280011,ztfr,69.36988842479056,26.67127690169198,25.0933885665979,ab,374,39,
8,58912.44216440013,ztfr,4970.996203625393,37.15681090128678,26.2473794643843,ab,374,39,
9,58912.50471059978,ztfg,4967.985000621849,37.73580215816267,26.194082184605,ab,374,39,
10,58915.41748839989,ztfr,5239.8877253781,58.940095831149385,26.2217791885841,ab,374,39,
11,58915.478738400154,ztfg,5730.783575579196,54.790847916092346,26.243665700414,ab,374,39,
12,58937.38564810017,ztfg,1111.8065893315802,21.128442419178096,26.1842963149195,ab,374,39,
13,58940.398310199846,ztfr,1649.0377020824308,53.427179598218196,25.8629789525884,ab,374,39,
14,58944.43434030004,ztfg,495.4275724148971,94.43819210507466,26.1889535398827,ab,374,39,
15,58956.31443289993,ztfr,987.143963139643,27.06480256248668,26.2095747309502,ab,374,39,
16,58956.35878469981,ztfg,236.8832607474494,20.921645862918183,25.6399009846552,ab,374,39,
17,58963.307465299964,ztfg,316.26266332392964,22.69512275733085,26.187828622238,ab,374,39,
18,58963.35531250015,ztfg,317.7550353049323,20.283060416380206,26.1804055921486,ab,374,39,
19,58966.337233799975,ztfr,291.6798479812727,25.625423918358518,25.2588473405458,ab,374,39,
