,time,band,flux,fluxerr,zp,zpsys,field,ccd,comment
0,58425.08648149995,ztfr,-27.453388195681814,41.07327701802127,26.2513233965393,ab,488,21,
1,58425.14568290021,ztfg,14.365259903255842,42.79241094179344,25.2658418995914,ab,488,21,
2,58427.10362270009,ztfr,-46.0487777012303,53.71348434084469,26.0326333247019,ab,488,21,
3,58427.12876159977,ztfg,47.97094522775378,37.8973976162159,26.0839484816889,ab,488,21,
4,58428.10256939987,ztfr,-23.965280589291947,49.36616190268198,26.3309984188584,ab,488,21,
5,58428.150659699924,ztfg,35.848025129023824,48.927747231233326,26.1613130610938,ab,488,21,
6,58429.14972219989,ztfg,9.592043164228187,28.496184721467063,26.1143918042533,ab,488,21,
7,58430.08864580002,ztfr,-39.47643870392076,39.69246573856464,26.3841952073011,ab,488,21,
8,58430.124525499996,ztfg,-57.44338200716756,28.76920180306841,26.1847445424053,ab,488,21,
9,58431.100463000126,ztfg,48.96345249357184,74.82344056491986,26.1525191964513,ab,488,21,
10,58431.129166699946,ztfr,-17.525923192456162,86.32801606755488,26.2378044117449,ab,488,21,
11,58433.07282410003,ztfr,10.876064216877323,81.55387211695339,26.0260364754489,ab,488,21,
12,58433.14947920013,ztfg,57.59323739563486,51.37910089272577,25.0443912610189,ab,488,21,
13,58436.12826390006,ztfg,-54.35008080311425,190.2867705158389,26.1259464995333,ab,488,21,
14,58456.07196759991,ztfr,1824.4792782274676,77.7264627849011,26.2866788867935,ab,488,21,
15,58457.07049770001,ztfr,2172.0157164240236,293.961061632777,26.2163853265132,ab,488,21,
16,58457.07539349981,ztfr,2045.1539464590164,229.79700282700296,26.2178917772365,ab,488,21,
17,58457.08028940018,ztfr,1651.3524436040561,194.09717013868422,26.2134284875872,ab,488,21,
18,58461.070462999865,ztfr,1958.9578050854282,124.0708540919934,26.3305473076873,ab,488,21,
19,58461.0753008998,ztfr,1723.7544268086485,95.16791790180623,26.2953460409948,ab,488,21,
20,58461.08013889985,ztfr,2143.8739245632983,93.09295098130576,26.4574270355235,ab,488,21,
21,58461.084965299815,ztfr,1983.0191049893851,95.12222942515444,26.2751528838413,ab,488,21,
22,58465.06965279998,ztfr,535.078972452506,325.4427183938899,26.1874073338338,ab,488,21,
23,58465.074583299924,ztfr,1366.108012094991,195.06864221857347,26.1895299386014,ab,488,21,
24,58465.079502299894,ztfr,1214.4888895746087,161.26013108362554,26.1913066925917,ab,488,21,
25,58465.08443289995,ztfr,1481.3226357636306,147.7830405592813,26.1657434439542,ab,488,21,
