,time,band,flux,fluxerr,zp,zpsys,field,ccd,comment
0,58316.46956019988,ztfr,1021.8450740609594,26.188753023307015,25.983323025576,ab,558,47,
1,58319.47417820012,ztfr,1119.6842790135615,23.74096895763961,26.1534482548044,ab,558,47,
2,58323.44438660005,ztfg,214.82120033429408,20.32972832794063,25.976863640449,ab,558,47,
3,58323.48842590023,ztfr,936.5536444753819,26.56788606981501,26.2003660761549,ab,558,47,
4,58326.495879599825,ztfg,125.1930547189078,52.47747353442984,25.6128626611927,ab,558,47,
5,58329.46495370008,ztfg,197.9455981438547,38.19705734363705,26.0709258645246,ab,558,47,
6,58329.49817130016,ztfr,729.6665193097177,37.49709414982343,26.1895193846347,ab,558,47,
7,58332.48358799983,ztfg,115.58721315647111,80.2071802893958,24.2974950562067,ab,558,47,
8,58338.44209490018,ztfg,170.63156086886084,20.93835393480935,26.0877011070309,ab,558,47,
9,58338.49452550011,ztfr,419.64165285957483,19.645913577181318,26.2293122674285,ab,558,47,
