,time,band,flux,fluxerr,zp,zpsys,field,ccd,comment
0,59020.19966439996,ztfg,1.7167018819539517,16.036272631445396,26.3201835884614,ab,575,58,
1,59020.238263899926,ztfr,-40.67583478741849,20.033491611550087,26.2118166321365,ab,575,58,
2,59023.216296299826,ztfg,-12.463850670770018,14.55390633522364,26.2948739498386,ab,575,58,
3,59032.19802080002,ztfg,52.51513703053259,57.89473252026195,26.3040226403033,ab,575,58,
4,59032.2158102002,ztfr,14.60861869677055,39.51819992081239,26.2294178957794,ab,575,58,
5,59037.21305559995,ztfg,45.04639304786473,155.012206438133,26.2433327570092,ab,575,58,
6,59060.16315970011,ztfr,514.3362896825098,61.700598318027346,26.191148158274,ab,575,58,
7,59060.168032399844,ztfr,566.1948885562658,49.08350229991186,26.1759483508293,ab,575,58,
8,59060.172905100044,ztfr,510.3519698669322,47.738257760487016,26.1747045704051,ab,575,58,
9,59060.177766200155,ztfr,492.1094866136842,46.17120998842413,26.1672162350372,ab,575,58,
10,59060.18263889989,ztfr,496.15042237275367,43.963689458315365,26.1423412933076,ab,575,58,
11,59062.160196799785,ztfr,444.3394921318381,91.67542574618459,26.1679168880612,ab,575,58,
12,59062.165161999874,ztfr,493.6375881089988,78.2600835428358,26.1443627462516,ab,575,58,
13,59062.17011569999,ztfr,524.1699247058849,66.41920923877068,26.1435460697895,ab,575,58,
14,59062.17505790014,ztfr,535.7207535139775,59.03903720113939,26.1233064828113,ab,575,58,
15,59062.18001159979,ztfr,361.8748904373144,70.209774231933,26.0952026657215,ab,575,58,
