,time,band,flux,fluxerr,zp,zpsys,field,ccd,comment
0,59047.417986100074,ztfr,1028.9592727258544,21.99821003142787,26.1959786516486,ab,290,53,
1,59047.43962959992,ztfg,346.24122160549786,19.47625550834857,26.2768165683119,ab,290,53,
2,59052.397465299815,ztfr,787.8229341564693,20.309820509299588,26.2059898633154,ab,290,53,
3,59052.45690969983,ztfg,264.8147261477825,16.728504912886883,26.2471821933413,ab,290,53,
