,time,band,flux,fluxerr,zp,zpsys,field,ccd,comment
0,58534.15616900008,ztfg,-120.96719872752351,83.31267068602747,26.2092026521287,ab,740,28,
1,58538.11659719981,ztfr,14.78811695023795,66.46865897711058,26.0939673029794,ab,740,28,
2,58538.13996529998,ztfg,-18.645014715081473,32.41160407938694,25.5541763238099,ab,740,28,
3,58547.138703700155,ztfr,589.0441413952011,27.601781726171765,26.2453605873333,ab,740,28,
4,58547.21782410005,ztfg,528.6819332889987,71.44845255405792,26.0236128366898,ab,740,28,
5,58557.16006939998,ztfg,2267.2314429619173,245.4548495098476,26.1591642032107,ab,740,28,
6,58560.1339699002,ztfr,2363.214836892029,74.80520551878723,26.2252417929439,ab,740,28,
7,58560.15590280015,ztfg,2257.09544176211,84.08393637348907,26.1506932895694,ab,740,28,
8,58584.13422450004,ztfr,966.12602005223,157.9352564833108,26.0304003277358,ab,740,28,
