,time,band,flux,fluxerr,zp,zpsys,field,ccd,comment
0,58612.47480319999,ztfr,699.0211074176119,28.09570731305408,25.7856436678922,ab,599,2,
1,58612.478148099966,ztfr,669.173833826127,24.129482976414504,25.7871926520739,ab,599,2,
2,58612.48287039995,ztfr,672.6666764567013,25.019479213376133,25.8037217178304,ab,599,2,
3,58612.486805600114,ztfr,695.4678947455747,25.39612011578375,25.8305809229458,ab,599,2,
4,58632.45099540008,ztfg,137.82228655067664,21.54461385034321,25.9263504172288,ab,599,2,
5,58632.48003470013,ztfr,272.9041824717536,30.22287600022939,25.9580166292767,ab,599,2,
6,58633.436122700106,ztfr,263.59547140582333,18.16760868741555,25.8211087444021,ab,599,2,
7,58634.43201390002,ztfr,240.83714297660737,14.201491642912623,25.8153832572416,ab,599,2,
8,58634.47390050022,ztfg,157.02025043034834,18.03848607761218,25.9630800579352,ab,599,2,
9,58636.4230324002,ztfr,255.78009350615574,17.42933422756832,25.8170673474568,ab,599,2,
10,58641.44577550003,ztfg,126.75008310886588,11.75756220758025,25.9975578185613,ab,599,2,
