,time,band,flux,fluxerr,zp,zpsys,field,ccd,comment
0,58262.26103009982,ztfg,58.932255268528095,47.51540830690881,26.1595111747732,ab,323,45,
1,58270.29391200002,ztfr,32.120827155684,55.484962771292615,26.0978632582723,ab,323,45,
2,58273.23282410018,ztfg,46.23879784923903,20.30750876992702,26.2065666344882,ab,323,45,
3,58277.21089120023,ztfg,9.143234093862027,17.925580865423342,26.1001663635868,ab,323,45,
4,58277.2520486,ztfr,7.255582055413944,27.94722528741453,26.1126658597098,ab,323,45,
5,58280.170347199775,ztfr,66.3913554104738,51.026374723175095,26.222900039041,ab,323,45,
6,58280.23024309985,ztfg,82.2053096368555,17.947487685299937,26.2086153422923,ab,323,45,
7,58283.209351900034,ztfr,627.4935816531907,23.11284177602376,26.2001971752047,ab,323,45,
8,58283.23129629996,ztfg,523.5439006622547,28.93841586746835,26.2181671829374,ab,323,45,
9,58286.21128469985,ztfg,1336.0242783755282,28.997894793487998,26.1942714324899,ab,323,45,
10,58289.172025499865,ztfg,2170.5439282296793,120.76606122542039,26.1986412093959,ab,323,45,
11,58289.21284720022,ztfr,2281.221614042152,49.43822981747381,26.1515318587668,ab,323,45,
12,58293.209340299945,ztfg,3225.1028625387057,87.05992172187732,26.1885469521935,ab,323,45,
13,58293.231898100115,ztfr,3381.88717361008,76.53667621775047,26.1747363026909,ab,323,45,
