,time,band,flux,fluxerr,zp,zpsys,field,ccd,comment
0,58574.48170140013,ztfr,-83.38026607536115,45.83484864068951,23.4699762938876,ab,439,28,
1,58574.524178199936,ztfg,-42.58740669266094,53.409482686814094,23.7860333188364,ab,439,28,
2,58582.46355320001,ztfr,579.6258127934418,46.50772634317799,26.1465307249897,ab,439,28,
3,58593.44092589989,ztfr,595.2970404428746,120.56862322816211,26.1668661569183,ab,439,28,
4,58593.483379600104,ztfg,625.3102188392337,74.52964147749262,26.149586769521,ab,439,28,
5,58601.48796299985,ztfr,465.85097369488204,37.81986389607105,26.1453824839266,ab,439,28,
6,58607.4678588002,ztfg,208.20401356252756,15.865116879837709,26.1233947328404,ab,439,28,
7,58607.4839931,ztfr,375.36625386275165,21.72269450435414,26.1900229814642,ab,439,28,
8,58617.46096060006,ztfg,101.06686542586291,14.160858598882275,26.1326531005138,ab,439,28,
9,58634.42041670019,ztfr,133.19374710875698,14.909172461808025,26.1676598697843,ab,439,28,
10,58634.447384300176,ztfg,38.7523468006455,11.442233456052689,26.1238807421011,ab,439,28,
11,58637.45947920019,ztfg,39.03219613430738,12.778901968390244,26.1214046779452,ab,439,28,
12,58640.443101900164,ztfg,15.616190431265434,15.720765591560687,26.1740997313153,ab,439,28,
13,58640.46100689983,ztfr,78.70009442041527,29.44891180469644,26.2285138291098,ab,439,28,
