,time,band,flux,fluxerr,zp,zpsys,field,ccd,comment
0,58443.07936340012,ztfr,-61.1636136291027,48.123484252123454,26.2733176701805,ab,1589,28,
1,58456.14106479986,ztfr,-108.36636924972147,143.7090418258462,25.9011352452246,ab,542,48,
2,58469.12177080009,ztfg,265.3779293161942,46.48168402774177,25.9148978011725,ab,542,48,
3,58475.07684030011,ztfr,362.66459491073465,66.99307591430527,26.0333443002685,ab,542,48,
4,58475.081747699995,ztfr,144.43843457893212,101.69224676756353,24.934210725464,ab,542,48,
5,58475.086655099876,ztfr,350.1535985854152,73.40500489900693,25.8254562464125,ab,542,48,
6,58475.09156250022,ztfr,315.2263591318429,58.63738967717311,25.9764906637918,ab,542,48,
7,58482.07616900001,ztfr,354.54631047990483,152.98274974975405,25.857408122799,ab,542,48,
8,58482.08109949995,ztfr,387.9806967459458,113.59956777026284,25.7930897509581,ab,542,48,
9,58482.08601849992,ztfr,398.84851273458554,107.33525777128992,25.7911751981766,ab,542,48,
10,58482.0909258998,ztfr,481.55724667987624,118.63133223002069,25.8302890622422,ab,542,48,
11,58483.07615739992,ztfr,505.73261450743996,77.00538119775462,25.9865911406302,ab,542,48,
12,58483.08115739981,ztfr,550.0862088808071,56.19344961554619,25.9782648809826,ab,542,48,
13,58483.08614580007,ztfr,464.6837997012103,49.27362624854169,25.971611557643,ab,542,48,
14,58483.09114579996,ztfr,475.48477781225773,44.984546447875395,25.9692483882285,ab,542,48,
