,time,band,flux,fluxerr,zp,zpsys,field,ccd,comment
0,58917.20229170006,ztfg,224.12127131439678,102.43991509810658,25.9735980354765,ab,661,43,
1,58944.195486099925,ztfg,401.56911503886863,82.89657603521138,26.2606388899224,ab,661,43,
2,58955.20140049979,ztfr,581.9174410372646,28.257275238976067,26.2939389032761,ab,661,43,
3,58964.17219909979,ztfg,319.32242270324633,19.75444044679074,26.1408475917009,ab,661,43,
4,58964.23804400023,ztfr,414.40238714641714,47.25001756873649,26.1572859862299,ab,661,43,
5,58970.21675929986,ztfg,124.81975613447594,67.22799256007882,26.0831302614976,ab,661,43,
6,58973.15921299998,ztfr,336.88834024562124,42.53153302101528,26.3138153817488,ab,661,43,
7,58973.20151619986,ztfg,121.69530421024832,75.34872386452031,26.1082381691534,ab,661,43,
8,58980.155277799815,ztfr,279.5941129760624,40.634526271850156,26.2578074375194,ab,661,43,
9,58980.15917820018,ztfr,198.98927776632982,34.620482788703086,26.2494878868956,ab,661,43,
10,58980.1625926001,ztfr,228.16613104005268,39.40833164426838,26.2439483513017,ab,661,43,
11,58980.16549770022,ztfr,234.0985155336122,35.11721368974521,26.2454834543807,ab,661,43,
12,58986.156134299934,ztfr,125.56632512051654,48.206298070956414,26.2593569487774,ab,661,43,
13,58986.159548600204,ztfr,157.80061796710413,42.308888964666224,26.2460211940021,ab,661,43,
14,58986.16295140004,ztfr,200.94766006558757,37.88810176960415,26.2344370798178,ab,661,43,
15,58986.16636569984,ztfr,145.9006374668486,35.42610281032511,26.2301895655279,ab,661,43,
16,58992.15973380022,ztfr,171.7930875819656,112.62660661813835,26.2057882717852,ab,661,43,
17,58992.16363430023,ztfr,175.3649863077162,96.69289153032547,26.1899229260478,ab,661,43,
18,58992.16749999998,ztfr,286.29248345739086,81.03479350921663,26.1777119407076,ab,661,43,
19,58992.170902799815,ztfr,133.33053939329272,61.50280961112258,26.167267329649,ab,661,43,
