,time,band,flux,fluxerr,zp,zpsys,field,ccd,comment
0,58234.50081019988,ztfg,411.9198424013939,38.03976924004645,25.8006534364048,ab,441,8,
1,58247.47402779991,ztfr,794.2965163997261,31.23069128151641,26.1674057948065,ab,441,8,
2,58247.48197920015,ztfg,341.68950124386805,27.635537634695734,26.2223109195812,ab,441,8,
3,58254.43864580011,ztfg,260.37345535365023,17.59419234833044,26.1771947334448,ab,441,8,
4,58254.481955999974,ztfr,626.8372648115954,24.694224874005457,26.1841084691302,ab,441,8,
