,time,band,flux,fluxerr,zp,zpsys,field,ccd,comment
0,58511.46290510008,ztfg,14.910477664705601,26.878676416557425,26.260944708333,ab,371,59,
1,58514.418182900175,ztfr,-73.73085392383878,27.8415111478828,25.3991570200628,ab,371,59,
2,58524.46017359989,ztfr,-54.05657810241633,29.539240830652368,26.1723468051875,ab,371,59,
3,58539.2994328998,ztfr,390.19537328280893,25.047773138116423,25.2496051635485,ab,371,59,
4,58539.37940970017,ztfg,981.17313819653,34.034257208029686,26.0295031923898,ab,371,59,
5,58543.378287000116,ztfg,414.4298338808281,25.12483568795144,24.9987966694712,ab,371,59,
6,58547.335486100055,ztfg,1154.130106511873,25.83726563131217,26.2207701959908,ab,371,59,
7,58557.35736110015,ztfr,705.5580390813404,66.4391418023176,26.1795902441324,ab,371,59,
8,58560.25225690007,ztfg,420.2187550379634,62.673098651219235,26.1796839972443,ab,371,59,
9,58560.33706020005,ztfr,551.1373994956659,40.69094378525529,26.1974276203863,ab,371,59,
10,58567.252152800094,ztfg,255.59772125214923,15.624475907872299,26.1364176434717,ab,371,59,
11,58567.35586810019,ztfr,529.9701650800995,50.79589637037596,26.1551396409315,ab,371,59,
12,58573.255995399784,ztfr,373.60225879916396,29.12945125170414,26.1066010186429,ab,371,59,
13,58581.29459490022,ztfg,107.06275894268413,19.264374287530632,26.2138321704874,ab,371,59,
14,58584.2514698999,ztfg,69.18516715327968,26.83773659879841,26.1780744065674,ab,371,59,
15,58584.29515049979,ztfr,204.0371153328507,27.143672605162784,26.123395577001,ab,371,59,
16,58588.27307870006,ztfg,-0.4691622133062232,66.40885833799798,24.3026965981058,ab,371,59,
17,58588.33754630014,ztfr,29.65636575099711,86.35708866961818,25.3170715618879,ab,371,59,
18,58593.25021990016,ztfr,163.0447944370547,73.39214349431757,26.168698668058,ab,371,59,
19,58596.22973380005,ztfg,98.69729182952744,32.54904552245024,26.2326320422001,ab,371,59,
