,time,band,flux,fluxerr,zp,zpsys,field,ccd,comment
0,58215.24445600016,ztfr,263.8826706087058,49.79529351529455,23.5748128960877,ab,470,57,
1,58215.25759259984,ztfg,962.2733347125794,71.21074471361975,25.5425132804921,ab,470,57,
2,58218.21578700002,ztfr,1321.9111906134403,27.384313158263385,26.0681467688535,ab,470,57,
3,58218.24158560019,ztfr,1398.4982568442142,23.21303917258663,26.081899924526,ab,470,57,
4,58221.219745399896,ztfr,781.3693666786521,28.103247727895234,25.6834935182324,ab,470,57,
5,58221.2393633998,ztfr,935.2284299391989,56.923161435514196,25.9281690209608,ab,470,57,
6,58224.19509259984,ztfr,579.9207830794392,23.472461204519462,25.4924720941133,ab,470,57,
7,58224.223263899796,ztfr,933.5378291882081,23.392115104597988,26.0140451078005,ab,470,57,
8,58227.244409699924,ztfr,952.269571249955,22.600536144427366,26.1046495514115,ab,470,57,
9,58231.16756939981,ztfr,867.4306791972848,30.645901991783706,26.1005672593389,ab,470,57,
10,58236.16886569979,ztfg,404.3290685140596,80.03109051827458,26.2406667613614,ab,470,57,
11,58236.18940970022,ztfg,306.6303507164617,80.36852131210561,26.2153945050403,ab,470,57,
12,58245.15179400006,ztfr,542.1140516812186,25.490981426557862,26.0004485525176,ab,470,57,
13,58248.159571799915,ztfr,505.31091233929544,22.23346336720614,26.1392051006772,ab,470,57,
14,58248.1714931,ztfg,198.2388774790844,15.76276344072105,26.2784264798551,ab,470,57,
15,58258.160150500014,ztfg,193.8148605757525,37.98823648220882,26.2374186277734,ab,470,57,
16,58258.20721059991,ztfr,288.30206298536797,23.477039945532134,26.0335846850967,ab,470,57,
