,time,band,flux,fluxerr,zp,zpsys,field,ccd,comment
0,58787.225544000044,ztfr,-46.3462568511115,60.23671197463567,26.0770781554483,ab,1496,53,
1,58787.22780090012,ztfr,48.77715446861699,53.45825078655385,26.0774618709759,ab,1496,53,
2,58788.28557869978,ztfr,-2.3090058170431704,28.617999334364796,26.0890231839438,ab,1496,53,
3,58788.28603010019,ztfr,-10.36836305050467,27.063303628820183,26.0983770358578,ab,1496,53,
4,58790.201307899784,ztfr,-1.8547645964111334,22.411474002709795,26.0936010633994,ab,1496,53,
5,58790.201759300195,ztfr,37.893927594354864,22.00106291462399,26.0935341682143,ab,1496,53,
6,58801.30942129996,ztfr,21.0584139303172,38.26316015253789,26.0643770996718,ab,1496,53,
7,58801.30988429999,ztfr,88.98819588541465,38.46444246910036,26.0700736154582,ab,1496,53,
8,58803.28802079987,ztfr,-14.075195945610943,28.053051534846674,26.0672134585487,ab,1496,53,
9,58803.28847219981,ztfr,-9.535828854563512,25.00933730977203,26.0624776379392,ab,1496,53,
10,58812.206145800184,ztfr,219.04865900181875,24.13688189077877,26.0883483232211,ab,1496,53,
11,58812.20659720013,ztfr,252.5176924807008,21.49180220568979,26.0828138406631,ab,1496,53,
12,58813.18520830013,ztfg,413.2388546690975,56.55382374172893,26.1206151545303,ab,1496,53,
13,58813.18565970007,ztfg,334.6888969810981,51.02048528422419,26.1170158237478,ab,1496,53,
14,58830.20752310008,ztfg,784.9880355408071,61.68645163617128,26.3480681292873,ab,1496,53,
15,58830.20842589997,ztfg,646.7776746099653,53.34075469046814,26.3451990175812,ab,1496,53,
16,58838.14576390013,ztfg,291.5346365674586,37.24765982302174,26.0662892468114,ab,1496,53,
17,58861.09650459979,ztfg,51.410118803147014,25.649622631564153,26.3209560161768,ab,1496,53,
18,58861.0969560002,ztfg,38.16608219920468,27.37105163866038,26.3126697562057,ab,1496,53,
