,time,band,flux,fluxerr,zp,zpsys,field,ccd,comment
0,58217.42745369999,ztfr,1619.5539952691165,28.289175935995807,26.2880689587885,ab,377,43,
1,58217.44826389989,ztfr,1621.3085066197182,30.634509107732956,26.2838261779149,ab,377,43,
2,58219.321840300225,ztfr,835.6582756754261,31.370832453850813,25.7242399022431,ab,377,43,
3,58230.291481500026,ztfr,974.676864161557,29.600708885068336,26.258896135883,ab,377,43,
4,58230.355474499986,ztfg,524.8167604859316,18.578499044614667,26.2377045262354,ab,377,43,
5,58231.29274309985,ztfr,988.9118587947589,32.06136087914121,26.272873558648,ab,377,43,
6,58236.28715279978,ztfg,81.88717729748728,111.96099949473523,26.1679604289225,ab,377,43,
7,58237.3347800998,ztfg,894.4312590917676,288.41182245137037,25.9072210921463,ab,377,43,
8,58237.41836810019,ztfg,379.68475471040756,175.80650921109304,26.24914400541,ab,377,43,
9,58244.27280090004,ztfg,131.67470930294795,18.373761210035287,25.7537877943735,ab,377,43,
10,58244.35721059982,ztfr,624.5133077995143,36.57340686686666,26.271434092424,ab,377,43,
11,58247.27322919993,ztfr,555.0600602428182,24.525591629098265,26.2923985854794,ab,377,43,
12,58247.31504630018,ztfg,213.51307497681097,16.206650226929465,26.2411752535838,ab,377,43,
13,58250.2532060002,ztfr,424.58668046493534,42.796892380771645,26.3018993585378,ab,377,43,
14,58256.25519679999,ztfr,399.3150280763416,37.60123327772113,26.2816462533848,ab,377,43,
15,58262.27278940007,ztfg,113.71342740127201,36.319001595935,26.1999830176615,ab,377,43,
16,58262.29396989988,ztfr,302.54523519049576,43.17286414153839,26.2706244649057,ab,377,43,
