,time,band,flux,fluxerr,zp,zpsys,field,ccd,comment
0,59020.19966439996,ztfg,17.971240681787574,14.71933311618209,26.3071453458772,ab,575,5,
1,59020.238263899926,ztfr,-8.848716526383694,16.2821953977915,26.2167074165327,ab,575,5,
2,59023.216296299826,ztfg,5.215977185014748,14.184043470831558,26.2969251448591,ab,575,5,
3,59032.19802080002,ztfg,-129.8363423852963,56.11377258495929,26.2900986801817,ab,575,5,
4,59032.2158102002,ztfr,66.5193022230342,36.97077485476934,26.2670713929953,ab,575,5,
5,59037.21305559995,ztfg,109.37974862733672,110.8726513772977,26.2294756769236,ab,575,5,
6,59060.16315970011,ztfr,446.30093568258513,57.30432021338849,26.2216577327466,ab,575,5,
7,59060.168032399844,ztfr,496.5558938423471,49.08827589046685,26.2096713548305,ab,575,5,
8,59060.172905100044,ztfr,434.0941903798624,43.31952327206175,26.1899005480633,ab,575,5,
9,59060.177766200155,ztfr,381.245216803892,47.247649596045456,26.1478745536785,ab,575,5,
10,59060.18263889989,ztfr,427.45701013545744,42.12003722829764,26.1490481429328,ab,575,5,
11,59062.160196799785,ztfr,215.2906836378626,77.40085721217321,26.1636248509136,ab,575,5,
12,59062.165161999874,ztfr,452.26879223582046,76.73646863296992,26.1542164367873,ab,575,5,
13,59062.17011569999,ztfr,441.40793883351216,67.14545844100829,26.1376076834857,ab,575,5,
14,59062.17505790014,ztfr,405.8607645577634,60.83343751303521,26.1288756308849,ab,575,5,
15,59062.18001159979,ztfr,310.8780619968293,72.38881969835009,26.1104366622087,ab,575,5,
