,time,band,flux,fluxerr,zp,zpsys,field,ccd,comment
0,58936.31019680016,ztfg,5.283076188956886,14.706427785325484,26.2461929976344,ab,475,54,
1,58937.39063660009,ztfg,-3.551109530740284,12.336205074052724,26.2623359447092,ab,475,54,
2,58939.33400460007,ztfg,28.428939582631457,21.07333671870993,25.7698864683559,ab,475,54,
3,58939.38359950017,ztfr,28.08370339161209,31.217822924137515,24.9214146967955,ab,475,54,
4,58940.356527800206,ztfg,-2.1203544382456236,25.391325357588176,24.1368608103775,ab,475,54,
5,58940.41520830011,ztfr,95.66097236306477,43.7837859540274,22.9303649749,ab,475,54,
6,58941.44100689981,ztfg,230.2615129215761,33.345543223492314,26.2036597546963,ab,475,54,
7,58955.27739580022,ztfr,4927.442614603327,39.32162089504151,26.2040988447065,ab,475,54,
8,58955.31487269979,ztfg,5371.895842405286,34.174956403511516,26.2665623255719,ab,475,54,
9,58962.27576390002,ztfr,4830.0067127135035,35.466586991641144,26.1878626148166,ab,475,54,
10,58962.33952549985,ztfg,4739.190319608651,35.05446972284788,26.2564921333416,ab,475,54,
11,58965.25258099986,ztfg,4161.174219861896,28.912496110949768,26.2782567125175,ab,475,54,
12,58965.30990740005,ztfr,4159.133361899883,29.104342154297033,26.215289012224,ab,475,54,
13,58968.29525459977,ztfg,3524.987209078203,29.154414513515313,26.3108716609688,ab,475,54,
14,58971.21392360004,ztfr,3051.8733788410977,34.932995203947016,26.2508093459482,ab,475,54,
15,58971.27231479995,ztfg,2677.924976813544,40.65631020034827,26.3106203848069,ab,475,54,
16,58976.20726849977,ztfg,1732.9243645108534,76.55439331248843,26.2809282617074,ab,475,54,
17,58976.25291670021,ztfr,2581.3544730738427,64.80165503483616,26.2479692832643,ab,475,54,
18,58980.27200229978,ztfr,2474.465949138766,24.20609579332101,26.2400817515404,ab,475,54,
19,58985.2083101999,ztfg,819.6911398032438,16.866833579334536,26.283637169684,ab,475,54,
20,58992.231932899915,ztfr,1504.8004048534872,21.03886105625801,26.2283841131419,ab,475,54,
21,58995.247777800076,ztfr,1293.068210122298,20.581576856455257,26.229499372051,ab,475,54,
22,58995.30228010006,ztfg,447.2706651078714,20.00749152867614,26.2362511886467,ab,475,54,
23,58998.19131939998,ztfg,427.9127815968435,18.73394880211885,26.2749086664276,ab,475,54,
24,58998.24739579996,ztfr,1138.7476418059132,21.11641586534796,26.2282957653678,ab,475,54,
