,time,band,flux,fluxerr,zp,zpsys,field,ccd,comment
0,58733.23031250015,ztfr,-65.31961217538715,30.910906908352462,26.1327043788457,ab,337,18,
1,58733.29951390019,ztfg,20.66952966135368,36.59731955279476,25.9960482061526,ab,337,18,
2,58741.25151620014,ztfr,-91.28857934467479,64.96795342861962,26.0791729762506,ab,337,18,
3,58746.13402780006,ztfg,7.7009192972543286,17.386185556966876,26.0154105863137,ab,337,18,
4,58749.2056828998,ztfg,74.4347628338922,25.78482576599351,26.0171107364239,ab,337,18,
5,58757.14174770005,ztfg,505.89824523697524,22.993511787270908,26.0761772146356,ab,337,18,
6,58757.21287039993,ztfr,554.80863365309,27.99297879725386,26.1258297245972,ab,337,18,
7,58760.20505789993,ztfg,605.8785336881517,28.645257514071332,26.0528237839689,ab,337,18,
8,58760.252419000026,ztfr,623.602373374834,62.386589118870575,26.0812164415797,ab,337,18,
9,58765.18770830007,ztfr,850.518304463657,76.24707038948351,26.1020851834499,ab,337,18,
10,58765.23876160011,ztfg,532.8456110448681,115.278963384964,25.9678404196729,ab,337,18,
11,58768.239988400135,ztfg,648.8308446501893,117.74255587570784,25.8714845545006,ab,337,18,
12,58771.08973379992,ztfr,580.1288077053302,110.78333563225704,26.0738280896052,ab,337,18,
13,58771.1862269002,ztfg,549.9339754256905,83.30537615642899,25.9826455033541,ab,337,18,
14,58774.20807870012,ztfr,694.8192283944553,77.39226987570213,26.0606024487654,ab,337,18,
15,58777.098217600025,ztfr,540.7181763706851,44.2053825812016,26.1265169625475,ab,337,18,
16,58777.11986109987,ztfg,379.8503951097043,32.28291579395966,26.0666856325176,ab,337,18,
17,58781.10150460014,ztfr,398.9057849451995,81.52116286938224,26.1296464105142,ab,337,18,
18,58781.12443289999,ztfg,167.7820733251125,110.15517611516883,26.0604665472237,ab,337,18,
19,58785.08248839993,ztfr,431.2987102909617,42.94138625770059,26.1301170794772,ab,337,18,
20,58785.18293979997,ztfg,132.9322798718616,39.73522813931295,25.9355875540086,ab,337,18,
21,58789.18396990001,ztfg,83.73102739623327,55.82771657561711,25.9111378238211,ab,337,18,
22,58793.07646990009,ztfr,429.64543162612995,138.45394507061505,26.0992038848487,ab,337,18,
23,58793.12766199978,ztfg,99.33186284607515,93.42479993806984,26.0225679825134,ab,337,18,
24,58796.12754630018,ztfg,87.45988451040806,137.4968383389649,26.0327653990925,ab,337,18,
25,58802.093032400124,ztfg,128.7465767630824,31.032488093006908,26.0813023198664,ab,337,18,
26,58805.07209490007,ztfr,267.3956782835496,234.40124015210142,26.1220213931896,ab,337,18,
