,time,band,flux,fluxerr,zp,zpsys,field,ccd,comment
0,58462.5107522998,ztfg,120.81522310692006,19.846712337024922,24.5460197990588,ab,863,53,
1,58469.496932900045,ztfg,643.0151858322021,19.168863636007224,26.1990392948936,ab,863,53,
2,58472.49016200006,ztfg,598.6554318990992,40.22405672340551,26.1948329016165,ab,863,53,
3,58476.52924769977,ztfr,515.6883869731577,34.09094892870157,26.1271775059747,ab,863,53,
4,58476.554918999784,ztfg,586.1745889345991,42.37858398731883,26.1976676213984,ab,863,53,
5,58480.50907409983,ztfg,517.2119653192545,48.551319677334675,26.1849006878924,ab,863,53,
6,58480.55288190022,ztfr,527.3202278674414,53.32222985591892,26.1294063957789,ab,863,53,
7,58487.49417820014,ztfg,327.0672655741939,21.261261312197004,26.2109122056428,ab,863,53,
8,58487.53510419978,ztfr,327.0902938324129,22.420322591327768,26.1388427915913,ab,863,53,
9,58491.46150460001,ztfg,184.5052447706884,31.29788995921094,25.9888624330581,ab,863,53,
10,58494.51396990009,ztfg,178.13265152983953,12.374627475713421,26.1788393127077,ab,863,53,
11,58502.44855319988,ztfg,130.71726292848237,63.8390528809725,26.1979917033576,ab,863,53,
12,58505.43589119986,ztfg,159.41968793439642,149.5229972842652,26.2138753458872,ab,863,53,
13,58505.556759300176,ztfr,361.7093490494227,96.93708799692996,26.1515206714237,ab,863,53,
14,58508.49107640004,ztfr,123.85950372263802,54.70449038560713,26.1466906525112,ab,863,53,
15,58508.5470718001,ztfg,124.22260743870689,75.74306448538502,26.234767375575,ab,863,53,
16,58511.48790509999,ztfg,78.89853314374882,21.85596567717844,26.1961119053702,ab,863,53,
17,58511.55201390013,ztfr,166.18592945978983,29.585431765834123,25.9705872771001,ab,863,53,
18,58524.43277780013,ztfg,70.99070433046582,41.00321349423815,26.1772474174658,ab,863,53,
