,time,band,flux,fluxerr,zp,zpsys,field,ccd,comment
0,58573.5129976999,ztfr,44.369111452460615,44.75700010810289,25.8740577854259,ab,733,0,
1,58573.5178704001,ztfr,44.91245126500304,52.85869469412671,25.8948345681313,ab,733,0,
2,58573.522743099835,ztfr,-56.78442814852534,68.6236151850706,25.9183765961808,ab,733,0,
3,58573.52761569992,ztfr,68.06979831067696,101.38301205197297,25.9422286410082,ab,733,0,
4,58582.50519679999,ztfr,575.9264887871835,37.56207976185413,25.8559732539506,ab,733,0,
5,58582.510659699794,ztfr,672.1007829003859,35.818069559563384,25.9560679848119,ab,733,0,
6,58582.51564810006,ztfr,568.7347705315782,40.89761080572493,25.9707502769907,ab,733,0,
7,58582.52063659998,ztfr,639.4634213012432,45.06004965898193,25.9918688820369,ab,733,0,
8,58601.49614580022,ztfr,1111.8860821801927,27.07202643972294,25.977662554222,ab,733,0,
9,58607.47692129994,ztfg,611.3607907990754,18.289854232879513,26.0003659066087,ab,733,0,
10,58607.49541669991,ztfr,855.8442796061033,27.454321406680183,25.9896370395426,ab,733,0,
11,58617.47104169987,ztfg,257.1269066538279,13.003452719996416,26.0201093506869,ab,733,0,
12,58628.46474540001,ztfg,142.65919540560427,33.63918480107895,26.0440683733905,ab,733,0,
13,58628.48464119993,ztfr,314.1595166645294,37.78931467376714,25.994887741526,ab,733,0,
14,58634.42697919998,ztfr,311.88217029511856,15.382397283956264,25.9506048967776,ab,733,0,
15,58634.45121529978,ztfg,129.087651337061,15.196031247964955,26.0964757054038,ab,733,0,
16,58637.43180559995,ztfr,281.87543251898956,12.51857235324117,25.972540177368,ab,733,0,
17,58637.46905090008,ztfg,113.96372661662136,11.928937238773536,26.061328171793,ab,733,0,
18,58640.470127299894,ztfr,266.8489739187732,16.57674811605321,26.0270200638331,ab,733,0,
19,58643.44765050011,ztfg,104.26681038347459,16.609674834473466,26.1166375918494,ab,733,0,
20,58643.471169000026,ztfr,253.00934899352382,20.91101119218959,26.047891404107,ab,733,0,
