,time,band,flux,fluxerr,zp,zpsys,field,ccd,comment
0,58598.27348379977,ztfg,4.905886978181448,19.9519038917798,25.807385871203,ab,325,3,
1,58598.373634300195,ztfr,18.892347702176398,23.573985474106813,25.8685075398165,ab,325,3,
2,58608.293263900094,ztfg,6.211474875878462,18.683178273265895,25.8324678682313,ab,325,3,
3,58608.33549770014,ztfr,12.74769697498551,43.11788076251966,25.582976240383,ab,325,3,
4,58617.19677079981,ztfg,662.2836850085577,53.224210858525424,25.7335250488498,ab,325,3,
5,58617.264907400124,ztfr,698.3381408241436,39.266500512292964,25.8483621825497,ab,325,3,
6,58634.23084490001,ztfg,756.2734280105219,20.851742070915797,25.8087054112881,ab,325,3,
7,58634.272488399874,ztfr,822.5128973954852,20.015758021856353,25.7896828904694,ab,325,3,
8,58638.188518499956,ztfg,517.9849373515963,23.957290478532943,25.7928205611351,ab,325,3,
9,58638.23009259999,ztfr,712.2731089120562,23.373460441804205,25.8310838294103,ab,325,3,
10,58641.18898149999,ztfg,222.3529797517561,14.91326742313564,25.2799070857733,ab,325,3,
11,58641.27365740016,ztfr,697.7990296714431,20.283282311278203,25.8543654848792,ab,325,3,
12,58644.1883911998,ztfg,292.7046421527573,24.668710513389886,25.9101655327903,ab,325,3,
13,58644.25285879988,ztfr,631.4366083248758,30.458880563791027,25.8640725277561,ab,325,3,
14,58650.18988429988,ztfg,117.27313538039826,78.58772880142202,25.8831583358637,ab,325,3,
15,58650.23141200002,ztfr,520.5174719713672,73.74459365488576,25.8578471796203,ab,325,3,
16,58655.17138889991,ztfr,505.2444572975811,128.42380715308775,25.8466937450663,ab,325,3,
17,58655.25126159983,ztfg,105.04651010989869,67.72348489948305,25.9117138729997,ab,325,3,
18,58662.21208330011,ztfg,116.17008404060837,19.36731592429969,25.9322179112737,ab,325,3,
19,58662.23241900001,ztfr,322.6771187481061,25.833122959856404,25.8773440211437,ab,325,3,
20,58667.19180560019,ztfg,63.67772337050877,18.54636082644439,25.936334104577,ab,325,3,
21,58667.21234950004,ztfr,241.95610183930643,22.717184445585612,25.885372609197,ab,325,3,
22,58670.17357640015,ztfr,236.232745953351,29.292507777931785,25.8619524890611,ab,325,3,
23,58670.19011570001,ztfg,110.12963294299743,39.551912950938245,25.8761826299077,ab,325,3,
24,58673.17343749991,ztfg,116.91896295815829,31.78483594306281,25.9266232641689,ab,325,3,
25,58673.19003470009,ztfr,208.03682176835446,25.3176378873884,25.8685669896451,ab,325,3,
26,58677.210185199976,ztfr,136.6918735039665,60.160985845751966,25.8515450206559,ab,325,3,
