,time,band,flux,fluxerr,zp,zpsys,field,ccd,comment
0,58365.13974539982,ztfr,-2.647055960987245,30.061383495201078,26.1124474207375,ab,756,39,
1,58425.52846059995,ztfg,1897.4171038665143,40.299176287405466,26.11863995713,ab,756,39,
2,58430.53026620019,ztfg,1544.2858822606295,23.821842411219503,26.1481324552241,ab,756,39,
3,58439.52055560006,ztfg,1201.7195625526329,17.865495763607996,26.0846787904515,ab,1793,8,
4,58440.49062500009,ztfg,153.69144698235968,16.619816605696005,24.180363885122,ab,756,39,
5,58440.54916669987,ztfr,2526.159287738352,26.71430554327555,26.2490220219801,ab,756,39,
