,time,band,flux,fluxerr,zp,zpsys,field,ccd,comment
0,58828.5557407001,ztfg,1191.6365929026565,77.91077458644709,26.2193893178432,ab,795,41,
1,58851.55670139985,ztfg,808.6317875294054,28.43757171786013,26.2879899752595,ab,795,41,
2,58854.55594909983,ztfg,605.4300713955843,88.52430757102245,26.3175907562169,ab,795,41,
3,58854.578576399945,ztfr,957.9548635686441,129.1256522417776,26.3804189525552,ab,795,41,
4,58856.47105319984,ztfg,3706.1845423783006,257.38808080211265,28.2094945386971,ab,795,41,
5,58856.524131900165,ztfr,4818.239146799617,116.39930792978542,28.2900540994248,ab,795,41,
6,58861.48626160016,ztfg,19.560807000415366,142.91657378424625,26.2436288628046,ab,795,41,
7,58864.466678199824,ztfg,285.3080025568479,34.483729505232006,26.2298126757004,ab,795,41,
8,58864.51576389978,ztfr,775.4564822999074,23.626449515101598,26.3433855649653,ab,795,41,
9,58871.46998840012,ztfg,159.62690078704685,44.29518035580775,26.2650439539699,ab,795,41,
10,58871.532604199834,ztfr,608.8760044834904,47.985868401999866,26.3657723844186,ab,795,41,
11,58873.530497699976,ztfr,581.4122418064862,25.107300614514227,26.3620712155005,ab,795,41,
12,58873.55233799992,ztfg,181.59834642507664,14.416974491959376,26.3652837543416,ab,795,41,
13,58876.53307869984,ztfg,129.89764030205097,14.35914667913335,26.3339329071634,ab,795,41,
14,58876.55461810017,ztfr,490.20636354463227,18.141062419013757,26.3842245994667,ab,795,41,
15,58879.513773099985,ztfg,165.9364226477168,37.46110560784631,26.3130005646926,ab,795,41,
16,58883.488286999986,ztfg,81.72022919005366,47.047484459092466,26.2840089001286,ab,795,41,
17,58883.55487270001,ztfr,340.441236109365,51.996139948907015,26.3661230803519,ab,795,41,
18,58886.49555560015,ztfg,138.90183406809666,37.5752882974078,26.3372392153748,ab,795,41,
19,58886.5543056,ztfr,299.9573760488655,24.393103789993845,26.3868195124056,ab,795,41,
20,58890.48581020022,ztfr,420.1239595122201,99.23088374140688,26.3465341362559,ab,795,41,
21,58890.5542708002,ztfg,130.26745300609326,163.7289893503816,26.2923874513056,ab,795,41,
