,time,band,flux,fluxerr,zp,zpsys,field,ccd,comment
0,58462.45995370019,ztfg,-13.846486592807281,27.18399710149486,22.6132082988854,ab,313,49,
1,58462.46086810017,ztfg,3.5264062855924427,23.60187736431802,22.8297913844238,ab,313,49,
2,58468.43729169993,ztfg,-8.421404914598286,24.270084623093936,26.2201032373393,ab,313,49,
3,58468.48093750002,ztfr,-36.96636840566258,21.666912325256373,26.1169175757517,ab,313,49,
4,58469.47480319999,ztfr,-11.216389643440223,21.703630557120487,26.1185757573571,ab,313,49,
5,58469.47571759997,ztfr,34.04444659258679,19.621015656685188,26.1190078523737,ab,313,49,
6,58469.48166669998,ztfg,15.811301812874893,18.666362384116603,26.1649522129786,ab,313,49,
7,58472.41844910011,ztfr,46.5695343646992,45.87336003074843,26.1505491675681,ab,313,49,
8,58472.4193519,ztfr,29.473339759953383,38.126366604644254,26.1393739272506,ab,313,49,
9,58472.46056709997,ztfg,-181.61778651067831,89.9610990952649,26.2324435988581,ab,313,49,
10,58472.46148149995,ztfg,6.95121287174066,39.908312305203786,26.1994995730647,ab,313,49,
11,58475.501817100216,ztfg,144.6064788123896,199.42263664044643,26.2465613630512,ab,313,49,
12,58480.43848379981,ztfr,417.9236416690024,62.00256793756734,26.0991643932887,ab,313,49,
13,58481.53174770018,ztfr,428.48778594912346,55.21816604074224,26.0589551933295,ab,313,49,
14,58487.42445599986,ztfr,838.647434522499,37.818606956478696,26.1281651790321,ab,313,49,
15,58487.44693290023,ztfg,1115.9981559211508,22.872292274510944,26.1842312192311,ab,313,49,
16,58492.51078699995,ztfg,717.5177549585221,23.756323175901965,25.7945084411422,ab,313,49,
17,58506.441111099906,ztfg,1067.498273949248,254.49070659883623,26.1410756811024,ab,313,49,
18,58509.24788190005,ztfg,367.71766393388776,84.49277923278925,26.0709880975165,ab,313,49,
19,58509.274756900035,ztfr,406.4717408740154,67.80492820546107,26.0864703657645,ab,313,49,
20,58512.38001159998,ztfg,9.973667696187167,21.468104939898723,23.1142187159537,ab,313,49,
21,58539.25182869984,ztfg,49.97700671220717,26.68972837697735,25.0703584794025,ab,313,49,
22,58539.2948264,ztfr,48.692238869633755,32.057148315035896,25.3559780304284,ab,313,49,
23,58543.25218749978,ztfr,69.85127833935611,34.94568821592701,25.5501872623884,ab,313,49,
24,58543.27398149995,ztfg,25.82050356660013,49.35015985103354,24.790041635459,ab,313,49,
