,time,band,flux,fluxerr,zp,zpsys,field,ccd,comment
0,59193.529953700025,ztfr,301.18871185195053,41.47224165866131,26.2015814443009,ab,677,18,
1,59193.54625000013,ztfg,418.43220067877706,32.11007055799731,26.1567925232801,ab,677,18,
2,59199.516944400035,ztfr,541.2794194717225,50.85284385009833,26.2341846036746,ab,677,18,
3,59199.54489579983,ztfg,556.9003374804599,33.15628158566767,26.2105183284723,ab,677,18,
4,59202.504525499884,ztfg,468.188635061455,37.979875411377925,26.1232058828216,ab,677,18,
5,59202.53490740014,ztfr,582.0214011229281,62.44196392653192,26.2528200174424,ab,677,18,
6,59204.51649310021,ztfr,541.7632642606095,22.733750508791168,26.2503295200057,ab,677,18,
7,59204.54966440005,ztfi,267.1767914297976,19.369096641948055,25.7402866427639,ab,677,18,
