,time,band,flux,fluxerr,zp,zpsys,field,ccd,comment
0,58757.50331019983,ztfr,983.6769123052513,28.01453951485896,25.9553001971486,ab,1822,1,
1,58765.50734949997,ztfg,283.01158068985825,18.47655948749899,26.050628918455,ab,788,41,
2,58771.50375000015,ztfr,547.2427029821663,84.20562507825119,26.0132118146614,ab,1822,1,
3,58771.504201400094,ztfr,631.1466047814746,80.87709461652295,25.9889653361363,ab,1822,1,
4,58776.50842589978,ztfr,414.6392118201443,39.84412692173361,26.1904104834199,ab,788,41,
5,58776.53390049981,ztfg,180.59001803472492,48.08237611538875,26.156282044148,ab,788,41,
6,58779.51064810017,ztfg,108.26316495544663,23.634494989429616,26.1381778548325,ab,788,41,
7,58785.507986099925,ztfr,382.78179237769854,23.603032820142055,26.1915969348084,ab,788,41,
8,58789.510034699924,ztfg,128.07350974900447,16.572350835864352,26.1562435952598,ab,788,41,
9,58792.51295140013,ztfr,276.5325956149676,23.584639788093526,26.2204169141377,ab,788,41,
10,58792.53278939985,ztfg,102.43950615146636,15.72758103420698,26.1772742249551,ab,788,41,
