,time,band,flux,fluxerr,zp,zpsys,field,ccd,comment
0,58487.50141200004,ztfg,7.234459325863669,17.709412152084855,26.2379353743823,ab,425,9,
1,58491.52127309982,ztfg,7.160321094127794,26.57061468990961,26.2284290147946,ab,425,9,
2,58494.52281250013,ztfg,4.088335658241718,16.06952768581363,26.1924327913515,ab,425,9,
3,58502.453275499865,ztfg,13.025303802496365,69.96948049838923,26.139696634397,ab,425,9,
4,58505.48034719983,ztfg,311.2956391454584,122.64062968010913,26.2488923415605,ab,425,9,
5,58505.53993060021,ztfr,5.079040517237933,101.46403947755957,26.1830372630496,ab,425,9,
6,58507.545648099855,ztfg,92.63956143157942,68.28062757529078,26.2816937218398,ab,425,9,
7,58508.542638900224,ztfg,185.78270432860083,90.33236310887546,26.2656059150764,ab,425,9,
8,58526.476412000135,ztfg,539.8877703451229,32.09081592835799,25.7236785189682,ab,425,9,
9,58539.374270800035,ztfr,416.22701807966496,39.377338491813155,26.0904670013915,ab,425,9,
10,58539.397916700225,ztfg,256.2464646641897,37.17107862741473,25.6837536100336,ab,425,9,
11,58543.482511600014,ztfg,289.89625553856797,17.936507002911014,25.980160978531,ab,425,9,
12,58547.37565970002,ztfg,220.9214388644836,22.937884142749933,26.1968602446874,ab,425,9,
13,58547.460266199894,ztfr,340.87003231296643,30.187321106848795,26.1632255823076,ab,425,9,
14,58557.31542820018,ztfg,95.35528960161113,110.04790165481582,26.1905449778525,ab,425,9,
15,58557.39505789988,ztfr,294.85979585085727,31.440545383694985,26.1674274233556,ab,425,9,
16,58560.2532060002,ztfg,154.04280661711968,135.37157577721288,26.095833447121,ab,425,9,
17,58560.37638889998,ztfr,160.68608255216554,31.82155374702862,26.1738724420674,ab,425,9,
18,58568.23377310019,ztfg,17.68351325238949,19.65078197057924,25.9091094027366,ab,425,9,
19,58568.31531250011,ztfr,48.94540166091009,21.847175193306775,24.916823162849,ab,425,9,
20,58573.40309030004,ztfr,166.29398704665743,23.992831122867983,26.0895381551954,ab,425,9,
