,time,band,flux,fluxerr,zp,zpsys,field,ccd,comment
0,58851.17784720007,ztfg,46.80927389651707,50.13482635964685,25.5877737986278,ab,1883,40,
1,58851.17829860002,ztfg,58.271041144241046,52.58094442121446,25.6694959666561,ab,1883,40,
2,58853.187349500135,ztfr,32.64199313331539,34.764613123603574,26.120268512646,ab,1883,40,
3,58853.18778940011,ztfr,-16.842984920987007,33.62934917975771,26.0842211673533,ab,1883,40,
4,58854.182465299964,ztfr,-50.005224699456356,157.12432963433207,26.3780320753774,ab,1883,40,
5,58854.18290509982,ztfr,53.16522459538919,195.98859361147584,26.3680010258623,ab,1883,40,
6,58856.18047450017,ztfr,-115.00656035245265,49.07632391096558,26.3742645518693,ab,1883,40,
7,58856.18092590012,ztfr,-109.44038272203187,44.22260890335928,26.3811136897166,ab,1883,40,
8,58859.24042819999,ztfr,72.72664325993979,60.53133127413131,26.360145609745,ab,1883,40,
9,58859.240879599936,ztfr,173.77924568154683,66.1059099007915,26.3661457075434,ab,1883,40,
10,58864.1536226999,ztfg,509.8524416152883,20.70529910367715,26.2564535005447,ab,1883,40,
11,58864.154074099846,ztfg,534.7149698244509,18.38254448627417,26.2880901603502,ab,1883,40,
12,58879.185648099985,ztfg,1035.9219227917933,74.49574160186637,26.0117832969902,ab,1883,40,
13,58879.18706020014,ztfg,1258.856925352051,59.20275050375278,26.2852409645471,ab,1883,40,
