,time,band,flux,fluxerr,zp,zpsys,field,ccd,comment
0,58423.12226849981,ztfr,-22.700038014526328,30.574286344705552,25.9208158324965,ab,592,0,
1,58423.15094910003,ztfg,38.68671154265419,31.703864195221502,25.9902055083706,ab,592,0,
2,58426.103634300176,ztfr,1.536490338390811,36.05399877677009,24.9398086099957,ab,592,0,
3,58426.166909699794,ztfg,-22.739188800446524,25.869527824807072,25.8793962657632,ab,592,0,
4,58429.08762730006,ztfr,-8.178850497211277,27.275653645976234,26.1968629283713,ab,592,0,
5,58429.164513899945,ztfg,23.431005455076804,20.278847268980947,26.1550331716465,ab,592,0,
6,58432.087036999874,ztfr,-45.70995557869883,58.71499662907138,26.1092451923014,ab,592,0,
7,58432.16614580015,ztfg,57.53472933437716,36.43953116684898,26.1312049319954,ab,592,0,
8,58435.08896989981,ztfr,-38.83556857368215,56.18308477691092,26.119342992275,ab,592,0,
9,58435.128911999986,ztfg,-32.80117092127948,96.38564283349002,26.1867733449597,ab,592,0,
10,58456.14061339991,ztfr,1614.0666457225173,87.40445278041517,25.9816259952701,ab,592,0,
11,58469.12131940015,ztfg,646.204843497603,43.692546662972894,25.9843454582056,ab,592,0,
12,58482.079074100126,ztfr,773.7365867110373,124.3313647742679,25.8499083620014,ab,592,0,
13,58482.08400460007,ztfr,572.1325981641547,113.74983191834782,25.8525465951469,ab,592,0,
14,58482.08892360004,ztfr,572.2263918774581,123.11034369869758,25.829191539426,ab,592,0,
15,58482.093854200095,ztfr,812.8369781025372,134.82620691819452,25.8983352482045,ab,592,0,
16,58483.078576399945,ztfr,1071.2668151245236,68.6213459868068,26.043363640916,ab,592,0,
17,58483.08357639983,ztfr,880.4383603489814,58.13952015580852,26.0374196481701,ab,592,0,
18,58483.08857640019,ztfr,752.5380253347171,45.66017090539003,26.0413698121531,ab,592,0,
19,58483.09356479999,ztfr,908.4907410237527,49.03023369730695,26.0239483980617,ab,592,0,
20,58486.08121530013,ztfr,695.1280189488083,76.7050157689616,26.0389889988103,ab,592,0,
21,58486.08612270001,ztfr,693.7492201708047,78.434572369083,26.0238036790533,ab,592,0,
22,58486.091030099895,ztfr,613.753333364789,69.8849418052087,26.0159900539131,ab,592,0,
23,58486.09593749978,ztfr,721.40146445214,66.49208707668693,26.0107132330502,ab,592,0,
