,time,band,flux,fluxerr,zp,zpsys,field,ccd,comment
0,58270.27393520018,ztfg,-11.334765009517943,64.75701304280051,26.1456420319457,ab,324,42,
1,58270.294375000056,ztfr,13.602276696985397,52.8830468121602,26.2257161826122,ab,324,42,
2,58273.251319400035,ztfg,-17.802796329127567,16.759034046364004,26.2180474689469,ab,324,42,
3,58273.31476850016,ztfr,-56.50028911109006,32.97797389715931,26.2429849356309,ab,324,42,
4,58277.2104282002,ztfg,-3.594346836302042,18.97649893773313,26.1229652370382,ab,324,42,
5,58277.251585599966,ztfr,-13.931976960814001,22.18226986620504,26.2224399722179,ab,324,42,
6,58280.16988429986,ztfr,35.73019428877288,64.79843541257655,26.3263197413108,ab,324,42,
7,58280.2537153,ztfg,-18.512608470825025,21.231507565796836,26.234670118026,ab,324,42,
8,58283.25238429988,ztfg,53.03404538768805,17.124337992950007,26.2273359980454,ab,324,42,
9,58286.210833299905,ztfg,215.87946415648162,24.02312201659845,26.2318601061866,ab,324,42,
10,58289.17248839978,ztfg,617.6590251304161,91.06852599196253,26.2398541126101,ab,324,42,
11,58289.21101849992,ztfr,394.5370334790657,46.21309361214922,26.2682929130468,ab,324,42,
12,58295.19148149993,ztfg,1153.6828062621473,57.28914829424251,26.1907226175449,ab,324,42,
13,58295.231932899915,ztfr,1124.7525360647114,55.351649072046705,26.2639304157482,ab,324,42,
14,58298.18876159983,ztfg,1280.0358287303673,79.72975922304542,26.2422017087048,ab,324,42,
15,58298.251944399904,ztfr,1071.429089423591,58.948383904568665,26.2135988367473,ab,324,42,
