,time,band,flux,fluxerr,zp,zpsys,field,ccd,comment
0,58854.54416669998,ztfg,214.45260526462928,123.4823289859262,26.3564370410033,ab,425,58,
1,58854.56689810008,ztfr,86.5584383302213,85.97043550697495,26.2632978277961,ab,425,58,
2,58872.43984950008,ztfg,27.409223318497094,17.406422522410903,26.0916143458836,ab,425,58,
3,58872.563298599795,ztfr,4.168252974957284,23.91013229785094,25.9381935004301,ab,425,58,
4,58875.52165509993,ztfr,301.6119011903141,36.74443310498362,26.2616043398406,ab,425,58,
5,58878.501250000205,ztfg,738.5151803015115,34.918182708626055,26.3409852846717,ab,425,58,
6,58878.563807900064,ztfr,748.232854871694,51.21027763974596,26.2668965898855,ab,425,58,
7,58881.5009606001,ztfg,1318.568195708774,24.1195797942568,26.3627958427226,ab,425,58,
8,58881.52282410022,ztfr,1214.553090449603,33.43900726459795,26.2655259677219,ab,425,58,
9,58884.43820599979,ztfg,1723.995847707959,51.9145092442042,26.3258888222468,ab,425,58,
10,58884.51993060019,ztfr,1593.0093853932578,46.0199995970899,26.243790474118,ab,425,58,
11,58887.44065969996,ztfg,2021.522675415386,56.85906370087585,26.3170519553972,ab,425,58,
12,58887.52053239988,ztfr,1901.188182031458,39.864377146058516,26.2640793120824,ab,425,58,
13,58895.54164349986,ztfg,1793.8562635783032,33.59229319850264,26.3347433454942,ab,425,58,
14,58899.46187500004,ztfr,1466.8726144318146,25.732475549440696,26.2503045424295,ab,425,58,
15,58904.440069399774,ztfg,905.3017484885772,37.56372796518414,26.3155435334503,ab,425,58,
16,58904.49923609989,ztfr,1116.9227101978943,28.29758746423499,26.2460249444905,ab,425,58,
17,58911.43758099992,ztfg,488.8372322820469,29.34527714493185,26.3056616317253,ab,425,58,
18,58911.46121530002,ztfr,924.4459351107314,35.07025013704248,26.2261395844802,ab,425,58,
19,58915.43679400021,ztfr,844.1173071066406,37.59697592713607,26.179851500218,ab,425,58,
20,58915.47827549977,ztfg,312.37586426859144,44.757486539585,26.3192079964291,ab,425,58,
21,58937.38928239979,ztfg,134.84424635120092,13.013870039418533,26.2912517765359,ab,425,58,
22,58940.40094910003,ztfr,219.1457704614056,37.8850179304363,25.9982936254452,ab,425,58,
23,58941.37937500002,ztfr,398.60548694586464,32.27741199486742,26.2241631392492,ab,425,58,
