,time,band,flux,fluxerr,zp,zpsys,field,ccd,comment
0,58600.258842600044,ztfg,-59.2181160966613,55.39052763561607,28.5260137661939,ab,470,61,
1,58600.30062500015,ztfr,-5.814935328392458,93.27976731356809,28.4218936460112,ab,470,61,
2,58600.34434030019,ztfg,19.327455351837305,49.14983471947171,27.7962301651647,ab,470,61,
3,58601.2277199002,ztfg,7.293154639494479,14.069436821040938,26.0281167948659,ab,470,61,
4,58601.255740699824,ztfr,-2.5809520194843847,17.47486094397481,25.9334593321841,ab,470,61,
5,58605.23339120019,ztfg,21.359600694194103,16.69763087869907,26.0040621513892,ab,470,61,
6,58608.21366900019,ztfr,51.03187019022076,17.975310203782268,25.8841159954215,ab,470,61,
7,58618.293032399844,ztfr,-204.20185438788346,135.9186832831574,24.1704941599147,ab,470,61,
8,58634.16934029991,ztfr,1690.2573373672203,24.993236064219246,25.8527125602289,ab,470,61,
9,58634.19302080013,ztfg,2241.7332430426304,24.731841590600567,25.9172209557417,ab,470,61,
10,58637.17998840008,ztfr,1633.2096979165945,23.21815800831485,25.8399218662087,ab,470,61,
11,58637.21679400001,ztfg,1909.9138604564941,25.561639320932198,25.8308593661615,ab,470,61,
12,58640.17108799983,ztfg,1791.0556588540462,36.407004246375905,25.9074253695523,ab,470,61,
13,58640.21968750004,ztfr,1534.0438652667842,30.247238528324385,25.7875080047661,ab,470,61,
14,58646.212534700055,ztfr,1174.3430842347925,59.49975678102918,25.8655849495765,ab,470,61,
15,58649.17328700004,ztfg,859.7007978678553,57.75794796455654,25.8783071060817,ab,470,61,
16,58649.215694400016,ztfr,751.7879132858902,60.39162204574848,25.7387424922306,ab,470,61,
