,time,band,flux,fluxerr,zp,zpsys,field,ccd,comment
0,58643.4586920999,ztfg,753.1110034710063,26.079865250932656,26.0251341889516,ab,498,18,
1,58646.44733799994,ztfg,441.56855097398136,16.19917421791721,25.7783075547504,ab,498,18,
2,58649.47219910007,ztfg,434.4885773138198,27.110053303960555,26.0478543685373,ab,498,18,
3,58652.457036999986,ztfr,568.92666834671,39.89524721873687,26.0804832191525,ab,498,18,
4,58655.44182869978,ztfr,495.55051454758075,65.39509439064193,26.135906251193,ab,498,18,
5,58655.47891200008,ztfg,234.42064002477161,69.67931857648922,26.1706154353038,ab,498,18,
6,58661.476041700225,ztfg,176.46693124326106,26.03342271615507,26.1660199831498,ab,498,18,
7,58665.45538190007,ztfr,318.3182958664896,15.55293167152784,26.1658008456841,ab,498,18,
8,58669.43729169993,ztfr,259.56943026939825,15.539866792011361,26.1580733616968,ab,498,18,
9,58669.46061340021,ztfg,83.98600903311129,11.775317833892439,26.1630699813252,ab,498,18,
10,58672.426411999855,ztfg,96.64182929541352,10.996763933376789,26.1192081205209,ab,498,18,
11,58672.46255790023,ztfr,215.74736342876844,13.175543532856853,26.1600631114243,ab,498,18,
12,58675.446840300225,ztfg,89.6246027989559,11.688299875200595,26.1554208565278,ab,498,18,
13,58677.44579860009,ztfg,54.275535309331936,9.271140335837686,26.080479348617,ab,498,18,
14,58677.484768500086,ztfr,166.86407602514493,14.200316286804492,26.129032145096,ab,498,18,
15,58678.439965299796,ztfg,41.527555128701785,17.89630434603117,26.178816690416,ab,498,18,
16,58678.44086810015,ztfg,59.72716486434409,17.14358298226099,26.1704583174616,ab,498,18,
17,58678.47812499991,ztfr,162.65091746676254,13.440311116436098,26.1955641379865,ab,498,18,
18,58678.479039399885,ztfr,162.6129349565103,13.018524497802971,26.1852665922031,ab,498,18,
19,58679.44555559987,ztfg,93.15203590781857,31.491374543107092,26.1963906086531,ab,498,18,
20,58679.46312499978,ztfr,161.37184985586833,24.10543456953946,26.1961409176714,ab,498,18,
21,58681.43244209979,ztfr,143.546796511442,34.910320343130586,26.1929402758951,ab,498,18,
22,58681.43517359998,ztfr,210.00186495834419,33.440818845420125,26.2050233069017,ab,498,18,
23,58682.40451390017,ztfr,140.1908673444839,29.281222228504294,26.1578977727749,ab,498,18,
24,58683.489618100226,ztfg,60.0365556663904,41.12709222280217,26.1992580947637,ab,498,18,
25,58684.401493099984,ztfg,70.75829132717095,56.99679315024653,26.1553478070115,ab,498,18,
26,58684.407002300024,ztfg,75.37365445456608,55.9199378868036,26.1645572527937,ab,498,18,
