,time,band,flux,fluxerr,zp,zpsys,field,ccd,comment
0,58397.310856500175,ztfi,50.626532289733966,16.644220216740784,25.6505836439215,ab,444,25,
1,58422.30318289995,ztfi,141.84130047760885,91.8909166254333,25.6332154431793,ab,444,25,
2,58423.14300929988,ztfr,435.9286931173004,27.384987087161957,25.9394132467614,ab,444,25,
3,58426.12906249985,ztfr,48.37398788265854,35.450823582342956,22.8691280907242,ab,444,25,
4,58426.18768520001,ztfg,671.4699438583677,23.15419603479935,25.8290231089021,ab,444,25,
5,58426.2801967999,ztfi,284.6406970127015,26.753361960950883,25.4615100696603,ab,444,25,
6,58430.16615739977,ztfg,1120.8738532836996,19.35135138626896,26.2636244878046,ab,444,25,
7,58430.17168979999,ztfr,894.8374471203714,20.818341748571296,26.2420139228278,ab,444,25,
8,58430.2126042,ztfi,358.49351795079343,22.068517182100603,25.6826323247301,ab,444,25,
9,58433.12479169993,ztfr,723.9292589830885,20.77171734099537,25.9928811832091,ab,444,25,
10,58433.16635419987,ztfg,652.5706238149659,26.143946536321774,25.679820943533,ab,444,25,
11,58434.21599540021,ztfi,318.8010386446885,49.684321454336924,25.7061269809717,ab,444,25,
12,58436.12520830007,ztfr,602.733331822808,86.57622413572017,25.8532475419416,ab,444,25,
13,58436.160451400094,ztfg,1042.893687490913,78.82875600250888,26.2248381164826,ab,444,25,
14,58443.10761569999,ztfr,637.3413813046619,45.446426767783294,26.2389087775521,ab,444,25,
15,58443.11177079985,ztfr,606.6233677497261,35.97488483857735,26.1110693821858,ab,1438,63,
16,58457.15256940015,ztfr,472.16581331025645,96.53574829015206,26.2449372090735,ab,444,25,
17,58469.1493286998,ztfg,132.41714784752043,42.00881765187406,26.131232660464,ab,444,25,
18,58472.09284720011,ztfr,280.7770887292481,43.23276161115194,26.255485494579,ab,444,25,
19,58472.15077550011,ztfg,87.33545937946134,94.57763517916185,26.1560932286178,ab,444,25,
20,58475.1428704001,ztfr,159.4915583245184,53.90298004658623,26.2202577504291,ab,444,25,
21,58482.096319399774,ztfr,164.77328364196293,61.97073871447696,26.1045874300644,ab,444,25,
22,58482.10789350001,ztfg,-42.39306958201499,72.717521095504,26.110480188383,ab,444,25,
