,time,band,flux,fluxerr,zp,zpsys,field,ccd,comment
0,58464.55256940005,ztfr,74.4707100777953,54.10128563921182,25.9899548258006,ab,375,37,
1,58464.557407400105,ztfr,-19.146137530260784,44.3587289410597,26.1140517791006,ab,375,37,
2,58464.56224540016,ztfr,-5.038736205305759,35.72787527790824,24.8995271283241,ab,375,37,
3,58464.56708330009,ztfr,-80.95781152901215,50.68324644563348,24.2194749710117,ab,375,37,
4,58465.55437499983,ztfr,57.154752854126336,55.11018377208099,26.2788574062307,ab,375,37,
5,58465.55927080009,ztfr,-2.1973459189965894,56.84878122168728,26.4124703034075,ab,375,37,
6,58465.5641667,ztfr,-13.549651983523646,85.02322016641178,26.3205448625484,ab,375,37,
7,58465.56907409988,ztfr,38.924309193083545,67.46791818917059,26.189145369295,ab,375,37,
8,58468.55726849986,ztfr,262.67764065807125,35.75417026480288,26.162804623764,ab,375,37,
9,58468.562106499914,ztfr,246.9506155858984,28.66112876468222,26.1624382794529,ab,375,37,
10,58468.56694439985,ztfr,261.2687942804272,32.33625657759707,26.1694174787487,ab,375,37,
11,58468.5717823999,ztfr,303.65526241891286,45.67486754613111,26.1755058322664,ab,375,37,
12,58469.562048600055,ztfr,164.34163070415326,76.36698787091908,25.7908062093474,ab,375,37,
13,58469.56682869978,ztfr,112.13775627623748,45.42641844805529,24.457479629937,ab,375,37,
14,58471.559432900045,ztfr,617.0972471135212,31.99038710057709,26.1758401850682,ab,375,37,
15,58471.56438660016,ztfr,614.5825504374142,34.40087625518332,26.1820353759473,ab,375,37,
16,58471.569340299815,ztfr,548.1088685955833,42.973447657928105,26.1906247570262,ab,375,37,
17,58471.57429399993,ztfr,633.3256203783814,70.00131906958462,26.2089503438824,ab,375,37,
18,58476.539861099795,ztfr,1171.2703120789236,50.29760402688932,26.1516555786874,ab,375,37,
19,58481.544409700204,ztfr,1498.8315145848383,79.43178381196176,26.1579193407614,ab,375,37,
20,58492.49653939996,ztfr,442.30026294410095,29.768295500319702,25.1589058663311,ab,375,37,
21,58492.533044000156,ztfg,1089.7252914871417,20.862219155297172,26.1356029954161,ab,375,37,
22,58503.51925930008,ztfr,745.6118852094045,45.149019531289674,26.0904299470818,ab,375,37,
23,58506.54134259978,ztfg,454.3047033103385,114.06072824648315,26.1974493506698,ab,375,37,
24,58512.5020486,ztfr,498.51848959222986,33.855172120669415,25.6720994865486,ab,375,37,
25,58526.50123840012,ztfr,345.11173892953434,42.69467538104572,25.8382327773101,ab,375,37,
