,time,band,flux,fluxerr,zp,zpsys,field,ccd,comment
0,58854.52261570003,ztfg,196.72116791564196,190.34130760162307,26.1662576320658,ab,271,4,
1,58879.522419000044,ztfr,407.02251652517776,92.52506724213148,26.1995486309881,ab,271,4,
2,58887.43870369997,ztfg,1024.1592673288508,69.40569831248982,26.152643541408,ab,271,4,
3,58895.523321799934,ztfg,781.5668385182439,63.84980469621596,26.0830119796521,ab,271,4,
4,58900.41744210012,ztfr,272.8482377126795,50.49959985530345,25.4445210202677,ab,271,4,
5,58900.5259606,ztfg,108.7469606746647,71.40368571325473,24.5094515668767,ab,271,4,
6,58914.375949100126,ztfr,367.06412462027635,38.54684798228272,26.1613553476123,ab,271,4,
7,58914.41922450019,ztfg,183.8921022435615,64.74943591630647,26.1420183902469,ab,271,4,
