,time,band,flux,fluxerr,zp,zpsys,field,ccd,comment
0,58964.26615739986,ztfr,859.7143753394871,25.94181875686901,26.1580261672778,ab,271,33,
1,58964.33534719981,ztfg,920.2874088491635,30.555785872511745,26.0440632119287,ab,271,33,
2,58967.251377299894,ztfg,933.9045799249577,30.29299881608586,26.0662501265075,ab,271,33,
3,58967.33681710018,ztfr,895.771672894892,37.19973205898912,26.1372430112354,ab,271,33,
4,58971.209583300166,ztfr,874.9830511164711,47.52165912276842,26.2256529541005,ab,271,33,
5,58971.27178240009,ztfg,796.3069126143301,50.38024039497792,26.1636879892657,ab,271,33,
6,58979.29454859998,ztfr,551.6336580621995,46.14467355765765,26.1254921680536,ab,271,33,
7,58993.22981479997,ztfg,149.28913506140015,28.2469859219904,26.0609054804868,ab,271,33,
8,58993.275613400154,ztfr,326.97558097842045,41.51993616290994,26.1063588905423,ab,271,33,
9,58996.16194440005,ztfg,173.9580031909881,46.49137869062278,26.0914965519671,ab,271,33,
10,58996.22995370021,ztfr,318.8614314966095,25.385942028815986,26.1763110716875,ab,271,33,
11,58999.167673599906,ztfr,279.1898206239795,54.70390118915268,26.1848112831379,ab,271,33,
12,59013.18381940015,ztfr,173.36401779555678,44.62742577220466,26.234552414271,ab,271,33,
13,59013.20987269981,ztfg,28.792331582936672,30.983055350643067,26.1097088497399,ab,271,33,
