,time,band,flux,fluxerr,zp,zpsys,field,ccd,comment
0,58360.51259260019,ztfr,918.7713615117167,40.263622806025175,26.1568388043713,ab,815,37,
1,58363.50646989979,ztfg,930.1657594174887,43.1021432125656,26.006328122212,ab,815,37,
2,58366.505960599985,ztfr,1132.6553406582489,25.68009958715107,26.1470177522784,ab,815,37,
3,58369.4944329001,ztfg,982.8647249992147,18.15049157871042,26.0935996184079,ab,815,37,
4,58369.508206000086,ztfr,1117.2457084824655,21.49748609587157,26.141530259406,ab,815,37,
5,58372.47196759982,ztfg,815.3190914792884,18.64326074903318,26.1019298849147,ab,815,37,
6,58372.51326389983,ztfr,1132.4420875039896,27.591643678738567,26.1968457476323,ab,815,37,
7,58375.4713078998,ztfg,759.4302049693887,17.391318134023507,26.1178113671454,ab,815,37,
8,58375.510868099984,ztfr,936.6607115182517,22.812060117158694,26.2045089078467,ab,815,37,
9,58378.46697920002,ztfg,571.1824273519254,23.679587882450996,26.1221980906705,ab,815,37,
10,58378.5113309999,ztfr,850.0532728881903,21.940463290878114,26.1911902387936,ab,815,37,
11,58382.47258100007,ztfg,391.83911976791546,16.76044272241612,26.1211755545011,ab,815,37,
12,58382.52570600016,ztfr,725.5766261625513,34.02296746742742,26.1927695553061,ab,815,37,
13,58384.453530100174,ztfg,26.417511074905775,72.22523033196752,24.1232161120789,ab,815,37,
14,58385.44681710005,ztfg,305.95525549992044,65.89106242011846,26.078215263032,ab,815,37,
15,58387.467222199775,ztfr,435.0902310444959,48.64284654523909,25.8580585431351,ab,815,37,
16,58387.51049769996,ztfg,251.8157561207521,49.111585374419185,26.1551815299691,ab,815,37,
17,58388.451770800166,ztfg,303.97581905055563,34.58914221390554,26.1261724882804,ab,815,37,
18,58388.45365739986,ztfg,197.47894987593787,33.314547878015865,26.11415838708,ab,815,37,
19,58388.51221060008,ztfr,602.1419009792021,28.297308372900357,26.196701751613,ab,815,37,
20,58388.51652779989,ztfr,565.4165879896544,27.148015582599243,26.1859915440486,ab,815,37,
21,58389.448611100204,ztfg,203.24209632108636,32.91665016184615,26.1025097174876,ab,815,37,
22,58389.5124884001,ztfr,600.5312943547401,24.142771997995865,26.1796578825966,ab,815,37,
23,58390.48728010012,ztfg,215.76412334020134,31.856653181694632,26.1465873680827,ab,815,37,
24,58390.51222220017,ztfr,623.2907000809149,29.84634865538282,26.1762982071212,ab,815,37,
25,58397.49030089984,ztfg,126.82162704136373,12.439078989603317,26.1708580877272,ab,815,37,
26,58397.510555599816,ztfr,282.37928613682953,18.307039480048058,25.7775887467748,ab,815,37,
