,time,band,flux,fluxerr,zp,zpsys,field,ccd,comment
0,58891.107303199824,ztfr,25.052858736606485,34.40038235551139,26.1188331851443,ab,401,13,
1,58891.150381899904,ztfg,4.943183926089035,34.392046333537344,26.1385700538353,ab,401,13,
2,58892.13010419998,ztfr,22.57565050516607,20.056670694347535,26.0530721208022,ab,400,0,
3,58892.15160880005,ztfg,6.652674020868154,20.565732795807453,26.0202854829689,ab,400,0,
4,58894.128043999895,ztfr,-22.547797358845088,21.946647768511816,26.0908454946295,ab,401,13,
5,58894.1670022998,ztfg,-0.5343177720821749,24.658744958846647,26.0473524328399,ab,401,13,
6,58895.11369210016,ztfr,11.487079174910287,26.56924258052902,26.1083729458133,ab,401,13,
7,58895.115046299994,ztfr,27.800742731824233,22.384043704083805,26.0822713735745,ab,400,0,
8,58895.12971059978,ztfg,-37.2762638714898,25.95638429374023,26.1030354993965,ab,400,0,
9,58895.13979170006,ztfg,8.095026213030655,33.37776882222186,26.1360682667593,ab,401,13,
10,58900.138807899784,ztfg,46.878340849225225,35.53277325711515,25.9739977722639,ab,401,13,
11,58900.163368099835,ztfr,-76.47651633048875,92.91528844113807,25.1076429594232,ab,401,13,
12,58905.1104282001,ztfr,-48.12251530966999,87.9959700166189,26.0782122712563,ab,401,13,
13,58905.14317130018,ztfg,20.937128141311707,73.39957240167547,26.0011650187003,ab,401,13,
14,58912.113611099776,ztfr,424.9232681242878,79.0270296943595,25.9952728665977,ab,400,0,
15,58912.11862270022,ztfr,424.190972950259,61.689386098187754,25.9822139480228,ab,400,0,
16,58912.12641200004,ztfr,354.78108940562015,61.83841563252007,25.9551381078429,ab,400,0,
17,58912.13141199993,ztfr,403.81686715700414,62.497606346770446,25.9469407802525,ab,400,0,
