,time,band,flux,fluxerr,zp,zpsys,field,ccd,comment
0,58912.48031250015,ztfr,-25.276868563156494,27.11390165145598,26.2404050519119,ab,377,38,
1,58912.521794000175,ztfg,0.01649177602140968,18.78071922918499,26.2017055609748,ab,377,38,
2,58915.480185199995,ztfg,83.93337711390153,46.50001070860951,26.206057643102,ab,377,38,
3,58915.5042940001,ztfr,-35.82030572040156,34.6803420974248,26.2576334429349,ab,377,38,
4,58940.437048600055,ztfr,129.9315651597423,42.73626280078611,22.3630065495282,ab,377,38,
5,58940.46219909983,ztfg,193.81467530887002,28.668650084223444,24.2726376780413,ab,377,38,
6,58943.40616900008,ztfg,893.9419810459752,53.43042054146794,26.1790852648418,ab,377,38,
7,58955.41868059989,ztfr,617.9193978226718,41.12365306736883,26.230906600775,ab,377,38,
8,58963.37401620019,ztfg,179.56841881071705,15.912107352747551,26.1672080736122,ab,377,38,
9,58963.422893499956,ztfg,203.24781593335499,28.101505320234388,26.1596005384885,ab,377,38,
10,58966.375393500086,ztfr,391.1212225239861,20.834120986555487,26.2185634597908,ab,377,38,
11,58969.33534719981,ztfr,60.3275186137715,19.35785725214243,23.893965907828,ab,377,38,
12,58969.37797449995,ztfg,12.024997816955986,18.21373053550824,23.6254910166705,ab,377,38,
13,58973.2711920999,ztfg,124.25183716817352,51.873021762579874,26.1917072327921,ab,377,38,
14,58973.313750000205,ztfr,283.5514626066871,38.51656553359949,26.2722488111566,ab,377,38,
15,58978.29370369995,ztfr,242.84115703552666,65.30625751931808,26.2696862037988,ab,377,38,
16,58978.378645800054,ztfg,76.46278421411321,135.52039374685117,25.7771885798061,ab,377,38,
17,58981.250729199965,ztfr,219.64206609920652,25.694968255014953,26.2425513439452,ab,377,38,
18,58986.3802546002,ztfg,53.17790348369776,14.67658580872649,26.1876985259985,ab,377,38,
19,58992.28712960007,ztfr,150.31342027120954,16.487161664439483,26.2470442332066,ab,377,38,
20,58992.31501160003,ztfg,70.10512375048569,15.024613490734652,26.2068706005673,ab,377,38,
