,time,band,flux,fluxerr,zp,zpsys,field,ccd,comment
0,58885.55533559993,ztfr,253.39103967412888,61.169174507829666,26.2364628930941,ab,435,47,
1,58885.56033559982,ztfr,346.31700458614927,54.80215693910776,26.255160601213,ab,435,47,
2,58885.565347199794,ztfr,375.01248152109383,57.800954256398924,26.2638820422974,ab,435,47,
3,58885.57037039986,ztfr,248.84854027564677,92.61688242279543,26.2609116302662,ab,435,47,
4,58887.556562500075,ztfr,310.22542716115055,72.90341038162072,26.2596802578574,ab,435,47,
5,58887.561481500044,ztfr,169.70375207657295,83.01569964862101,26.2916648858892,ab,435,47,
6,58887.566400500014,ztfr,171.4499632239635,84.67959084564946,26.2833820023832,ab,435,47,
7,58887.57131939987,ztfr,381.55846308433075,113.01079646057713,26.2982417924773,ab,435,47,
8,58893.55342590017,ztfr,209.518237301346,38.77884600902178,26.2662307165227,ab,435,47,
9,58893.55843750015,ztfr,192.61323819798304,41.34813016613318,26.2773108986445,ab,435,47,
10,58893.563472200185,ztfr,213.6693661594669,44.05499313616747,26.2775102586362,ab,435,47,
11,58914.48894680012,ztfg,16.11111981491833,33.19710500345593,25.9791452393985,ab,435,47,
12,58914.55157409981,ztfr,176.73993056732076,33.073950647891046,26.2560609321912,ab,435,47,
