,time,band,flux,fluxerr,zp,zpsys,field,ccd,comment
0,58833.44832180021,ztfr,2038.8062090086944,84.18393725653917,26.264980923116,ab,1753,27,
1,58833.44877310004,ztfr,2034.9029614006638,73.63812093323668,26.2616905709348,ab,1753,27,
2,58833.56076390017,ztfg,2493.4722132327643,113.94030061467926,26.3128617623936,ab,1753,27,
3,58833.56121530011,ztfg,2272.346536217978,133.77447657994168,26.3017346009499,ab,1753,27,
4,58837.509062500205,ztfg,1848.2079785227345,47.16678251970868,26.2504040115474,ab,1753,27,
5,58837.50951390015,ztfg,2010.7115856069752,39.79124367150891,26.2848794110067,ab,1753,27,
6,58851.540983799845,ztfg,398.29317505997784,28.973578593305316,25.8699700225341,ab,1753,27,
7,58851.5418866002,ztfg,420.69635510965145,27.212207808273252,25.9043146435736,ab,1753,27,
8,58854.45672449982,ztfr,1049.327242277996,51.76252384376963,26.2595504945116,ab,1753,27,
9,58854.45717590023,ztfr,939.8287896173091,53.60725354826024,26.259852617558,ab,1753,27,
10,58854.5307407002,ztfg,509.8401376653896,67.80827740942306,26.297063749199,ab,1753,27,
11,58854.5316319,ztfg,427.20933355281585,50.42128400418558,26.2786309178342,ab,1753,27,
12,58859.30699069984,ztfr,834.5599391495185,58.523406581556955,26.2152045247511,ab,1753,27,
13,58859.31108799996,ztfr,692.6573262642172,54.24053017877371,26.2093782323819,ab,1753,27,
