,time,band,flux,fluxerr,zp,zpsys,field,ccd,comment
0,58502.502430600114,ztfr,-321.0308596180743,173.2115466196879,26.0838671097499,ab,419,31,
1,58505.51966439979,ztfr,-179.1400432441284,192.5653589908938,26.1888704198855,ab,419,31,
2,58508.4609375,ztfr,-18.019430312909996,77.43734303486684,26.1998011193604,ab,419,31,
3,58508.54201389989,ztfg,76.68863635218639,209.7038192162053,26.1314408610785,ab,419,31,
4,58511.39989579981,ztfr,-19.711210282376367,24.945836051953933,26.1999201702498,ab,419,31,
5,58511.42037039995,ztfg,-9.959686645831834,25.64522675726709,26.1699413695584,ab,419,31,
6,58514.40179400006,ztfr,-33.085719735106174,18.24974430877956,24.4905642038857,ab,419,31,
7,58514.45862270007,ztfg,-25.146122812639128,16.494545793303182,23.8707339476224,ab,419,31,
8,58523.42104170006,ztfg,34.02704416406776,24.447875105156005,23.4258546214842,ab,419,31,
9,58538.247511600144,ztfr,130.39390280530074,33.431506755631936,24.2186499376751,ab,419,31,
10,58538.314375000075,ztfg,422.6941290412562,25.986668661981625,25.6173626604568,ab,419,31,
11,58543.2645370001,ztfr,271.3332751559946,24.499275655104537,25.2333450108167,ab,419,31,
12,58543.27718750015,ztfg,160.09082900518158,17.88155145476313,24.8942778593046,ab,419,31,
13,58556.27379629994,ztfr,341.70133219466,28.534631566713106,26.1580559460128,ab,419,31,
14,58556.338379600085,ztfg,76.80586864340758,67.78187975788288,26.1626671178143,ab,419,31,
15,58559.25182869984,ztfr,311.48177554198105,35.88712090250982,26.1538774925896,ab,419,31,
16,58559.3126968001,ztfg,72.90345817691275,60.71012761303871,26.2129456080132,ab,419,31,
17,58567.23246529978,ztfr,178.36199970848182,15.202989402948297,26.1388007729743,ab,419,31,
18,58567.27172450023,ztfg,35.45378209279738,18.811661634336993,26.0896544796977,ab,419,31,
19,58572.25349539984,ztfg,34.13118355074555,17.856951603483637,25.2907638930254,ab,419,31,
20,58572.272916700225,ztfr,84.60503793571303,22.929412061937878,25.5156319400339,ab,419,31,
21,58575.23064809991,ztfr,38.34074698951441,22.112212013457793,24.6833568407394,ab,419,31,
22,58580.2288079001,ztfr,100.49544900930667,18.991462284390696,26.1275958745186,ab,419,31,
23,58580.2308565001,ztfg,66.15600278745246,14.771739684728058,26.1639296736608,ab,419,31,
24,58583.25780089991,ztfr,63.80662856322746,24.799934541025358,26.1096348024976,ab,419,31,
25,58586.16844910011,ztfg,50.06085510076636,24.297292242059306,26.0862791663707,ab,419,31,
26,58586.21254630014,ztfr,114.12115319298442,21.732430439804396,26.1230584221004,ab,419,31,
