,time,band,flux,fluxerr,zp,zpsys,field,ccd,comment
0,58811.54690970015,ztfr,1462.9253459885922,76.97702777532821,25.9182904699959,ab,424,1,
1,58811.55177079979,ztfr,1685.210195703343,82.42120542526418,25.9353951207779,ab,424,1,
2,58811.556631899904,ztfr,1751.0632555030786,74.11500654139103,25.9541972417877,ab,424,1,
3,58811.561504600104,ztfr,1688.6930337896758,85.98167211914635,25.9724222026317,ab,424,1,
4,58819.55240740022,ztfr,56.310088764029096,53.639043669371446,23.0681845667547,ab,424,1,
5,58819.557175899856,ztfr,126.16940217225827,53.33238004826649,22.7925948168422,ab,424,1,
6,58819.566736099776,ztfr,193.3145989289665,102.22023131692448,23.7996808956985,ab,424,1,
7,58831.564143499825,ztfg,713.1797548425894,106.97621986359505,26.2453189085007,ab,424,1,
8,58835.482222199906,ztfr,1125.2184336809266,194.1973389814946,26.0858535683544,ab,424,1,
9,58835.575555600226,ztfg,408.6038507471588,119.12017218225897,26.2941944345169,ab,424,1,
10,58850.50319440011,ztfr,512.0317930348226,49.40662600313826,26.182293344388,ab,424,1,
11,58850.543877299875,ztfg,213.80744811003729,37.78800335878326,26.2573873304285,ab,424,1,
12,58853.57899310021,ztfr,539.6372846187044,48.408580328713015,26.2409014273868,ab,424,1,
13,58856.54363430012,ztfg,162.99352842617424,25.95559324932589,26.2581497548821,ab,424,1,
14,58861.49944439996,ztfg,247.8694621930012,96.79148905322276,26.2404498571667,ab,424,1,
