,time,band,flux,fluxerr,zp,zpsys,field,ccd,comment
0,58480.52232640004,ztfg,44.22466827258287,60.92337046915693,26.2593848154443,ab,476,40,
1,58487.51859949995,ztfg,-30.03417586703834,16.795098035437835,26.2903813689034,ab,476,40,
2,58487.54553239979,ztfr,13.115733997327732,20.696344704436715,26.3571591335559,ab,476,40,
3,58491.503124999814,ztfg,16.753743364203302,24.19349867849483,26.2366717039536,ab,476,40,
4,58494.523263900075,ztfg,-6.865517667429948,12.280872251892553,26.2797573722757,ab,476,40,
5,58502.46528939996,ztfg,188.7089657315069,64.3018809821459,26.2040185032629,ab,476,40,
6,58502.540439799894,ztfr,195.0045820216927,35.62359877093905,26.2329590800633,ab,476,40,
7,58505.480810199864,ztfg,550.5338469463549,116.41417805089417,26.3096907704725,ab,476,40,
8,58505.545578700025,ztfr,362.5062163465063,76.9352114541141,26.3564872190307,ab,476,40,
9,58507.544733799994,ztfg,617.8618228152029,53.929819952648145,26.3288520208653,ab,476,40,
10,58511.49189809989,ztfg,663.091520657519,28.91044895580914,26.1653581056378,ab,476,40,
11,58522.49337959988,ztfg,515.7655175200047,20.19795663264554,26.2821617900517,ab,476,40,
12,58522.494930599816,ztfg,554.1998441990544,25.602548704669317,26.2911081712464,ab,476,40,
13,58526.47687500017,ztfg,304.5605480936397,25.95131701654932,25.9360302546455,ab,476,40,
14,58539.35664349981,ztfr,243.2045779229981,34.412027122241234,25.9809048342181,ab,476,40,
15,58539.39836810017,ztfg,63.03950961724753,31.022282175630313,25.8298062563668,ab,476,40,
16,58539.41952549992,ztfi,37.0188603275291,49.96530822436491,22.9836144798104,ab,476,40,
17,58543.374050899874,ztfr,203.09296335867145,25.30557884721379,26.182245487742,ab,476,40,
18,58543.48296299996,ztfg,51.508222562440054,18.16624016176642,26.0379591082802,ab,476,40,
19,58556.39906249987,ztfi,101.33891629452526,55.809971469546284,25.7620898286101,ab,476,40,
20,58556.43940970022,ztfg,44.1811814694214,24.07157992335676,26.3234759421707,ab,476,40,
21,58559.35505789984,ztfg,60.85781019464412,36.850734582031514,26.2905578423173,ab,476,40,
22,58560.29516200023,ztfi,86.86600695466582,45.76958013174441,25.7561949325731,ab,476,40,
23,58562.39673609985,ztfr,204.56596520158024,338.5393363346206,25.0714190889212,ab,476,40,
24,58568.25297449995,ztfg,23.203284768207183,17.259404607437993,26.1204666750547,ab,476,40,
25,58568.31576390006,ztfr,87.01551072051682,19.355278938705133,25.6906674559776,ab,476,40,
26,58568.35718750022,ztfi,4.764903208448477,30.485349299720912,22.8273661818062,ab,476,40,
