,time,band,flux,fluxerr,zp,zpsys,field,ccd,comment
0,58221.201053199824,ztfr,16.424191212880544,72.41817775220986,25.6670439921683,ab,516,10,
1,58224.17364579998,ztfr,32.16573549064944,36.600997482053536,25.1361573141518,ab,516,10,
2,58227.1475463002,ztfr,10.990851744385788,28.324893771038223,26.1278457352688,ab,516,10,
3,58227.172615699936,ztfg,-7.642220603122243,22.937024257432075,26.2187676955373,ab,516,10,
4,58232.15069440007,ztfg,24.336759015284557,106.35756701099156,25.4343459959482,ab,516,10,
5,58232.19312500022,ztfr,43.35738880129393,150.16918372453338,24.3988770610275,ab,516,10,
6,58235.19537039986,ztfg,-2.1579992330305195,56.80734237597977,26.203127137947,ab,516,10,
7,58244.15825230023,ztfr,2723.9863333067747,32.303705553778144,26.0918644451188,ab,516,10,
8,58244.2079977002,ztfg,2949.8418390494585,44.48705484786119,25.9283616246308,ab,516,10,
9,58247.17320600012,ztfg,6072.905480030764,37.74618964763793,26.1721285278163,ab,516,10,
10,58247.21934030019,ztfr,4081.3452380251865,37.69893572869946,25.990546856317,ab,516,10,
11,58263.173796299845,ztfr,15520.043106368896,140.61050459765536,27.1935069442317,ab,516,10,
