,time,band,flux,fluxerr,zp,zpsys,field,ccd,comment
0,58912.21429400006,ztfr,-10.864545201255988,32.93348018235977,26.0115190767736,ab,518,61,
1,58912.24655089993,ztfg,-13.106905846657682,31.98119633950834,26.139661774901,ab,518,61,
2,58938.16806709999,ztfr,8695.266466197278,64.2180022788563,27.4918161758606,ab,518,61,
3,58939.12642360013,ztfr,9305.246598095826,83.33860107558883,27.4868222851257,ab,518,61,
4,58939.168553200085,ztfr,9542.5417371627,66.27939469442528,27.4988626229656,ab,518,61,
5,58939.191076400224,ztfr,9024.813953511553,67.3682188581062,27.447842096344,ab,518,61,
6,58939.19302080013,ztfr,2307.2802099117357,28.9958576607525,25.9581073030487,ab,518,61,
7,58939.19488430023,ztfr,2705.176997810726,33.44071955206074,26.1387852451265,ab,1563,16,
8,58939.19533560006,ztfr,2664.2613949357606,36.25986306579316,26.1208349166495,ab,1563,16,
9,58939.22811339982,ztfr,8993.90501320444,75.69857086982147,27.428312836128,ab,518,61,
10,58940.17108799983,ztfg,2863.292290082156,36.30892046385886,25.9436668379401,ab,518,61,
11,58940.192465300206,ztfr,1222.3478651953635,47.497632831202125,25.2854992090081,ab,518,61,
12,58954.20714120008,ztfr,9543.926987426781,62.783992480963846,27.4833668762456,ab,518,61,
13,58954.22590279998,ztfr,9497.020468993882,66.82119745562362,27.4732531134855,ab,518,61,
14,58954.23461809987,ztfr,9380.408137723158,68.44781525298177,27.4726745181514,ab,518,61,
15,58955.213634300046,ztfr,2307.3487216786534,27.98332288350503,25.9978673491778,ab,518,61,
16,58963.20862270007,ztfg,1321.9340599292989,20.944074812086185,26.0564661811693,ab,518,61,
17,58966.18687500013,ztfr,211.9248590211674,36.74138968536602,23.7970936703277,ab,518,61,
18,58966.21440970013,ztfg,453.15704836661877,24.476108045260382,25.0446207821157,ab,518,61,
19,58972.17247689981,ztfr,1436.8341337818765,39.14493172213072,26.0169818677541,ab,518,61,
20,58972.21233800007,ztfg,645.8960144869546,61.927257993996534,26.0519445683677,ab,518,61,
21,58975.16461810004,ztfr,1265.1535947613113,41.587318428714525,25.9256605374557,ab,518,61,
22,58975.2131829001,ztfg,653.8526184382133,58.96039256514525,26.0695944623768,ab,518,61,
23,58978.23331019981,ztfr,1216.5004348215416,38.43654835111633,25.9373054118203,ab,518,61,
24,58981.1558681,ztfg,395.2922919232668,28.389407383945915,26.1144140792223,ab,518,61,
25,58981.21437499998,ztfr,1004.9573398483028,33.84112779042163,25.9497763118275,ab,518,61,
26,58987.16002310021,ztfr,811.9740477192121,26.998465889814902,26.0146278096696,ab,518,61,
