,time,band,flux,fluxerr,zp,zpsys,field,ccd,comment
0,58723.25731479982,ztfg,27.485430692289036,15.748973513519797,25.9305556423538,ab,286,1,
1,58723.325555600226,ztfr,-68.15739486918051,113.91590285107482,26.1588859022135,ab,286,1,
2,58726.24175930023,ztfg,-8.22715329735487,36.53729434013522,26.0042659704164,ab,286,1,
3,58739.20802079979,ztfg,165.51096982242933,125.61485979665106,25.9947976877843,ab,286,1,
4,58739.25118059991,ztfr,-80.10275838878141,123.13791981044555,25.9731964643606,ab,286,1,
5,58746.133564800024,ztfg,677.811623887627,27.708013394870296,25.9274719484119,ab,286,1,
6,58749.20523149986,ztfg,1034.796871698125,36.139367655460696,25.9251697297348,ab,286,1,
7,58757.142199099995,ztfg,1672.3039880363542,30.08385018677856,26.0131058443843,ab,286,1,
8,58760.20552079985,ztfg,1508.7304770542805,34.407446979508634,25.9354251169089,ab,286,1,
9,58765.09607640002,ztfg,1146.8038838879265,145.50228831350069,25.9791285528028,ab,286,1,
10,58765.18725690013,ztfr,1067.5423629153556,71.01331272810407,25.9758567494578,ab,286,1,
11,58769.10555560002,ztfr,688.0919577634195,94.7069900424042,25.9789870812138,ab,286,1,
12,58769.19065969996,ztfg,836.1665036065051,103.69810398405008,25.868973480839,ab,286,1,
13,58773.08915509982,ztfr,582.296900341557,78.64721007075971,25.5292944019604,ab,286,1,
14,58773.18372689979,ztfg,577.1208967148073,62.654082786439446,25.5181878975407,ab,286,1,
15,58777.099120399915,ztfr,669.9499624294383,49.86098236163554,26.0061179220748,ab,286,1,
16,58777.12265049992,ztfg,530.2815324674626,37.54126871074609,25.9957258750291,ab,286,1,
17,58783.084016200155,ztfr,692.8162335621184,52.50981351059676,26.0361533736457,ab,286,1,
18,58783.1058565001,ztfg,362.06092912569216,34.88359878029205,26.0076012118245,ab,286,1,
19,58787.1123147998,ztfr,703.7813985769133,126.113487489616,26.0158628863035,ab,286,1,
20,58792.097326400224,ztfg,192.94898975019032,62.28216679805406,25.8793021850004,ab,286,1,
21,58792.10638889996,ztfr,507.78839035283005,66.16494181644056,25.9195058870759,ab,286,1,
22,58795.07408560021,ztfr,389.27500297461864,59.590421962959375,25.9846821603857,ab,286,1,
23,58795.10613430012,ztfg,177.0882785210838,70.0311716243201,25.9278733539139,ab,286,1,
24,58798.09424770018,ztfg,172.65726695608052,67.38292627346273,25.9461168803307,ab,286,1,
