,time,band,flux,fluxerr,zp,zpsys,field,ccd,comment
0,58835.088657400105,ztfr,-71.82620221185032,108.4962840814954,26.005962171266,ab,548,33,
1,58835.12393519981,ztfg,67.5368866422739,72.46295093473172,26.0577150508114,ab,548,33,
2,58838.095694399904,ztfr,2.4544609843126617,34.519467298908026,26.2325852236008,ab,548,33,
3,58838.12296300009,ztfg,0.4176620715406413,43.37090937801675,25.1804213315863,ab,548,33,
4,58851.10439810017,ztfr,138.23202939859794,77.36144777289897,25.2286224644803,ab,548,33,
5,58851.12503470015,ztfg,39.61577581930696,69.39612102800461,25.4706186269435,ab,548,33,
6,58854.12293979991,ztfr,143.081442455399,79.3243342873994,26.2638839604805,ab,548,33,
7,58860.131284699775,ztfr,625.7233440955927,67.12542571480583,26.221934040214,ab,548,33,
8,58863.09289349988,ztfr,852.0158445801279,32.95570908172139,26.2436076787354,ab,548,33,
9,58863.12040509982,ztfg,825.6052561640978,27.798209368852874,26.1780457481761,ab,548,33,
10,58873.093078699894,ztfr,1134.7717835963947,41.13664815049709,26.228705737055,ab,548,33,
11,58873.11027779989,ztfg,914.7277940237971,27.13705669681177,26.1312730770585,ab,548,33,
12,58876.09603009978,ztfr,582.0132099560407,40.09153967328123,25.5124878708197,ab,548,33,
13,58876.10101850005,ztfr,894.0899871891725,31.454978564252976,25.9026178532302,ab,548,33,
14,58876.10599539988,ztfr,321.329070582489,45.92171963783916,24.5920522341457,ab,548,33,
15,58876.110972200055,ztfr,556.6912478084719,77.04056464641276,25.2474777709269,ab,548,33,
16,58878.096238399856,ztfr,922.8091088845717,245.17616352939714,26.0598057518845,ab,548,33,
17,58878.10130790016,ztfr,305.033008255335,214.5519080928808,25.6850404964287,ab,548,33,
18,58878.10636569979,ztfr,697.2681182541991,258.26337049819136,25.6767500397309,ab,548,33,
19,58878.11143520009,ztfr,996.2662602312599,274.6677303167921,26.1333239058918,ab,548,33,
