,time,band,flux,fluxerr,zp,zpsys,field,ccd,comment
0,58875.0948379999,ztfr,16.587469252731253,37.84355321874362,26.2424047772341,ab,693,21,
1,58875.136724499986,ztfg,14.40126901098953,18.739626742633902,26.1493273516553,ab,693,21,
2,58878.119629600085,ztfg,142.1924714838227,208.16654111937996,26.1834523259983,ab,693,21,
3,58878.1323032002,ztfr,-62.782268584101125,146.1609256446125,26.2095032227459,ab,693,21,
4,58881.1233680998,ztfr,-68.68387547971874,45.62812239297547,26.2355065054132,ab,693,21,
5,58881.13290510001,ztfg,60.459317191823644,53.10868630635863,26.140338908007,ab,693,21,
6,58885.10270830011,ztfg,69.79739749897539,65.23025844685407,26.1735477589177,ab,693,21,
7,58885.13476849999,ztfr,-25.24952063451579,114.95268808363544,26.0687228392887,ab,693,21,
8,58892.13509259978,ztfr,34.419133045214835,34.84741623040822,26.1106346877408,ab,693,21,
9,58898.10725690005,ztfr,495.9448113748533,60.9954330186532,26.1476843628067,ab,693,21,
10,58898.11216440005,ztfr,514.6122193441754,52.024842605178854,26.1106146495064,ab,693,21,
11,58898.117083299905,ztfr,217.0570081775105,73.21463526836996,24.7963427997486,ab,693,21,
12,58898.122002299875,ztfr,335.5542739866206,59.58917486738803,25.9143526486388,ab,693,21,
13,58900.10839120019,ztfr,823.0963166314415,103.15183883946845,26.0053674425863,ab,693,21,
14,58900.11339120008,ztfr,564.2043250987857,93.18263863228721,25.7750589589664,ab,693,21,
15,58900.11837959988,ztfr,544.7240129431964,86.3568724461401,25.7019511610781,ab,693,21,
16,58900.1233680998,ztfr,421.6510223874818,104.4845253660156,25.5015304246439,ab,693,21,
17,58961.48835649993,ztfr,283.29380344827786,82.75417573872082,25.9684144983351,ab,693,21,
18,58961.49221060006,ztfr,31.872185176616824,138.74626709340615,26.0516424130579,ab,693,21,
19,58961.496053200215,ztfr,251.4383858764137,98.7591815141383,26.0013489531301,ab,693,21,
20,58961.50003470015,ztfr,292.33135464625605,134.94022073269434,26.0214053085421,ab,693,21,
21,58963.48474540003,ztfg,113.13304719644408,42.067143003280755,25.9123916595455,ab,693,21,
22,58963.487997699995,ztfg,148.21453738912567,41.723866603084794,25.9432703678689,ab,693,21,
23,58963.49124999996,ztfg,137.467401455762,39.794070163224596,25.9612497764041,ab,693,21,
24,58963.494618100114,ztfg,145.5550413507332,41.82900977711096,25.9758732160366,ab,693,21,
