,time,band,flux,fluxerr,zp,zpsys,field,ccd,comment
0,58833.26189809991,ztfr,65.477110562426,60.941712831704194,26.3797116517572,ab,1504,43,
1,58833.262349499855,ztfr,31.8309112416338,56.54422052421612,26.3883955648199,ab,1504,43,
2,58854.170289400034,ztfr,1255.793449163366,237.5968428384555,26.3954093893453,ab,1504,43,
3,58859.26645829994,ztfr,2470.3308464107868,61.52304895627712,26.400419279399,ab,1504,43,
4,58859.26690969989,ztfr,2390.6202672850654,58.84682528588592,26.387086478322,ab,1504,43,
5,58867.20089119999,ztfg,2736.636810257363,29.142836570395687,26.3308462541232,ab,1504,43,
6,58867.20134259993,ztfg,2611.401856391496,28.457482119932575,26.2571082747082,ab,1504,43,
7,58871.2083796002,ztfg,2373.9096988206743,30.13793543928101,26.3485601366294,ab,1504,43,
8,58876.14495369978,ztfg,1201.8617011038527,24.383924716495248,26.0014368923517,ab,1504,43,
9,58876.14540510019,ztfg,1620.3326399457117,23.653037969307594,26.3226361631066,ab,1504,43,
10,58878.21474540001,ztfg,1315.0224312796272,70.30032586885186,26.3401660258748,ab,1504,43,
11,58878.21519679995,ztfg,1399.3821943709684,82.57990035148468,26.3418305658938,ab,1504,43,
12,58879.147488399874,ztfg,513.1233439427436,60.43132651493665,25.4275854584442,ab,1504,43,
13,58879.14839120023,ztfg,562.5535280243366,64.57831642251364,25.3817547259103,ab,1504,43,
14,58881.15471060015,ztfg,961.6855498914914,34.63739469701942,26.346302334968,ab,1504,43,
15,58881.1551620001,ztfg,1012.1152915344065,32.75917646287411,26.3455799309709,ab,1504,43,
16,58887.22746529989,ztfg,587.2523782141395,83.85476352060377,26.3092749453015,ab,1504,43,
17,58887.227916699834,ztfg,497.6758806548425,77.0941920836111,26.3166675525646,ab,1504,43,
