,time,band,flux,fluxerr,zp,zpsys,field,ccd,comment
0,58795.538067100104,ztfr,2167.4313399798234,70.18656081831688,25.9360322610385,ab,318,6,
1,58795.54310189979,ztfr,1924.5210073844412,88.22224650488138,25.9381844523193,ab,318,6,
2,58795.5481480998,ztfr,2038.1576147366688,70.18656668917754,25.9746487120828,ab,318,6,
3,58795.55319439992,ztfr,1817.4900594834496,100.58803216607348,25.9852466906408,ab,318,6,
4,58805.5382869998,ztfg,334.94622943374407,45.65294904609888,25.4888881513613,ab,318,6,
