,time,band,flux,fluxerr,zp,zpsys,field,ccd,comment
0,59061.18745370023,ztfg,-102.14200071942413,43.93747270936141,26.2645126923727,ab,1633,32,
1,59061.27299770014,ztfr,-35.158464364765926,46.60730249619352,26.3985599305337,ab,1634,45,
2,59061.27393520018,ztfr,27.025023492375073,33.968172036003,26.2851054517539,ab,1633,32,
3,59063.36415510019,ztfr,-68.93875572779635,93.88287336386148,26.3188909435296,ab,1634,45,
4,59064.38858800009,ztfr,42.33873593178133,93.35920363694666,26.2728178570378,ab,1634,45,
5,59065.270092600025,ztfg,61.49727800325393,88.32531209510577,26.2326379625336,ab,1633,32,
6,59092.24186340021,ztfr,1899.3952997046558,45.96596766611387,26.2482837093978,ab,1633,32,
7,59092.24232639978,ztfr,1918.8562244512552,47.17239125858317,26.2508483660978,ab,1633,32,
8,59092.243263899814,ztfr,1956.1535489561163,54.675431558681915,26.3094693527754,ab,1634,45,
9,59092.29716440011,ztfg,1715.4551858525242,75.46256994406518,26.2343790959435,ab,1634,45,
10,59092.29763890011,ztfg,1654.4905046679949,75.47201110579864,26.2345190403554,ab,1634,45,
