,time,band,flux,fluxerr,zp,zpsys,field,ccd,comment
0,59173.53708329983,ztfr,68.29171960620525,44.35896833410114,24.150787762733,ab,320,23,
1,59173.541782400105,ztfr,198.28691629705833,31.20535584945728,25.0439022777097,ab,320,23,
2,59173.546481499914,ztfr,227.4800557127316,35.12417401447962,25.2728217477965,ab,320,23,
3,59173.55118060019,ztfr,310.3194003349448,39.91514547286019,25.3547522217588,ab,320,23,
4,59173.55587959988,ztfr,302.58614835246095,46.43490284440275,25.5310623954878,ab,320,23,
5,59187.52788189985,ztfg,1610.0706507854825,189.83929445881478,26.1795884626723,ab,320,23,
6,59188.508333299775,ztfr,1590.2004546302453,54.829423237189026,26.2577344738598,ab,320,23,
7,59193.5403355998,ztfr,1314.2632819724938,46.952025967353755,26.2927957677682,ab,320,23,
8,59193.54512730008,ztfg,1174.1552215767754,40.56599290925557,26.230991927512,ab,320,23,
9,59196.507013900205,ztfr,1163.1592009689282,83.42930620103877,26.2671778975115,ab,320,23,
10,59199.52125000022,ztfr,941.5562024986322,56.700152368755866,26.3045267978642,ab,320,23,
11,59202.50113430014,ztfg,555.0848104554783,45.66186997487291,26.2033268180764,ab,320,23,
12,59204.46736110002,ztfg,398.30363147058216,26.661186033887752,26.0988701515887,ab,320,23,
