,time,band,flux,fluxerr,zp,zpsys,field,ccd,comment
0,58427.540289400145,ztfg,1282.5492104927641,29.569062697715047,26.2389640211106,ab,471,42,
1,58430.52293979982,ztfg,1020.5175432183557,21.80464914698054,26.1931058529905,ab,471,42,
2,58439.524664400145,ztfg,515.6674764519549,16.56176441334384,26.1065239569819,ab,471,42,
3,58440.48239579983,ztfg,334.8225388684485,18.226089239166956,25.73451548961,ab,471,42,
4,58440.54548610002,ztfr,790.1833870350813,26.459550435907442,26.2964644942934,ab,471,42,
5,58443.47849539993,ztfr,706.7234678026979,38.673144872620554,26.2719608471129,ab,471,42,
6,58447.4983333,ztfr,681.5806020900403,46.94320804868913,26.3080796320169,ab,471,42,
7,58449.485069400165,ztfr,628.1952215083811,48.75603012569957,26.0772004090299,ab,471,42,
8,58450.48468750017,ztfg,223.09552053257949,45.15682677323104,26.2437314668272,ab,471,42,
9,58461.49956020014,ztfg,95.49178596914334,25.626375274109392,25.8965158609311,ab,471,42,
10,58461.5439352002,ztfr,365.0024239155253,29.336103611634613,26.1115830985415,ab,471,42,
11,58464.50059030019,ztfg,158.79844706561428,36.88599729075236,26.306429301669,ab,471,42,
12,58472.522488399874,ztfg,132.4347858374282,20.666526094135122,26.3034097758918,ab,471,42,
13,58472.543877299875,ztfr,324.30079216676125,64.42822836331742,26.4041632190316,ab,471,42,
