,time,band,flux,fluxerr,zp,zpsys,field,ccd,comment
0,59178.33929400006,ztfr,-47.861867984643546,40.242067877905,26.269125734007,ab,1351,8,
1,59178.340706000105,ztfr,10.479242334712472,36.17251506325631,26.2733717762553,ab,1351,8,
2,59180.42535880022,ztfr,26.275109653876296,198.0446394752737,26.27933274019,ab,1351,8,
3,59180.425821799785,ztfr,-191.22979989125662,145.0729966044088,26.2913914654857,ab,1351,8,
4,59181.30849540001,ztfr,152.56140616073225,164.3970058690552,26.2271456983729,ab,1351,8,
5,59181.30896990001,ztfr,320.0286443254381,165.21383199163924,26.2425268822633,ab,1351,8,
6,59182.38041670015,ztfr,13.307094578971816,65.22206689490741,26.2929904420541,ab,1351,8,
7,59182.38087960007,ztfr,109.03704143845141,67.77285750771559,26.2946738400082,ab,1351,8,
8,59185.33001160016,ztfr,109.3527814212004,71.54323073164166,26.2513782758178,ab,1351,8,
9,59185.33048610017,ztfr,305.0378296218823,74.48593599479234,26.2653042002522,ab,1351,8,
10,59193.3698148001,ztfr,844.3179851666583,29.80224047187609,26.2629145119233,ab,1351,8,
11,59193.37027780013,ztfr,856.7710313494804,31.950656192021277,26.2612136538737,ab,1351,8,
12,59194.31255789986,ztfr,790.6436998068352,52.143106533527835,26.2603047519398,ab,1351,8,
13,59194.33123840019,ztfr,934.8037254528068,36.206506609016635,26.2880869296746,ab,1351,8,
14,59196.31082180003,ztfr,1008.5321832166483,62.12369050761599,26.2570384851547,ab,1351,8,
15,59196.31129630003,ztfr,1069.52673579919,62.76291436977491,26.2586057970051,ab,1351,8,
16,59199.36894680001,ztfr,944.0233627656272,59.14070285770625,26.2881798253161,ab,1351,8,
17,59199.370185200125,ztfr,1119.0886808987912,55.31792394722165,26.2912597968666,ab,1351,8,
18,59202.311504600104,ztfr,1153.3288958690016,52.72764291279202,26.2938281559185,ab,1351,8,
19,59202.311979200225,ztfr,1169.5368587944088,52.6621176597961,26.2731366134276,ab,1351,8,
20,59205.24563660007,ztfr,1082.0657172153371,37.25905583097031,26.230800171596,ab,1351,8,
21,59205.246099499986,ztfr,1102.4536787933669,39.119085993986126,26.2404379489644,ab,1351,8,
