,time,band,flux,fluxerr,zp,zpsys,field,ccd,comment
0,58262.26056709979,ztfg,106.89979381057407,44.45395188702835,26.0772009486523,ab,274,28,
1,58262.29811340012,ztfr,-18.27109846507703,51.639834728737846,26.1198871199755,ab,274,28,
2,58270.27348379977,ztfg,-64.22278148507687,75.05986326742374,26.0053621444641,ab,274,28,
3,58270.29344910011,ztfr,47.744108360856146,56.70316469743852,26.1100703105941,ab,274,28,
4,58274.27217590017,ztfg,585.2498038826536,22.46496015840944,26.1197274326106,ab,274,28,
5,58280.169432899915,ztfr,2511.9070490617564,90.02146235088067,26.2154186739229,ab,274,28,
6,58280.25326390006,ztfg,2685.0648200819664,36.759861087322314,26.1255735483794,ab,274,28,
7,58284.1891319002,ztfr,3359.448532118474,40.251497958188196,26.1356546119209,ab,274,28,
8,58284.230405100156,ztfg,3433.5359812529755,36.416081182910226,26.0108143576107,ab,274,28,
9,58287.25233800011,ztfr,3874.8398216323126,45.973116063498416,26.1732847991431,ab,274,28,
10,58290.18983800011,ztfg,3774.4604024994283,53.310000530285535,26.0297676623333,ab,274,28,
11,58290.25223380001,ztfr,3781.1351246998706,56.95721276664195,26.1038857979723,ab,274,28,
