,time,band,flux,fluxerr,zp,zpsys,field,ccd,comment
0,58233.22634259984,ztfg,46.38703795416629,39.55149522796503,26.1903322770096,ab,618,13,
1,58236.15293980017,ztfg,-2.7358937988697924,39.06275575883507,26.1968322063148,ab,618,13,
2,58236.20591440005,ztfg,-57.13682344380905,46.99622153642916,26.1575823667515,ab,618,13,
3,58243.153506900184,ztfr,8.60654700061858,25.850839795751757,26.1172330697371,ab,618,13,
4,58249.15280089993,ztfr,233.45508246844915,51.50301732887,24.750969938304,ab,618,13,
5,58249.17348380014,ztfg,160.00062375339564,25.66136545806308,24.5467927559322,ab,618,13,
6,58260.17160880007,ztfr,2222.859404964289,38.21393595258546,26.0616698987144,ab,618,13,
7,58262.17067130003,ztfr,4939.592402383027,80.76908634518097,26.8665972339318,ab,618,13,
8,58263.186979200225,ztfr,7123.405355292914,95.03383309982868,27.2591815081237,ab,618,13,
