,time,band,flux,fluxerr,zp,zpsys,field,ccd,comment
0,58819.55042820005,ztfr,53.038292891107034,67.37056648297451,22.6672888521588,ab,322,41,
1,58819.56475690007,ztfr,3.67686519084252,91.3639502167264,23.0483490968565,ab,322,41,
2,58823.56233800016,ztfr,22.061935451334847,33.61034366198414,22.2000788201917,ab,322,41,
3,58823.56709490018,ztfr,406.4391638436106,44.44017108557584,24.6768077403022,ab,322,41,
4,58831.5636574002,ztfg,1479.616353687032,122.39439119667502,26.2680930723988,ab,322,41,
5,58851.54339119978,ztfg,266.0503598190588,56.34818641887109,25.8787425914116,ab,322,41,
6,58854.543263900094,ztfg,269.86431462993244,181.11964181121948,26.3016432933598,ab,322,41,
7,58854.56600689981,ztfr,719.0097821329147,131.33578620850346,26.3596779749917,ab,322,41,
8,58873.54407409998,ztfg,115.83369169728186,22.9882732371428,26.286149106094,ab,322,41,
