,time,band,flux,fluxerr,zp,zpsys,field,ccd,comment
0,58830.093622699846,ztfg,164.59666853596374,151.4046298809049,26.2577729005498,ab,491,23,
1,58837.07079860009,ztfr,555.5446816434585,130.7507059654666,26.3173243230818,ab,491,23,
2,58837.117870400194,ztfg,241.1814487361956,78.31902772280188,26.0893421250609,ab,491,23,
3,58838.0754976999,ztfr,248.05735045702744,79.77146713261348,26.0285939048954,ab,491,23,
4,58838.080347199924,ztfr,339.03623192791827,88.36616398582163,26.1599632045817,ab,491,23,
5,58838.085185199976,ztfr,136.5034927999942,118.0613578892649,25.8663368447146,ab,491,23,
6,58838.09002309991,ztfr,161.5937475823941,132.03772726221365,25.7781683066163,ab,491,23,
7,58840.07471060008,ztfr,138.50876023670568,128.1328196384306,22.6664797545028,ab,491,23,
8,58840.0795948999,ztfr,183.03375904387232,120.61353897108016,24.770160213131,ab,491,23,
9,58840.08447920019,ztfr,-116.24489847646998,92.09203921573187,22.587806653054,ab,491,23,
10,58846.07471060008,ztfr,1269.1566403145625,145.73943194009385,26.3016916351126,ab,491,23,
11,58846.07954860013,ztfr,1193.51877166769,107.74717785465516,26.2800222877661,ab,491,23,
12,58846.08438660018,ztfr,1159.1610115006083,69.06652986491528,26.2651563416471,ab,491,23,
13,58846.089224500116,ztfr,1070.4900278067782,61.72800546309817,26.2580837265885,ab,491,23,
