,time,band,flux,fluxerr,zp,zpsys,field,ccd,comment
0,58778.28315970022,ztfg,-1.596662153523214,61.1039731875422,26.0025986369916,ab,245,26,
1,58778.31459489977,ztfr,-42.9991537035427,99.09029015985236,26.0475027611653,ab,245,26,
2,58781.21023150021,ztfg,17.16291741712521,62.1388400383872,26.0208328656113,ab,245,26,
3,58781.2898380002,ztfr,351.6220271612544,113.67477727067984,26.0065852906916,ab,245,26,
4,58785.210462999996,ztfg,38.418323751919914,24.64758171760718,26.0066993181263,ab,245,26,
5,58785.291828699876,ztfr,39.61527760512211,34.28969093829971,26.0252010342064,ab,245,26,
6,58789.20790510019,ztfg,56.216740740766554,26.605127454903794,26.0129657254947,ab,245,26,
7,58792.16802080022,ztfr,237.89802309798947,36.98687261425771,26.0307541030903,ab,245,26,
8,58792.189965299796,ztfg,207.02635535243735,42.6732022073411,25.960665764313,ab,245,26,
9,58798.16806709999,ztfg,981.7001857729136,85.6192490088754,26.0180937737262,ab,245,26,
10,58801.172893499956,ztfg,1151.3947242908268,57.684962347538644,26.028572021028,ab,245,26,
11,58801.23091439996,ztfr,982.8042667997266,67.83123932248262,25.9371314239697,ab,245,26,
12,58804.18930559978,ztfg,1234.7018549053776,79.14754894175529,26.0154981368419,ab,245,26,
13,58804.23060189979,ztfr,1399.349389143209,122.72193949076595,26.0626183441262,ab,245,26,
14,58812.143900500145,ztfg,970.5779425170347,28.596013461559345,25.9868588627934,ab,245,26,
15,58812.16869209986,ztfr,1160.9268462723953,31.0952981674683,26.0439860736301,ab,245,26,
16,58829.207615700085,ztfr,953.5957935191498,754.2413762626868,25.1311599060953,ab,245,26,
17,58837.084120399784,ztfr,538.399557759935,51.804448643553094,26.2245416147961,ab,245,26,
18,58837.10726850014,ztfg,125.49182572775514,33.11524402674449,26.1632540016008,ab,245,26,
19,58840.09293980012,ztfr,-71.66988315875449,66.79065655571421,22.728838246293,ab,245,26,
20,58847.07619210007,ztfr,42.45346823896547,53.72592046030158,25.1789371624364,ab,245,26,
21,58851.082395799924,ztfr,-12.163480172078152,143.72864111220707,24.740968463335,ab,245,26,
22,58851.10601849994,ztfg,-28.254661955715903,90.62853381274789,24.980224148186,ab,245,26,
23,58854.106608800124,ztfr,282.8366048790417,120.02448891161798,26.2040280661091,ab,245,26,
