,time,band,flux,fluxerr,zp,zpsys,field,ccd,comment
0,58812.20905089984,ztfr,4.993160829220476,37.00054548581987,26.0479453277464,ab,250,46,
1,58812.316111099906,ztfg,-2.770983646123369,30.710159097560176,25.9556301767453,ab,250,46,
2,58830.172280100174,ztfg,43.064929262278625,79.48336105324492,26.2178585703304,ab,250,46,
3,58837.21357640019,ztfg,557.649117786453,34.10922804316335,26.2071743357557,ab,250,46,
4,58837.23142360011,ztfr,443.03309499806954,87.6013912618345,26.1789385610894,ab,250,46,
5,58852.12649310008,ztfg,729.5891507728812,50.76372372707438,25.6140279039117,ab,250,46,
6,58852.148032399826,ztfr,1030.0269245336947,50.25502916657992,26.1407162158775,ab,250,46,
7,58855.14607639983,ztfg,1201.0024059371021,87.39614205032413,26.1973696498936,ab,250,46,
8,58855.189351900015,ztfr,932.2836184451937,136.27212691444203,26.188253089692,ab,250,46,
9,58861.10480319988,ztfg,785.3390741811455,39.276695055735395,26.1655815565441,ab,250,46,
10,58861.126875000075,ztfr,780.3005073091712,52.37287092145526,26.1778115556292,ab,250,46,
11,58864.083796299994,ztfr,660.9763877541639,38.32438092348645,26.1998479693279,ab,250,46,
12,58864.10592589993,ztfg,600.4429679667983,19.953278680440608,26.1701488768386,ab,250,46,
13,58872.1259606001,ztfr,532.6216361788358,48.98657697280514,26.1908941042413,ab,250,46,
14,58872.17059030011,ztfg,216.5919242589588,32.119012911425386,26.0795060775999,ab,250,46,
15,58875.09030089993,ztfr,529.8261373654739,60.34519862123522,26.1661850561472,ab,250,46,
16,58878.12712959992,ztfr,393.59250311554933,275.247404798166,26.1461857860132,ab,250,46,
17,58881.093854200095,ztfr,556.725107882563,94.74878945705116,26.2045271611644,ab,250,46,
18,58881.12697920017,ztfg,254.6516244866182,62.81097380937417,26.1489042431845,ab,250,46,
19,58885.10656249989,ztfg,87.90084864156232,72.07285041660302,26.0598702838484,ab,250,46,
20,58885.1266319002,ztfr,501.9419977051382,122.9902640976452,26.0502987235703,ab,250,46,
