,time,band,flux,fluxerr,zp,zpsys,field,ccd,comment
0,58771.52265049983,ztfr,300.90120541266106,184.87666568456115,25.9333599818086,ab,418,9,
1,58771.5275347,ztfr,429.72471705591386,257.9980764996856,25.9458068307076,ab,418,9,
2,58771.53241899982,ztfr,780.2982454777134,280.184070862565,25.9654644448055,ab,418,9,
3,58771.53731480008,ztfr,500.7432934334843,190.2857225692152,25.9647067638266,ab,418,9,
4,58773.527060199995,ztfr,508.2271526227677,59.03366240303144,25.9332388324987,ab,418,9,
5,58773.53207179997,ztfr,565.0552496626062,100.80516801298042,26.0217224273112,ab,418,9,
6,58773.53708329983,ztfr,335.67510528688297,73.87512073070336,25.9906664500928,ab,418,9,
7,58777.52925929986,ztfr,483.8839500408452,61.63862961880322,26.0121003082511,ab,418,9,
8,58777.53403940005,ztfr,537.4495206414631,61.95298304183575,26.0176763199471,ab,418,9,
9,58777.53881940013,ztfr,509.71382910772763,109.19643669048162,26.029743031969,ab,418,9,
10,58785.51888890006,ztfr,331.43432862730106,28.848394846687018,26.0191701430075,ab,418,9,
11,58789.505046300124,ztfg,108.46767844927123,25.427980219381187,26.0601066865874,ab,418,9,
12,58792.50568290008,ztfr,232.68350473093795,29.733257375607362,26.0303811084788,ab,418,9,
13,58792.54984949995,ztfg,120.02493205519684,40.90354801557853,26.162622422172,ab,418,9,
14,58795.531643500086,ztfr,202.72704967794513,31.84528664533975,26.0684708549507,ab,418,9,
15,58799.48432870023,ztfr,109.97664623380595,43.45176492388826,26.0546800781016,ab,418,9,
