,time,band,flux,fluxerr,zp,zpsys,field,ccd,comment
0,58223.16765049985,ztfr,-23.02635587710464,22.314832590174326,26.2389090934267,ab,840,38,
1,58223.19143520016,ztfr,33.98209336460154,15.714752377420982,26.2281938660524,ab,840,38,
2,58229.151724500116,ztfg,-86.86793082119037,55.002581454008165,26.2683826929812,ab,840,38,
3,58229.18050929997,ztfr,-44.806044390133366,40.66134806265987,26.2703794430578,ab,840,38,
4,58232.1587731,ztfg,55.791104340780755,48.05233604003281,26.1017112746514,ab,840,38,
5,58232.19854169991,ztfr,-75.849277271202,49.37048768641669,25.1810935539483,ab,840,38,
6,58235.16170139983,ztfg,-36.76362317816482,57.8139601251768,26.2725068072932,ab,840,38,
7,58235.20167820016,ztfg,-86.79265683375095,34.38741659654441,26.2584238859862,ab,840,38,
8,58238.18731479999,ztfg,66.58839161865605,135.73565322980158,26.2088938158856,ab,840,38,
9,58243.162534699775,ztfr,618.669760047192,33.18459327182746,26.2178126032405,ab,840,38,
10,58243.203819400165,ztfg,557.6220057605734,28.18695921059776,26.15805497238,ab,840,38,
11,58246.21888889978,ztfr,1035.2266157192091,25.46520618667364,26.2160592376125,ab,840,38,
12,58249.16087959986,ztfr,590.0832259394036,37.20910478340686,25.3030572497592,ab,840,38,
13,58249.18049769988,ztfg,1245.049962526966,21.587138742708422,26.1132506316131,ab,840,38,
14,58255.18271989981,ztfg,1735.1140460561678,32.693614693625165,26.2311129380659,ab,840,38,
15,58258.19762729993,ztfr,1721.4478566342798,27.619973561094664,26.1234084969335,ab,840,38,
16,58269.216180600226,ztfg,886.0559271941529,54.307747698953065,26.1160167277245,ab,840,38,
17,58269.21709490009,ztfg,866.162423403597,64.21112990102378,26.1259841551474,ab,840,38,
18,58277.200405099895,ztfg,469.143853470381,23.591932128542776,26.0297324774359,ab,840,38,
19,58280.183263900224,ztfr,972.4720711957929,29.87254770526239,26.2007918371829,ab,840,38,
20,58284.17812500009,ztfr,937.3979707868273,36.52955406718806,26.1306501007492,ab,840,38,
