,time,band,flux,fluxerr,zp,zpsys,field,ccd,comment
0,58558.128923600074,ztfg,-3.430615884369947,71.54590462215829,26.2538869589481,ab,458,45,
1,58558.12982639996,ztfg,24.96189226886516,66.55412153235359,26.2453623994101,ab,458,45,
2,58558.16608799994,ztfr,4.34819673526608,115.47229585041154,26.2036195124817,ab,458,45,
3,58558.16699070018,ztfr,20.06479722931519,111.96476786173882,26.2001284708549,ab,458,45,
4,58559.134988400154,ztfg,33.053185439921926,55.06111486466074,26.2195375124403,ab,458,45,
5,58559.18768520001,ztfr,-45.228344260993744,88.47293920446828,26.174451149412,ab,458,45,
6,58560.12619209988,ztfr,-43.23115414377034,51.33162317951911,26.2233875045702,ab,458,45,
7,58560.14878469985,ztfg,-41.597614162990766,63.6028129690366,26.2561158200049,ab,458,45,
8,58561.19443289982,ztfg,-202.94988302493957,121.5875886291013,26.0996481244772,ab,458,45,
9,58561.19533560006,ztfg,0.7842111878922258,115.78379400999708,26.0965444519661,ab,458,45,
10,58562.18255789997,ztfg,-8.399940081087253,112.970956209342,26.1198420226616,ab,458,45,
11,58573.130868100096,ztfr,-48.28906834019814,43.25052681065489,26.1270939737866,ab,458,45,
12,58573.14989579981,ztfg,-23.408726134800453,30.294748855072022,26.0707001755758,ab,458,45,
13,58573.15078700008,ztfg,18.477416323143927,29.937371816031153,26.0578141402299,ab,458,45,
14,58574.13168979995,ztfr,-12.381431168302264,39.8189942580284,25.0473543639521,ab,458,45,
15,58574.154050900135,ztfg,23.546799914092205,29.02736649444974,23.5444117853796,ab,458,45,
16,58582.131585599855,ztfg,421.5055379898603,60.18042816985499,25.4678732806946,ab,458,45,
17,58582.13518519979,ztfg,309.065810949351,50.95790134162466,25.3947423760556,ab,458,45,
18,58582.1854514,ztfr,584.8164131615777,65.40636303186659,26.0343488518173,ab,458,45,
19,58582.18635419989,ztfr,512.6737389041494,59.68161600547648,26.0225861530807,ab,458,45,
20,58585.13763889996,ztfr,1001.9553773576499,97.79487597516582,26.0741766369294,ab,458,45,
21,58585.1422917,ztfr,973.9273062236742,85.04806898461936,26.0597562483821,ab,458,45,
22,58585.17185189994,ztfg,494.5338750650841,139.85838766910345,25.8679728871855,ab,458,45,
23,58585.186134300195,ztfg,717.0657352723123,102.44894304691239,25.7674276297293,ab,458,45,
24,58586.14546300005,ztfr,864.7545022088672,106.59480400282006,26.0485479053169,ab,458,45,
25,58593.15913189994,ztfr,11328.486342525464,867.2637316568232,28.5312394911663,ab,458,45,
