,time,band,flux,fluxerr,zp,zpsys,field,ccd,comment
0,58368.506562499795,ztfg,425.63057503679164,25.368596401648304,26.0889108449576,ab,515,36,
1,58371.516145799775,ztfg,274.8267224867251,43.48535543566683,26.1669018762113,ab,515,36,
2,58374.51680559991,ztfr,526.1117527949418,44.12932987491561,26.2256671981718,ab,515,36,
3,58377.4638772998,ztfr,381.5337804836552,31.178234803004102,26.0916869726497,ab,515,36,
4,58377.50613430003,ztfg,213.51306885582494,19.434839316221133,26.1198363907701,ab,515,36,
5,58380.5170948999,ztfg,174.69369401932622,23.727162424400483,26.2074608658945,ab,515,36,
6,58383.49629630009,ztfg,150.54142504959887,22.861222833541323,26.1316794136827,ab,515,36,
7,58384.45866899984,ztfg,72.52132151852848,64.23976106062923,26.0543746906647,ab,1561,5,
8,58386.444282399956,ztfr,355.61400555277135,82.78238007780158,26.1377384817836,ab,515,36,
9,58389.476041700225,ztfg,29.88466995790438,37.31423835498618,26.1411193877842,ab,515,36,
10,58389.51945600007,ztfr,377.4405684223793,33.40763231955835,26.1916627421243,ab,515,36,
