,time,band,flux,fluxerr,zp,zpsys,field,ccd,comment
0,58439.39829860022,ztfr,-18.560317976331227,18.428498550823303,25.8311498928846,ab,1790,9,
1,58439.487650500145,ztfg,-19.192412509795535,9.849801740635105,26.010993733324,ab,1790,9,
2,58442.39520830009,ztfr,-90.57788705100847,90.90263668040606,26.3738662117207,ab,1790,9,
3,58448.45839119982,ztfr,-12.85350272216494,60.010273333944696,26.1728221529339,ab,1790,9,
4,58449.43111110013,ztfr,21.056655186205802,32.195022837466674,26.1845629242276,ab,1790,9,
5,58468.5202314998,ztfr,2457.012252463832,24.088395554738792,26.2489447616298,ab,1790,9,
6,58476.44972220017,ztfr,2160.15473776971,39.27410873382775,26.215799244515,ab,1790,9,
7,58481.46410880005,ztfr,1601.611944216445,35.551065393661986,26.1999934689182,ab,1790,9,
8,58482.495463000145,ztfg,1444.1004233377375,26.559026079182967,26.3165869145231,ab,1790,9,
9,58487.47430559993,ztfg,1053.0498120020814,18.954724124684578,26.3394256397732,ab,1790,9,
10,58492.4545948999,ztfr,416.433532952266,20.92942670736751,25.0103236005418,ab,1790,9,
11,58493.4479398001,ztfr,1382.4138802321338,24.573189487655114,26.3098622802617,ab,1790,9,
12,58506.49240740016,ztfg,122.03206794334605,80.15314922449406,26.3334030611068,ab,1790,9,
13,58507.50555559993,ztfg,326.1886417813361,51.13255402120309,26.3202677482315,ab,1790,9,
14,58509.46267359983,ztfr,657.0075598043786,32.01290596775987,26.1886268698393,ab,1790,9,
15,58512.515231499914,ztfr,170.42459094031346,18.997425937237104,24.7836301568077,ab,1790,9,
16,58513.467384300195,ztfr,-1.1263762415808944,12.042158416341756,21.4946695341906,ab,1790,9,
