,time,band,flux,fluxerr,zp,zpsys,field,ccd,comment
0,58757.526134300046,ztfr,187.85018627059398,40.875331191010005,26.0068503716783,ab,713,50,
1,58757.53116900008,ztfr,139.82574405700305,56.18139529535178,26.0164926702175,ab,713,50,
2,58765.506446800195,ztfg,509.1971546671936,19.88988608242191,25.9579205591217,ab,713,50,
3,58770.492337999865,ztfr,511.2097582349845,55.37783518802247,25.9817283754504,ab,713,50,
4,58770.53467589989,ztfg,653.6643964879406,56.338598944430295,26.0781319997123,ab,713,50,
5,58776.51343750022,ztfr,451.71835838367684,36.246357154104075,26.0731260239381,ab,713,50,
6,58779.50974539993,ztfg,392.44815687245654,29.17899183217784,26.0999757854521,ab,713,50,
7,58785.51298609981,ztfr,286.7475491317376,29.846156632462424,26.0640349246465,ab,713,50,
8,58789.509131900035,ztfg,170.6308537550319,19.998461657742187,26.1344510649099,ab,713,50,
9,58789.52956019994,ztfr,261.0604835726882,24.277460179415307,25.9931881365388,ab,713,50,
10,58792.510231500026,ztfr,231.5653253397097,27.042659830112378,26.0882396571988,ab,713,50,
11,58792.53506939998,ztfg,141.09952127698978,16.1625483012293,26.1752706540011,ab,713,50,
12,58798.54140050011,ztfr,169.32567787749386,34.06776809499522,26.1235237918674,ab,713,50,
13,58802.55300930003,ztfg,106.56022542484389,35.60449008282137,26.2317075246697,ab,713,50,
14,58805.52694439981,ztfg,-1.6248736471448169,34.37099097146441,26.203877012543,ab,713,50,
15,58819.51072920021,ztfr,47.425967302130665,36.264887292584554,22.8058829265088,ab,713,50,
16,58823.5124884001,ztfg,15.064586156632798,17.703013860617308,24.5354793765509,ab,713,50,
