,time,band,flux,fluxerr,zp,zpsys,field,ccd,comment
0,58795.538067100104,ztfr,1418.2882585557918,63.335658862818065,26.0409923926966,ab,318,22,
1,58795.54310189979,ztfr,1583.4381731787714,96.31123655162337,26.0534618927842,ab,318,22,
2,58795.5481480998,ztfr,1449.1510638472294,68.23198034912977,26.075305925697,ab,318,22,
3,58795.55319439992,ztfr,1506.6823654779316,98.82500818599034,26.0817694326373,ab,318,22,
4,58805.5382869998,ztfg,281.52894498324054,56.678699715913474,24.7142263445336,ab,318,22,
5,58830.54475690005,ztfg,165.21998479877303,61.45663225335947,26.2555891640952,ab,318,22,
6,58836.50175930001,ztfr,371.22093534252747,38.67514748919128,26.265281958948,ab,318,22,
7,58836.5463657002,ztfg,66.26120816516506,39.12192245695042,26.2320512946769,ab,318,22,
