,time,band,flux,fluxerr,zp,zpsys,field,ccd,comment
0,58851.500520799775,ztfr,5.698403406630858,64.61419769297812,25.5732449011157,ab,323,3,
1,58851.54384260019,ztfg,-4.057473975715031,53.97225272297182,25.4878513739917,ab,323,3,
2,58851.544305600226,ztfg,3.0438032576284475,59.1510085291013,25.4073303952909,ab,324,14,
3,58854.56231479999,ztfg,60.91788876633649,134.80163092357023,26.0516616943994,ab,324,14,
4,58873.54362270003,ztfg,900.9868227338828,30.153508185044213,26.056679675715,ab,323,3,
5,58875.45893519977,ztfg,814.5394129589381,45.496785854162226,25.9287392413634,ab,324,14,
6,58878.52181709977,ztfg,889.3188152383478,62.37179574707948,26.0462076554326,ab,324,14,
7,58878.56332179997,ztfr,899.0099366469145,73.68672998657057,25.9823556841184,ab,324,14,
8,58885.459120399784,ztfg,504.1770891223195,90.00373409906251,26.0170483385051,ab,324,14,
9,58885.48100689985,ztfr,600.426450389697,71.87227012164112,25.977725199209,ab,323,3,
10,58888.48331019981,ztfr,708.1738946437122,96.74878641821026,25.9962214141307,ab,323,3,
11,58888.523032399826,ztfg,437.38888438137394,232.05186523384302,26.0706345161126,ab,324,14,
12,58888.52489579981,ztfg,915.486794670644,235.7165168107859,26.0376920840574,ab,323,3,
13,58895.48037040001,ztfr,519.6987332477809,58.09159623063468,25.9958100263784,ab,324,14,
14,58900.39577550022,ztfg,178.53334210814575,27.66022817514452,25.8856621710771,ab,324,14,
15,58900.396238400135,ztfg,101.25827488277903,26.831700150697888,25.7141827961076,ab,323,3,
16,58900.43856480019,ztfr,-20.640064487704414,32.656689748085135,23.4790434094934,ab,324,14,
17,58913.33277780004,ztfg,-21.125157568773012,56.36518014106127,24.5944126720543,ab,323,3,
18,58913.4206019002,ztfr,191.06036440791777,31.88650868587017,25.4541604391314,ab,323,3,
19,58913.50376159977,ztfg,51.69685458289236,21.07275467895874,25.8741321049482,ab,324,14,
