,time,band,flux,fluxerr,zp,zpsys,field,ccd,comment
0,58912.114618100226,ztfr,-18.332762928308362,73.00355853751527,26.1157850863309,ab,649,54,
1,58912.127430600114,ztfr,103.75724587549863,71.75457153538407,26.0870489495936,ab,649,54,
2,58914.11506940005,ztfr,46.368564600546776,178.58994666812336,23.9170675297879,ab,649,54,
3,58914.11989580002,ztfr,103.2372786437634,165.98385734152083,24.8475896434643,ab,649,54,
4,58914.12472219998,ztfr,-235.7825321222089,173.04220293271914,24.6328050990893,ab,649,54,
5,58914.12954859994,ztfr,34.46180148930322,134.2025035574429,25.2968265550991,ab,649,54,
6,58979.47114579985,ztfr,833.6690738923668,51.39459975774784,25.9455537324934,ab,649,54,
7,58979.473541699816,ztfr,830.555901144636,46.0458128792502,25.9487140438569,ab,649,54,
8,58979.47652779985,ztfr,832.9014892302773,40.939801720829465,25.950861790226,ab,649,54,
9,58979.479849500116,ztfr,910.6483347530989,39.02378582145492,25.9727661394999,ab,649,54,
10,58981.47112269979,ztfr,810.6858251672395,56.98680458741658,26.0533390078353,ab,649,54,
11,58981.474919000175,ztfr,969.4691276976184,45.00406470757162,26.0620195825162,ab,649,54,
12,58981.47872690018,ztfr,840.7350342633108,43.849521483299704,26.0809330893498,ab,649,54,
13,58981.48253470007,ztfr,798.3059380983793,53.688788805717365,26.0847749846229,ab,649,54,
14,58987.46582179982,ztfr,667.9966467648601,32.93216255563897,26.1035424011346,ab,649,54,
15,58987.46819439996,ztfr,673.8359158685752,31.08147380021387,26.1126183625531,ab,649,54,
16,58987.47063660016,ztfr,760.8254575284898,30.223846219788243,26.1178276132738,ab,649,54,
17,58987.473506900016,ztfr,698.5146390392404,28.811236567432207,26.1182240615379,ab,649,54,
18,58991.46471060021,ztfr,597.461964997661,22.328293871045847,26.1405325137632,ab,649,54,
19,58991.467650500126,ztfr,596.2853648485905,22.372967087851407,26.142950593915,ab,649,54,
20,58991.47112269979,ztfr,631.696135542943,23.937826371785498,26.1429086811915,ab,649,54,
21,58993.46364580002,ztfr,621.0542665026688,34.660602564351464,26.1146229262087,ab,649,54,
22,58993.46702549979,ztfr,526.6795751112667,61.84040721435963,26.1225468536506,ab,649,54,
23,58993.47083330015,ztfr,543.990322108586,46.000588711534135,26.1303259206112,ab,649,54,
24,58993.47462960007,ztfr,551.4012279564339,41.941916328299065,26.1349116582551,ab,649,54,
