,time,band,flux,fluxerr,zp,zpsys,field,ccd,comment
0,59135.09491899982,ztfg,-36.32056090134623,27.54445159916894,26.2975103361834,ab,795,40,
1,59135.174328700174,ztfr,-33.64717873673769,28.26977998748422,26.2857310822413,ab,795,40,
2,59137.09626160003,ztfr,-4.588509174988519,20.575285080123077,26.360789664034,ab,795,40,
3,59137.153784700204,ztfg,-13.714729813414401,18.646796189598323,26.2039355708126,ab,795,40,
4,59138.16082180012,ztfi,-11.737264436527349,16.903339985874123,25.697356327717,ab,795,40,
5,59140.123923600186,ztfr,17.972065618614664,19.523953002970565,26.3138443947775,ab,795,40,
6,59140.16500000004,ztfg,9.000035214613948,20.49250155746136,26.1364124527543,ab,795,40,
7,59142.119907400105,ztfg,-55.47622652924275,19.610076235847316,26.23862321591,ab,795,40,
8,59142.13660879992,ztfr,25.807123537024292,24.620833266709457,26.3156818785722,ab,795,40,
9,59144.13907410018,ztfg,-23.644825124595155,19.876369383834398,25.8032676586086,ab,795,40,
10,59146.1120023001,ztfr,90.1511564624367,48.83176600921606,25.1191402487552,ab,795,40,
11,59146.13280089991,ztfg,-29.328144174149912,48.79343171733619,21.9483261916932,ab,795,40,
12,59149.09451390011,ztfr,232.65759727116898,106.80311487916053,26.3382204254062,ab,795,40,
13,59151.09104169998,ztfr,341.6031218073758,47.45418420554725,26.396618553589,ab,795,40,
14,59151.13618060015,ztfg,274.94352566971025,62.10036486932502,26.2335172458528,ab,795,40,
15,59152.131794000044,ztfi,176.5494254964086,31.138270628399216,25.8241954439472,ab,795,40,
16,59153.09929399984,ztfr,584.4761873683595,49.12075676588635,26.3921766116106,ab,795,40,
17,59153.13856479991,ztfg,740.7475988535984,75.25650167693345,26.2283358217857,ab,795,40,
18,59169.077997699846,ztfi,872.3403635066517,49.78850789818713,25.8392355370411,ab,795,40,
19,59204.531099500135,ztfi,363.116629367766,21.37631400924057,25.8326563050446,ab,795,40,
