,time,band,flux,fluxerr,zp,zpsys,field,ccd,comment
0,58493.10618059989,ztfr,22.719440364991684,30.23065906450633,26.2385440493898,ab,352,34,
1,58493.20695600007,ztfg,-14.746218445419279,16.61048063321225,26.2083805087855,ab,352,34,
2,58495.18878469989,ztfg,-25.358878626114517,25.807923723636712,25.9068076770197,ab,352,34,
3,58495.19109949982,ztfg,-46.84740813083164,29.06495993580156,25.9958493324538,ab,352,34,
4,58503.14484950015,ztfr,-63.88603496744058,50.30502768413137,26.2914534916885,ab,352,34,
5,58503.14576390013,ztfr,-11.022602107625001,53.141453414768,26.2910085812356,ab,352,34,
6,58503.20545140002,ztfg,5.25996210547533,63.56157691183917,26.1754116687586,ab,352,34,
7,58503.20636569988,ztfg,39.923829877260715,59.82587493306424,26.1896476576924,ab,352,34,
8,58505.148321799934,ztfg,122.10939520725836,120.51061006911031,26.279988223379,ab,352,34,
9,58506.21868060017,ztfr,-109.46603906497923,109.1869775378436,26.2728521213977,ab,352,34,
10,58506.220960599836,ztfr,39.466469936873715,93.90595595038386,26.2791578561048,ab,352,34,
11,58507.24359950004,ztfr,8.489008665292927,40.59497969711932,26.1883614528923,ab,352,34,
12,58508.211932899896,ztfr,82.8959410419989,59.1452924969254,26.2666907521231,ab,352,34,
13,58509.14518520003,ztfr,89.65556985892196,58.95827224769229,26.2723075737551,ab,352,34,
14,58509.190243099816,ztfg,-0.13607267959687164,74.78427186855758,26.2112605798659,ab,352,34,
15,58509.2035069,ztfg,35.659175862704174,56.45335673798004,26.2054320553186,ab,352,34,
16,58510.1661111,ztfg,82.69811352638558,46.67680445085642,26.1366443821804,ab,352,34,
17,58510.22924769996,ztfr,8.768514584006361,101.56107911045727,25.4837027115506,ab,352,34,
18,58511.14818290016,ztfg,205.19575312728185,24.728019611410875,26.1424100708364,ab,352,34,
19,58514.17026619986,ztfg,915.5439676569482,21.362527803801854,26.066125627149,ab,352,34,
20,58514.18781250017,ztfg,584.428330991471,36.29123164443643,25.7007443583436,ab,352,34,
21,58523.1707175998,ztfr,3725.297742034815,38.438765594963414,26.0065927372378,ab,352,34,
22,58534.17449070001,ztfg,3970.5118549650156,116.65658705502418,26.119103351343,ab,352,34,
23,58534.17540509999,ztfg,3985.0825804464325,131.01579565638784,26.1107018153839,ab,352,34,
24,58539.12841439992,ztfg,2927.4491778803103,34.17316252230391,26.1635052621455,ab,352,34,
25,58539.17192129977,ztfr,3074.9976998417264,73.74204065572715,26.2142703715786,ab,352,34,
26,58540.1279397998,ztfg,2702.021628882724,28.405104392869138,26.1842276810588,ab,352,34,
