,time,band,flux,fluxerr,zp,zpsys,field,ccd,comment
0,58447.49741900014,ztfr,-10.64054478831581,65.2689180293128,26.1141910443498,ab,472,7,
1,58449.48598380014,ztfr,-56.11545634720992,64.78294213343887,25.2360766801251,ab,472,7,
2,58450.48513890011,ztfg,54.82901906496757,64.95288606304447,26.1389211431428,ab,472,7,
3,58461.4991088002,ztfg,16.499595434480817,20.894325006581816,25.6946458965986,ab,472,7,
4,58464.50104170013,ztfg,157.85429359101752,25.67805598854784,26.2106148192401,ab,472,7,
5,58471.50178240007,ztfg,912.1351384682217,35.69174866544395,26.2254057810663,ab,472,7,
6,58476.47185190022,ztfr,995.6009162296616,37.58091261126461,26.1605140980354,ab,472,7,
7,58482.47678240016,ztfr,1048.2307457692077,32.00439475887771,26.1687061406376,ab,472,7,
8,58482.52273150021,ztfg,942.2615879332477,41.11862726452997,25.9394347658097,ab,472,7,
9,58482.5437384001,ztfg,1368.3139904073287,35.0900750741372,26.2763656581333,ab,472,7,
10,58486.47987269983,ztfr,1032.9802092577222,27.3071015103052,26.1815380696093,ab,472,7,
11,58491.47563660005,ztfg,727.4047603387787,29.31056171141432,26.0684945154197,ab,472,7,
12,58491.54334490001,ztfr,771.2153982761963,32.52073379958564,26.1480084147116,ab,472,7,
13,58493.49136570003,ztfr,767.741628851875,19.503724944331765,26.2186073819295,ab,472,7,
14,58494.439085599966,ztfr,682.5153441873668,19.89230206928238,26.1540356865784,ab,472,7,
15,58494.4977545999,ztfg,684.1420785444293,18.640661601101428,26.2817834466678,ab,472,7,
16,58502.52461809991,ztfr,652.8649262649658,37.26624047645412,26.1881882860251,ab,472,7,
17,58505.459861100186,ztfg,366.7694849267988,105.01498365954704,26.2884265049228,ab,472,7,
18,58505.5225463002,ztfr,345.99147695500153,155.48711829240455,26.1647461280636,ab,472,7,
19,58509.503888899926,ztfg,187.32793207858327,57.166646938528636,26.2748380825365,ab,472,7,
20,58511.49804400001,ztfg,226.97803139925702,36.21539569859245,26.1934885704851,ab,472,7,
21,58512.45579859987,ztfr,46.9702160458626,20.694279963253297,23.747671900293,ab,472,7,
22,58512.49741900014,ztfr,-0.47006831242071456,24.54309609337781,22.9989279788001,ab,472,7,
23,58524.42099539982,ztfg,85.91242899550988,22.931407381462442,26.2418118014096,ab,472,7,
24,58524.45158560015,ztfr,242.56776210320777,18.293527119339434,26.1767203436504,ab,472,7,
