,time,band,flux,fluxerr,zp,zpsys,field,ccd,comment
0,58244.4845718001,ztfr,1150.9274803424967,61.8962942299144,26.241681617541,ab,772,34,
1,58247.48579860013,ztfg,234.20636151008046,46.43428814856523,26.2127428538165,ab,772,34,
2,58254.48620369984,ztfr,640.7226780400543,45.87775495988171,26.2840563045913,ab,772,34,
3,58257.46709490009,ztfr,549.1748418553526,21.400883523881436,26.2261635058928,ab,772,34,
4,58262.47480319999,ztfg,185.48981395392892,24.81573240959174,26.2065681840365,ab,772,34,
