,time,band,flux,fluxerr,zp,zpsys,field,ccd,comment
0,58423.50231479993,ztfr,771.750497840414,64.76798515861108,26.2090626491836,ab,361,33,
1,58426.478715300094,ztfg,1295.8030868623903,23.76362558850084,26.1648456462689,ab,361,33,
2,58426.50251160003,ztfr,1388.8875954022749,30.199936360658487,26.2176524874845,ab,361,33,
3,58429.4004861,ztfr,1814.7907810969152,36.087391102549454,26.1665667965856,ab,361,33,
4,58429.44060190022,ztfg,1772.4679350114263,27.465299542894968,26.1259654540077,ab,361,33,
5,58432.44328700006,ztfg,2019.6395380554864,27.86689236242478,26.1527324259202,ab,361,33,
6,58432.501921299845,ztfr,2063.4155942298735,45.38380130736991,26.2417044539659,ab,361,33,
7,58439.37332180003,ztfr,1577.2730686184932,35.35227483753229,26.0371439276595,ab,361,33,
8,58439.46962960018,ztfg,1126.0232649222858,22.05317667534074,25.8046103160078,ab,361,33,
9,58440.41769680008,ztfg,23.095239881494443,15.828007880783222,21.6579711642875,ab,361,33,
10,58442.3820369998,ztfr,138.28445696362286,91.59993960929147,23.4509779317407,ab,361,33,
11,58443.43701389991,ztfr,1352.4001220037972,42.167091261411315,26.2475195833253,ab,361,33,
12,58443.484768500086,ztfg,1133.082113135543,41.78600077517876,26.2197881535917,ab,361,33,
13,58448.4499189998,ztfr,1199.7586988170938,95.96582610435688,26.2516513844857,ab,361,33,
14,58449.44677079981,ztfr,1033.6024962767904,86.65655375001543,26.130017346022,ab,361,33,
15,58464.314988399856,ztfg,182.32609832660944,34.46427278059826,26.0808678253263,ab,361,33,
16,58472.46741899988,ztfg,111.78041315431304,59.2847431730242,26.2067211654411,ab,361,33,
17,58475.503645800054,ztfg,99.1500278903424,128.95933217299142,26.182947268924,ab,361,33,
18,58480.41836810019,ztfr,264.3836280655497,62.94957141065582,26.2189644861926,ab,361,33,
19,58480.46126159979,ztfg,197.13942496409186,75.17678782422419,26.1560551284359,ab,361,33,
