,time,band,flux,fluxerr,zp,zpsys,field,ccd,comment
0,58892.52951390017,ztfr,874.113074791449,51.21354774854907,26.3211994388309,ab,766,42,
1,58892.55912039988,ztfg,449.5288571878194,48.31846861975821,26.2818330676112,ab,766,42,
2,58895.51802079985,ztfr,892.2319934626042,42.99761976506151,26.3113227534937,ab,766,42,
3,58895.5329167,ztfg,331.69545317976736,35.96270822376052,26.26606096864,ab,766,42,
4,58912.48982639983,ztfr,331.4531082646916,32.99518194439225,26.315692266509,ab,766,42,
5,58912.53040509997,ztfg,92.17362846759812,18.659031658755957,26.2892109399341,ab,766,42,
6,58915.49799769977,ztfg,-21.866870213678343,80.07059293786327,24.3259031943719,ab,766,42,
7,58915.52623840002,ztfr,299.11191303327115,27.65696516392092,26.346136287,ab,766,42,
