,time,band,flux,fluxerr,zp,zpsys,field,ccd,comment
0,58425.16694439994,ztfg,27.142125793859467,30.833093331670923,25.4572106878938,ab,290,24,
1,58427.16715280013,ztfg,103.98914830383627,80.20082215422059,24.8071256815524,ab,290,24,
2,58427.16898149997,ztfg,-55.75809907789953,76.38519738365046,24.7941342905881,ab,290,24,
3,58428.08443289995,ztfr,281.9053117916907,62.87003985876709,26.2078199254577,ab,290,24,
4,58428.16730319988,ztfg,327.487332334095,31.27714582607711,26.1204943635687,ab,290,24,
5,58429.18813659996,ztfg,326.1310783327975,21.67075352591239,26.0664385559561,ab,290,24,
6,58430.146238400135,ztfg,516.4841614882431,26.305398824546987,26.1240932583739,ab,290,24,
7,58430.18870369997,ztfr,373.2493961542631,48.11038148001698,26.1765684585197,ab,290,24,
8,58430.18966440018,ztfr,371.760163116626,48.19278251568692,26.1784513130541,ab,290,24,
9,58431.10535879992,ztfg,406.1774341923831,98.64433084124869,26.0776147172568,ab,290,24,
10,58431.14700229978,ztfr,590.7666675798652,71.98907354035393,26.1619230547758,ab,290,24,
11,58433.084618099965,ztfr,503.16442734087474,39.0024901106551,25.8538927091194,ab,290,24,
12,58433.146643499844,ztfg,302.25979051714677,30.24166638671642,25.0198599351285,ab,290,24,
13,58435.147083300166,ztfg,1023.4222765173738,113.78124747766415,26.1304060195355,ab,290,24,
14,58436.08195600007,ztfr,847.2899007637106,319.8711421040649,26.1790113167914,ab,290,24,
15,58436.14693289995,ztfg,1107.284003005879,154.73527683350173,26.1371427764094,ab,290,24,
16,58436.16273149988,ztfg,1078.3950423235449,331.7582271260898,25.9187237482813,ab,290,24,
17,58457.105810199864,ztfg,379.98649856897845,118.61987205165862,26.0992356697435,ab,290,24,
