,time,band,flux,fluxerr,zp,zpsys,field,ccd,comment
0,58561.39942129981,ztfr,23.215430500884462,58.82352344842933,26.141302597326,ab,379,20,
1,58569.41914349981,ztfg,121.38355141574789,85.71940893831474,25.1600955977806,ab,379,20,
2,58574.3986343001,ztfg,313.53380134672403,20.786891848714035,25.9632823317946,ab,379,20,
3,58574.439444399904,ztfr,257.38301489247874,25.744550797410433,25.568458004878,ab,379,20,
4,58577.4584144,ztfr,93.77389222768636,40.537788166500064,24.5359286465161,ab,379,20,
5,58577.460833299905,ztfg,191.81008275840594,18.189659320023207,24.7522391721719,ab,379,20,
6,58581.46031250013,ztfg,1280.990221798204,24.263433742198828,25.9887795215455,ab,379,20,
7,58585.41900460003,ztfr,1728.6033106321502,29.759595367813382,26.1407633860727,ab,379,20,
8,58588.332395799924,ztfg,1108.1885905683953,46.69264687476105,25.7224533328925,ab,379,20,
9,58588.38055559993,ztfr,1877.8026298338573,41.38781120950933,26.2115381303842,ab,379,20,
10,58592.45680559985,ztfg,1193.6948477312462,152.01630145117036,25.9676370081255,ab,379,20,
11,58606.35560189979,ztfr,907.9231852136871,25.111562781657973,26.1627698331309,ab,379,20,
12,58606.437905100174,ztfg,348.31945287178416,18.81697139728038,26.077470656338,ab,379,20,
13,58617.33549770014,ztfr,537.0336650073008,27.165339891314712,26.1420876503373,ab,379,20,
14,58617.37754630018,ztfg,110.71300363233509,31.118946919065355,26.0957164581011,ab,379,20,
15,58634.2470602002,ztfg,109.99570216070059,13.747465719823275,25.9914726202395,ab,379,20,
16,58634.31430559978,ztfr,253.6158876075868,17.16240148682611,26.131258109184,ab,379,20,
17,58637.270092600025,ztfg,76.58576189406935,16.464021179877975,26.0212753332016,ab,379,20,
