,time,band,flux,fluxerr,zp,zpsys,field,ccd,comment
0,58913.53535880009,ztfr,5526.069425630609,50.053452659151766,25.3259409071614,ab,593,48,
1,58913.53581020003,ztfr,6463.47380624125,43.31709470080725,25.4835190190312,ab,642,10,
2,58913.540381900035,ztfr,6546.1483026184405,47.08940744684569,25.5145193024327,ab,593,48,
3,58913.54083329998,ztfr,7525.359642629658,43.39697859980561,25.6423833876016,ab,642,10,
4,58913.5454051001,ztfr,6488.084389391854,49.679315510839814,25.490444795672,ab,593,48,
5,58913.545856500044,ztfr,7785.226837053771,46.88784017406518,25.6828041440998,ab,642,10,
6,58913.550451400224,ztfr,7387.371216583142,64.15419311817578,25.6312055333822,ab,593,48,
7,58913.55090280017,ztfr,8689.893879761212,61.77693898289999,25.799987442777,ab,642,10,
8,58915.53421299998,ztfr,4370.206377626441,47.23063286772151,25.2014854182706,ab,593,48,
9,58915.53465279983,ztfr,5329.7788153763,49.641186554401216,25.4662733425473,ab,642,10,
10,58915.53938659979,ztfr,140.6358204363526,29.643316721316452,21.3250827872111,ab,593,48,
11,58915.5398380002,ztfr,165.64519585508697,35.204674924539745,21.612699976315,ab,642,10,
12,58915.54456020007,ztfr,1483.3274258997674,49.58924633661,24.0027888343845,ab,593,48,
13,58915.545011600014,ztfr,666.9503660510609,45.034492323133534,23.2011524463221,ab,642,10,
14,58915.55018519983,ztfr,99.47045210292879,48.012767945902766,21.7142224286834,ab,642,10,
15,58940.52791670011,ztfr,722.691888838229,55.407001966150126,24.2573576392196,ab,593,48,
16,58941.486550900154,ztfg,1285.6667798169408,45.230510680688226,25.9469288499667,ab,594,61,
17,58941.4870023001,ztfg,1540.1349949342487,47.66804359591134,26.1580469084684,ab,642,10,
18,58941.5266435002,ztfr,3123.8630953055163,91.97765282371213,26.0035674303119,ab,594,61,
