,time,band,flux,fluxerr,zp,zpsys,field,ccd,comment
0,58895.48609950021,ztfr,15.907282134295214,31.691113261363046,26.1397687497731,ab,375,51,
1,58895.540289400145,ztfg,-41.295902717075606,35.45963269521694,26.2217605925791,ab,375,51,
2,58900.49887729995,ztfr,54.04583211429573,30.30948101029792,22.4513712608408,ab,375,51,
3,58912.46028940007,ztfr,109.31828930779254,30.98912110696884,26.1079389617853,ab,375,51,
4,58912.504247699864,ztfg,134.9932261777564,21.968430643169626,26.1549716356336,ab,375,51,
5,58915.417951399926,ztfr,206.53670202324068,45.36424123524719,26.0498784083723,ab,375,51,
6,58915.4791898001,ztfg,249.7619584622383,47.69946008452137,26.1920196657778,ab,375,51,
7,58937.38519679988,ztfg,672.051590335428,19.117760915599188,26.1329842733931,ab,375,51,
8,58940.37733800011,ztfg,349.09394177160857,21.53591413544604,25.636635121651,ab,375,51,
9,58943.40797450021,ztfg,456.59948166785875,38.21153333997721,26.153145709939,ab,375,51,
10,58956.313530100044,ztfr,322.7103433144107,23.393228897524594,26.0803169222895,ab,375,51,
11,58963.27509259991,ztfg,113.60780362970448,20.48771908232386,26.1333186281064,ab,375,51,
12,58966.336331000086,ztfr,64.651089336165,29.111977340988698,24.2926389451689,ab,375,51,
13,58969.24934029998,ztfg,27.771946460308243,19.05147165693312,25.5664174079028,ab,375,51,
14,58969.315775500145,ztfr,3.000495858468744,33.32391671107983,22.9034119720292,ab,375,51,
15,58972.27210649988,ztfg,85.07183559832694,33.19089580782425,26.1543637736887,ab,375,51,
16,58972.35721059982,ztfr,243.27403153667217,31.01433530552994,26.118780133038,ab,375,51,
17,58978.28605319979,ztfr,75.09129790208563,62.778829737523814,26.0787510476791,ab,375,51,
18,58978.37723380001,ztfg,19.00029111200676,91.69404634061391,25.662863535188,ab,375,51,
19,58981.291828699876,ztfr,157.91824764517762,28.567096833967405,26.1318887754109,ab,375,51,
20,58981.29340279987,ztfg,86.17052546642552,29.77759756958518,26.1960297340244,ab,375,51,
