,time,band,flux,fluxerr,zp,zpsys,field,ccd,comment
0,58331.164236099925,ztfr,0.09458779202013892,20.59080766673254,26.1716084658171,ab,676,44,
1,58331.2743286998,ztfg,-24.187368526166424,41.32479035851772,25.9479516585014,ab,676,44,
2,58332.161643499974,ztfi,22.372699766929834,25.51499001919037,25.6644135177986,ab,676,44,
3,58334.15793980006,ztfr,5.4140116629774235,31.47658355193808,26.2123939813457,ab,676,44,
4,58334.1793056,ztfg,5.716494090709982,16.0368349641147,26.1702216605401,ab,676,44,
5,58336.15972220013,ztfi,10.238599345704943,25.195340143512453,25.7607255753839,ab,676,44,
6,58337.172546300106,ztfg,-10.010122151845772,15.994016977064955,26.2273188925131,ab,676,44,
7,58337.201550900005,ztfr,8.05586025589951,21.896297113123765,26.2283517044122,ab,676,44,
8,58340.156099500135,ztfi,7.918845298944971,22.832263626782005,25.523797436509,ab,676,44,
9,58340.18666670006,ztfr,-6.512156399066917,21.778639661196664,25.9325018841821,ab,676,44,
10,58344.18097219989,ztfr,59.04202236324017,19.43503209827161,26.1337419900361,ab,676,44,
11,58345.155231500044,ztfi,-20.73296982935105,23.213010239816,25.6916463718096,ab,676,44,
12,58347.20393519988,ztfg,196.48699230556753,27.847140027134184,26.0395889325408,ab,676,44,
13,58350.219143500086,ztfi,227.01340939753536,25.72051898551814,25.6460175678378,ab,676,44,
14,58354.20460649999,ztfr,1195.3770214432577,46.00022754678727,26.0944996514012,ab,676,44,
15,58362.14271989977,ztfr,2146.3222858299664,28.5800877757941,26.254152308795,ab,676,44,
16,58363.136932900175,ztfi,703.1769932414599,44.93944892731498,25.6775183440486,ab,676,44,
