,time,band,flux,fluxerr,zp,zpsys,field,ccd,comment
0,58875.50209489977,ztfr,-0.9758159570739156,31.45319997334908,26.2615871011177,ab,474,18,
1,58881.4596644002,ztfg,-23.04574695135271,14.185565622219269,26.2770416536814,ab,474,18,
2,58884.43870369997,ztfg,-77.81145599717942,44.33132801117529,26.284201864426,ab,474,18,
3,58884.51853010012,ztfr,-94.45630442605413,38.66318746068799,26.2756691487499,ab,474,18,
4,58887.4818171002,ztfr,-6.369207974893017,31.998422339873752,26.2702464264853,ab,474,18,
5,58894.3735301001,ztfg,1178.8416143758432,29.72223390599505,26.2475202343007,ab,474,18,
6,58894.46271990007,ztfr,1218.3309648942688,27.853558684574292,26.27056811412,ab,474,18,
7,58898.35850689979,ztfr,3397.1216327320462,27.66586084444072,26.2378554261034,ab,474,18,
8,58898.41811340023,ztfg,3934.034518603482,28.053174652018924,26.2716047459034,ab,474,18,
9,58904.42033560015,ztfg,7993.383564018175,51.142042634483836,26.2493318017929,ab,474,18,
10,58904.474641200155,ztfr,6936.501913498536,44.401327727036104,26.2584307396388,ab,474,18,
11,58908.33912040014,ztfg,8569.158652899507,43.43955462018918,26.219019746979,ab,474,18,
12,58908.454652800225,ztfr,7765.671802970444,39.00390603001728,26.2713841821714,ab,474,18,
13,58911.448634299915,ztfr,7391.568105069708,44.23047846555665,26.2415670732711,ab,474,18,
14,58914.40539349988,ztfr,4347.161321851787,41.389442390447485,25.7828829566217,ab,474,18,
15,58936.31201389991,ztfg,1089.245531477722,19.057504178911046,26.2094563451308,ab,474,18,
16,58936.39931710018,ztfr,2789.635644621096,27.938919376690098,26.2308989474326,ab,474,18,
17,58939.33678240003,ztfg,612.9573253515551,21.19212802102812,25.8029458861179,ab,474,18,
18,58939.358981499914,ztfr,776.0120184126577,30.892481842314382,24.9497736995212,ab,474,18,
19,58940.357557899784,ztfg,132.3063519773054,24.114792321991715,23.7592265206376,ab,474,18,
20,58940.414745400194,ztfr,190.54648275309938,62.9404175462526,22.8625282443645,ab,474,18,
21,58941.44145830022,ztfg,752.4685398157183,33.1981549861531,26.1540288439265,ab,474,18,
22,58954.25444439985,ztfr,1187.1518926458332,22.965391793693115,26.2164061329476,ab,474,18,
23,58954.29626160022,ztfg,584.2552872821464,17.052700497629854,26.2310123613573,ab,474,18,
24,58955.27006939985,ztfr,1159.9833261328893,25.819253084490388,26.2375338631271,ab,474,18,
25,58955.2964931,ztfg,590.4815640816938,18.544631924534098,26.2499706948117,ab,474,18,
