,time,band,flux,fluxerr,zp,zpsys,field,ccd,comment
0,58964.33763890015,ztfg,50.49519429046183,30.929676762465014,26.1654698100363,ab,275,40,
1,58964.400289400015,ztfr,114.80943048953748,28.381856388721605,26.2576020712123,ab,275,40,
2,58970.293032399844,ztfg,609.4950234229824,36.73289365470438,26.2383631571995,ab,275,40,
3,58970.35738429986,ztfr,657.2850702005722,33.11363979383522,26.3328151549933,ab,275,40,
4,58979.27135419985,ztfg,1113.7800040754291,57.2019970549495,26.1207337649043,ab,275,40,
5,58979.309178200085,ztfr,1288.4862790982795,80.34844325674497,26.2537097669016,ab,275,40,
6,58993.29280090006,ztfr,727.9858274052274,35.00335392596341,26.2813754931184,ab,275,40,
7,58997.251527800225,ztfr,668.3666720834574,26.469432521728937,26.2931662122304,ab,275,40,
8,59018.19841440022,ztfg,98.08282640672948,25.850724318984547,26.3057123172632,ab,275,40,
9,59021.21149310004,ztfg,63.67537914642352,19.31793864246135,26.2616507696904,ab,275,40,
10,59021.2315508998,ztfr,233.34529236738035,30.74805876858717,26.3324316915308,ab,275,40,
11,59024.19265050022,ztfg,87.04680546860102,22.341504949666895,26.305190299094,ab,275,40,
12,59024.21086810017,ztfr,286.8115699518995,31.1559372133065,26.3689045220971,ab,275,40,
13,59027.209919000044,ztfg,36.116010287573914,48.87683484910332,26.0878042677208,ab,275,40,
14,59027.25347220013,ztfr,98.67601291217119,60.86218528122335,26.1241064578795,ab,275,40,
