,time,band,flux,fluxerr,zp,zpsys,field,ccd,comment
0,58601.49068289995,ztfr,1016.7909336210466,37.50990204108393,26.1428304516065,ab,493,21,
1,58607.47103009978,ztfg,2813.452479888038,25.84893382453931,26.0453373728206,ab,493,21,
2,58634.462187500205,ztfg,1241.3642824489264,17.32586428253637,26.1122545571855,ab,493,21,
3,58637.46265049977,ztfg,939.4875501314325,16.269950747170704,26.1039770849915,ab,493,21,
4,58639.47505789995,ztfi,797.3803911977175,18.47988026299652,25.5975766013753,ab,493,21,
5,58640.46416669991,ztfr,1962.0155752298938,21.987867927455277,26.1667774055947,ab,493,21,
6,58643.440787000116,ztfg,663.5025002756954,18.9088184286466,26.1595529569756,ab,493,21,
7,58643.47853010008,ztfr,1784.3135717679854,28.138157923746462,26.1787249990184,ab,493,21,
8,58646.42086810013,ztfg,503.0581551175278,16.994362534212414,26.1243971333296,ab,493,21,
9,58646.462164400145,ztfr,1614.821584420143,21.34013451183629,26.1702356354059,ab,493,21,
10,58649.31600689981,ztfi,623.6278881103909,40.386001487867645,25.4485057087854,ab,493,21,
11,58649.46663190005,ztfg,470.6758136812638,21.95320053733659,26.1337007720107,ab,493,21,
12,58652.4400231,ztfr,1069.5462152116256,46.13995274146941,26.1391734699329,ab,493,21,
13,58653.46241899999,ztfi,543.1497218268031,32.66992433312337,25.5929660231212,ab,493,21,
14,58655.46177079994,ztfg,273.61899820418324,97.811541305771,26.1900565474348,ab,493,21,
15,58658.39877310023,ztfr,883.7375309824611,26.39345461890856,26.1604101175631,ab,493,21,
16,58658.42096060002,ztfi,457.1729545157916,19.69066499969249,25.6121877270811,ab,493,21,
17,58658.4601619998,ztfg,364.1919544288018,29.93604694660504,26.1649253350407,ab,493,21,
18,58661.423101900145,ztfr,762.9350509685038,21.674655783934025,26.1787384791079,ab,493,21,
19,58661.461331000086,ztfg,307.16893985003367,21.228974555378436,26.1897309343878,ab,493,21,
20,58662.338078700006,ztfi,399.2941232576982,19.508721602044265,25.6160428940431,ab,493,21,
21,58666.45578699978,ztfi,341.33563384563075,15.50728609723957,25.6230655356675,ab,493,21,
22,58666.46061340021,ztfg,290.08256153232924,15.516493461846014,26.2022667854461,ab,493,21,
