,time,band,flux,fluxerr,zp,zpsys,field,ccd,comment
0,58210.19517360022,ztfg,461.53579391498636,38.11131315338828,25.8742491185664,ab,615,17,
1,58210.210821799934,ztfg,219.88984798605722,44.58854780620964,25.0120927198459,ab,615,17,
2,58214.16292819986,ztfr,110.53609051448788,41.60268226183694,24.1610970293068,ab,615,17,
3,58214.17643520003,ztfr,66.46012740403972,37.92207799776612,24.5872709427362,ab,615,17,
4,58217.15973380022,ztfr,327.06901654283047,40.3956561893808,25.9507970008163,ab,615,17,
5,58217.18299769983,ztfr,123.70753210468486,35.628767282308374,24.6185738978552,ab,615,17,
6,58223.16217589984,ztfr,371.6909633007008,23.354618749198675,26.2091667784508,ab,615,17,
7,58223.183611100074,ztfr,416.0391659963664,23.158074899832425,26.1901178017841,ab,615,17,
8,58227.18548610015,ztfg,231.03699335932635,23.058999318840403,26.174512293934,ab,615,17,
9,58232.15346059995,ztfg,82.32413342236188,81.0366466913956,25.2682736353248,ab,615,17,
10,58232.196411999874,ztfr,-3.6337068959111463,101.42850984188887,25.201889355599,ab,615,17,
11,58235.19957179995,ztfg,133.3397006032589,40.926187505369576,26.1715061937439,ab,615,17,
12,58238.16437500017,ztfg,155.38158675085938,101.48518970948243,26.1726774596323,ab,615,17,
13,58243.157199100126,ztfr,166.67443438612807,33.0298352334563,26.1605110968783,ab,615,17,
14,58249.1550925998,ztfr,59.88941555613342,50.14087750314411,25.5553434731369,ab,615,17,
15,58249.18668980012,ztfg,82.56033649728039,29.018233551184473,26.0498714245388,ab,615,17,
16,58259.15946759982,ztfg,-54.01145559913774,85.46558941601036,22.8468839770098,ab,615,17,
17,58263.16667820001,ztfr,315.41410707649914,114.01867713073767,27.3283217615021,ab,615,17,
