,time,band,flux,fluxerr,zp,zpsys,field,ccd,comment
0,59124.46150460001,ztfr,1146.0173155985835,63.43804992469828,26.1291998548932,ab,412,17,
1,59124.50694439979,ztfg,566.4472512364708,71.23251173869724,26.1518026910556,ab,412,17,
2,59126.48271990009,ztfg,415.268474032714,57.36022279079772,26.0947467394732,ab,412,17,
3,59128.46412040014,ztfg,244.73080154656847,69.02855274898,25.5716031515896,ab,412,17,
4,59128.48987270007,ztfr,990.0329353375005,57.405529545197254,26.0309904586761,ab,412,17,
5,59130.466319399886,ztfr,934.651645245731,48.76333181537443,26.2115770223017,ab,412,17,
6,59130.49975690013,ztfg,368.84882171525766,56.52951547193526,26.2001661040775,ab,412,17,
7,59135.47796300007,ztfg,215.86913823420863,22.14507998743314,26.1421711919192,ab,412,17,
8,59135.50195599999,ztfr,705.0003234437477,27.950226204351935,26.217663576535,ab,412,17,
9,59137.45711810002,ztfg,165.47566215194013,17.361591259722537,26.0242323927423,ab,412,17,
10,59137.50138889998,ztfr,572.3059724126587,22.627876374673804,26.159956072248,ab,412,17,
11,59139.45827550022,ztfg,93.44145186014629,14.77279543086357,25.6249261555481,ab,412,17,
12,59139.46853009984,ztfr,465.0347427895474,23.612855907572527,25.9168705555212,ab,412,17,
13,59141.45734950015,ztfg,175.8606341611612,25.062305447920703,26.1411272227776,ab,412,17,
14,59141.49627309991,ztfr,578.8920504491775,21.847229912680994,26.2457176230181,ab,412,17,
15,59143.49993060017,ztfr,549.5280736947253,19.013264436574435,26.2470194030528,ab,412,17,
16,59143.5051851999,ztfg,164.24931888749057,16.85237268632134,26.2092605416507,ab,412,17,
17,59149.3850579001,ztfr,481.80088216241603,90.19633320404664,26.0915629225004,ab,412,17,
18,59149.517419000156,ztfg,175.85108567987078,30.416995574185325,26.2306208302889,ab,412,17,
19,59150.48267359985,ztfr,410.6359881794972,29.68172523193701,26.2958095481339,ab,412,17,
20,59150.50402780017,ztfg,153.35389595638273,20.510260127933325,26.2739185383757,ab,412,17,
21,59151.4670833,ztfg,141.18302843171514,78.78802226434937,26.2764010765906,ab,412,17,
22,59152.46236110013,ztfr,393.26402101097415,54.2926121054634,26.2925298510211,ab,412,17,
23,59152.518668999895,ztfg,249.1599444828123,50.94217250904259,26.2899144993914,ab,412,17,
