,time,band,flux,fluxerr,zp,zpsys,field,ccd,comment
0,58723.14002310019,ztfr,81.38626385192796,45.41755588309099,25.9904844089175,ab,580,57,
1,58723.15490739979,ztfg,-20.2876770918345,22.298547693166466,26.0281164566462,ab,580,57,
2,58726.1394675998,ztfr,3.7243746754028324,29.67383736854466,25.988359291211,ab,580,57,
3,58726.16197919985,ztfg,-4.837269018980732,20.396183616208766,26.0212972934397,ab,580,57,
4,58728.147696800064,ztfg,-13.844695713096888,18.72625512305368,25.9085523504335,ab,580,57,
5,58729.14122689981,ztfg,37.94524755675006,28.96274788986316,25.632024420605,ab,580,57,
6,58734.1509606,ztfg,-48.343793590748156,39.70364136939061,26.004500859241,ab,580,57,
7,58746.11569439992,ztfr,1145.8219917038787,73.87134816153764,25.9389710351874,ab,580,57,
8,58746.12002310017,ztfr,1268.3391034922022,48.43439118635505,25.9432413011041,ab,580,57,
9,58746.12434029998,ztfr,1246.8521885310824,37.54846798822526,25.9153215172362,ab,580,57,
10,58746.12866900023,ztfr,1138.3829063099315,38.92521653048469,25.9012155607127,ab,580,57,
11,58748.11410879996,ztfr,1488.340187318062,69.387440750027,25.9411031205688,ab,580,57,
12,58748.11917820014,ztfr,1534.9701615890735,46.26237780585724,25.8852888203369,ab,580,57,
13,58748.124247699976,ztfr,730.6684063563042,57.99068144021812,25.1358375494553,ab,580,57,
14,58748.12930560019,ztfr,1354.2928257579943,45.20119908395696,25.8114869751132,ab,580,57,
15,58750.1108448999,ztfr,1683.5421333105803,224.59527195931778,25.9126656666336,ab,580,57,
16,58750.11576389987,ztfr,1779.7361383658983,97.45861991587178,25.8922545941552,ab,580,57,
17,58750.12068289984,ztfr,1885.6961280547926,75.66959213276414,25.886014740197,ab,580,57,
18,58750.12560189981,ztfr,1928.3178686094764,72.17783063756461,25.8624772960718,ab,580,57,
