,time,band,flux,fluxerr,zp,zpsys,field,ccd,comment
0,58534.2508911998,ztfg,106.69917150962598,129.75169774106058,26.1902076335912,ab,362,45,
1,58534.314722199924,ztfr,-127.5979025144869,127.83124235671356,26.1740175351634,ab,362,45,
2,58538.22927080002,ztfr,-71.83471745196474,43.57624579228924,23.8455495406269,ab,362,45,
3,58541.23435189994,ztfg,-57.58214607897622,44.288775625876,25.9731591965217,ab,362,45,
4,58546.23876160011,ztfg,-6.05808747815545,37.111205169383865,25.6711876560703,ab,362,45,
5,58556.18664349988,ztfr,324.43573746431593,77.36461363617703,26.1947806468865,ab,362,45,
6,58559.14825229999,ztfg,460.75616032180346,88.8012215526376,26.2228609097123,ab,362,45,
7,58559.209560200106,ztfr,606.854325193926,69.35054064005172,26.201078460282,ab,362,45,
8,58562.14834489999,ztfr,424.52042737027534,291.66114531986926,25.0593649689565,ab,362,45,
9,58562.204444400035,ztfg,831.9948757672755,125.3967799770048,26.1691593703153,ab,362,45,
10,58567.123136600014,ztfr,886.3354688474276,30.87145748161897,26.1438298364899,ab,362,45,
11,58567.16827550018,ztfg,888.0117985980327,27.442903209386355,26.1574518660412,ab,362,45,
12,58572.167685199995,ztfg,317.9904553756029,32.405885617290394,25.0277326214535,ab,362,45,
13,58575.16842589993,ztfg,451.78401725922873,22.712501448482193,25.5192695396778,ab,362,45,
14,58581.14700229978,ztfr,267.55932636489445,41.693117506876256,25.1734507537318,ab,362,45,
15,58581.1885879999,ztfg,427.0822473358755,36.469866260461906,25.9223641348095,ab,362,45,
16,58584.19017359987,ztfg,414.7036508528296,71.94002017240776,26.1128107889478,ab,362,45,
17,58587.18903939985,ztfg,211.98531380371435,65.85053444080964,25.9879891624135,ab,362,45,
18,58592.213090300094,ztfr,464.68657588623586,111.73452942062312,26.0049090925438,ab,362,45,
19,58598.14533559978,ztfr,385.0159651500977,28.796604655774637,26.1197871384432,ab,362,45,
20,58598.18961809995,ztfg,123.46319744729456,29.02873535217069,26.0310322352162,ab,362,45,
21,58602.190243099816,ztfg,4.662695136706347,33.479579842864574,25.0960722102466,ab,362,45,
22,58608.1644444,ztfr,271.5920686624721,59.005881153240104,26.0584396904268,ab,362,45,
23,58608.17068290012,ztfg,46.13122158904787,35.14004973820666,25.9670945814714,ab,362,45,
