,time,band,flux,fluxerr,zp,zpsys,field,ccd,comment
0,58881.20079859998,ztfg,24.78157736451093,33.755545129559145,26.3482878257099,ab,1819,10,
1,58881.201249999925,ztfg,-68.32750659562181,30.5246594946446,26.3490520809637,ab,1819,10,
2,58898.22472220007,ztfg,37.63485135905687,15.100609106559524,26.375235873813,ab,1819,10,
3,58898.22517360002,ztfg,41.268616126784806,12.662439946670375,26.3657563956377,ab,1819,10,
4,58900.307118100114,ztfg,213.62191805776564,21.019218895153195,26.3534490519,ab,1819,10,
5,58914.196307899896,ztfg,529.0968371877502,86.06847674027662,25.4068103431925,ab,1819,10,
6,58914.19675929984,ztfg,647.0477445403529,70.97085634671033,25.4927754713746,ab,1819,10,
7,58917.208715300076,ztfg,830.5936180974759,107.93945928670948,25.7240962825435,ab,1819,10,
