,time,band,flux,fluxerr,zp,zpsys,field,ccd,comment
0,58995.25315969996,ztfr,8.36671685412495,15.99509399497079,26.2473920022244,ab,377,33,
1,58995.2942476999,ztfg,12.083660308446404,15.689486015858323,26.1964468019086,ab,377,33,
2,58998.29076390015,ztfr,-24.90312435622982,18.286582127489307,26.252756362847,ab,377,33,
3,58998.33545139991,ztfg,-4.040118925380582,13.787200860681594,26.1761152676221,ab,377,33,
4,59001.25693289982,ztfr,-53.1178874002526,67.12671458492514,26.1346634903935,ab,377,33,
5,59011.2522454001,ztfr,94.80480005710581,20.686680280145332,26.2403996601683,ab,377,33,
6,59011.27499999991,ztfg,62.174933358473915,18.11140837987263,26.042992355932,ab,377,33,
7,59014.193784699775,ztfg,785.2383576512103,20.312696148920104,26.2476969538209,ab,377,33,
8,59014.232453700155,ztfr,901.663281337808,24.310404899327455,26.3070625988127,ab,377,33,
9,59017.21270829998,ztfg,2209.9071296436723,22.733439169009323,26.2514040855777,ab,377,33,
10,59017.25417819992,ztfr,2168.37783298447,26.30580981362655,26.2878717238495,ab,377,33,
11,59020.19265050022,ztfg,3914.961817738089,28.299915961635037,26.1957362454895,ab,377,33,
12,59020.23168980004,ztfr,3792.5206320500706,31.017055597762926,26.2437688031662,ab,377,33,
13,59023.2339583002,ztfg,5738.959894684181,33.99220479037294,26.214798626571,ab,377,33,
14,59026.1907060002,ztfr,406.9115033294044,74.35488122325467,23.4783765159612,ab,377,33,
15,59026.211053200066,ztfg,5595.048862516853,39.82702558104334,26.0293989803209,ab,377,33,
16,59029.212036999874,ztfr,6361.172396021777,74.75810398217702,26.2823101027413,ab,377,33,
17,59033.19085650006,ztfg,5972.094432296925,92.11312385118988,26.2712813502307,ab,377,33,
18,59036.21334489994,ztfg,5038.603927435452,55.61111165487911,26.2648926287148,ab,377,33,
19,59036.27295139991,ztfr,4838.122264844128,62.23699282239263,26.2894152584908,ab,377,33,
20,59039.19585649995,ztfg,3975.046678790279,29.89765484784568,26.2597288741125,ab,377,33,
21,59039.230428200215,ztfr,3978.876449804677,31.543319334936022,26.2957435188678,ab,377,33,
22,59042.1932639,ztfg,2770.791295404753,25.918900442408038,26.1730313431663,ab,377,33,
23,59042.21158559993,ztfr,3200.3724567876393,31.364802642293935,26.2265814125318,ab,377,33,
24,59045.225532399956,ztfr,3182.9951176413915,29.69612210638798,26.2872574280371,ab,377,33,
25,59045.23101849994,ztfg,2181.399226884251,27.01631638546247,26.2396109125262,ab,377,33,
