,time,band,flux,fluxerr,zp,zpsys,field,ccd,comment
0,58214.15634260001,ztfr,-65.7326475189611,40.17970206649844,24.7774417911392,ab,782,12,
1,58214.1693519,ztfr,17.88502396309888,40.56153115700664,24.0077108628766,ab,782,12,
2,58217.14787039999,ztfr,12.811512398014969,29.86738022067072,25.7854178375543,ab,782,12,
3,58217.167060200125,ztfr,-59.866615101147445,36.52203275919749,25.6438123650558,ab,782,12,
4,58223.16916669998,ztfr,1.932906455101534,24.18094641800472,26.1561082476103,ab,782,12,
5,58223.19342589984,ztfr,-39.45291230840606,19.08055624339371,26.1389025890028,ab,782,12,
6,58227.15042820014,ztfr,18.781448240636344,37.20671752264445,26.153872556985,ab,782,12,
7,58227.183611100074,ztfg,-13.84995306172768,24.487893497691488,26.2097236340795,ab,782,12,
8,58231.174305600114,ztfr,60.474745678691974,26.076747952498955,26.1494991612864,ab,782,12,
9,58234.17201389978,ztfg,224.1638255815224,50.40926721387961,26.2342726978663,ab,782,12,
10,58234.21690970007,ztfg,190.10534116611848,47.90446738975875,26.1881984070433,ab,782,12,
11,58237.19251159998,ztfg,520.636910887569,95.3383944996043,26.1601385277209,ab,782,12,
12,58243.16055560019,ztfr,1088.526612102582,39.42953958036858,26.1146424037526,ab,782,12,
13,58243.20579859987,ztfg,965.294286232123,85.90478199213922,25.8318778766734,ab,782,12,
14,58249.15748840012,ztfr,457.0481448525165,52.854376645673966,25.179467135683,ab,782,12,
15,58249.18239580002,ztfg,1196.6973745962352,34.44705747490889,26.1055023479353,ab,782,12,
16,58258.16633100016,ztfg,583.3073323809422,52.076732156443626,26.0584339542948,ab,782,12,
