,time,band,flux,fluxerr,zp,zpsys,field,ccd,comment
0,58513.376944399904,ztfg,-9.469601538497432,14.634264189675516,25.0708522383561,ab,266,8,
1,58513.42196760001,ztfr,36.43189958314786,21.24188920296804,24.2954078589467,ab,266,8,
2,58514.3967708,ztfr,103.95503515481333,42.93549558327148,23.9194662111173,ab,266,8,
3,58514.39906249987,ztfr,-140.6632437759489,47.7573065980835,23.0450245748528,ab,266,8,
4,58514.439421299845,ztfg,-29.395627155131717,29.55341146564488,24.7639440618857,ab,266,8,
5,58514.44033560017,ztfg,20.318471039014806,33.282760711148526,23.9729733673786,ab,266,8,
6,58524.43968749978,ztfr,24.430654669881577,82.02321033359853,26.0722669190393,ab,266,8,
7,58539.29711809987,ztfr,194.21697043397083,36.66441449332196,24.6748168752665,ab,266,8,
8,58539.3766667,ztfg,561.5799009706105,53.8312740951574,25.1999700978183,ab,266,8,
9,58557.251076399814,ztfr,1198.4805278492142,136.5015711020669,26.119585912247,ab,266,8,
10,58557.274455999956,ztfg,1464.6432756661104,97.80857886706102,26.1199018628386,ab,266,8,
11,58560.23041669978,ztfg,1168.4513077482409,114.24790485770133,26.1441429551035,ab,266,8,
12,58560.31574069988,ztfr,943.5344128425118,64.26522962095926,26.1253086265014,ab,266,8,
13,58568.20953699993,ztfg,399.4291704636691,21.99556079020099,25.832674623778,ab,266,8,
14,58568.27251160005,ztfr,725.428447071658,28.289026865068397,26.0585415394573,ab,266,8,
15,58569.20199069986,ztfg,289.233029239017,148.69809537868136,24.6976612777583,ab,266,8,
16,58569.282326399814,ztfr,964.4637318183851,246.50181581988824,26.4155226125028,ab,266,8,
17,58573.23134260019,ztfr,598.649431314123,35.184375750079525,26.0459983931275,ab,266,8,
18,58583.252696800046,ztfr,319.6809968331805,57.443053706217576,26.0252625771917,ab,266,8,
19,58586.16793979984,ztfg,119.1106414422068,44.174906662441565,26.0236059885031,ab,266,8,
20,58586.18923609983,ztfr,289.5444640098482,40.52189322186643,26.0386758121427,ab,266,8,
21,58592.16925929999,ztfg,105.84580642527288,151.80223428033233,25.5603016991558,ab,266,8,
22,58592.23006939981,ztfr,265.68315287262425,80.00641203681774,26.0814711999622,ab,266,8,
23,58598.141724499874,ztfr,216.10766338013846,27.861881336019852,26.0247851396756,ab,266,8,
24,58601.22629630007,ztfg,146.61894737296964,30.8113274960847,26.0194096065702,ab,266,8,
