,time,band,flux,fluxerr,zp,zpsys,field,ccd,comment
0,58574.48638889985,ztfr,-29.591319273419217,47.52584178888861,23.9097495556691,ab,594,1,
1,58574.52553239977,ztfg,3.2164502559519126,54.05239274795989,24.4794623201265,ab,594,1,
2,58582.46582179982,ztfr,452.5465662835108,34.11451480897539,26.0094654905814,ab,594,1,
3,58593.44504630007,ztfr,2079.2211719400207,87.42994431642273,26.0468563816574,ab,594,1,
4,58593.50353009999,ztfg,2556.535667373435,184.5020024221088,26.1563013111396,ab,594,1,
5,58597.45269680023,ztfr,2298.684452940363,39.41828833261724,26.0484364851222,ab,594,1,
6,58607.47193290014,ztfg,1557.8252234919282,20.25017337765051,26.1113008571837,ab,594,1,
7,58617.463715299964,ztfg,707.3720278266994,16.925423604938622,26.1163844139577,ab,594,1,
8,58617.48527779989,ztfr,1263.6885899366907,23.761806902984677,26.0970732953259,ab,594,1,
9,58628.40413190005,ztfr,997.9636554330782,35.29318233329095,26.0447250113759,ab,594,1,
10,58628.46152780019,ztfg,368.97549827287014,45.20880380803584,26.1511832483016,ab,594,1,
11,58633.443495399784,ztfg,228.1858840328988,13.746097549923482,26.1182768854861,ab,594,1,
12,58636.431886599865,ztfr,662.772215978426,15.968254393949639,26.0852119282413,ab,594,1,
13,58636.47922449978,ztfg,285.09085027478625,21.740093945641778,26.1584003518395,ab,594,1,
14,58639.4052893999,ztfr,556.2312685060843,17.452877141415648,26.0880189394843,ab,594,1,
15,58639.44074069988,ztfg,197.02040991378925,12.095260622140842,26.1765066734695,ab,594,1,
16,58642.428657399956,ztfg,199.17741862600755,11.93055330300105,26.2047197299512,ab,594,1,
17,58645.43959489977,ztfg,175.35683326505443,11.975529592840694,26.1543305611625,ab,594,1,
18,58648.4455093001,ztfg,202.8371430252495,22.22523543269478,26.1927313908041,ab,594,1,
19,58648.47081020009,ztfr,419.0711696940118,18.376497519882836,26.1075601321129,ab,594,1,
