,time,band,flux,fluxerr,zp,zpsys,field,ccd,comment
0,58325.299374999944,ztfi,-2.509249292727297,28.72766362727873,25.5131757783051,ab,758,26,
1,58327.1668866002,ztfg,-46.133695519624524,49.9938669124184,26.1147168352068,ab,758,26,
2,58327.28333330015,ztfr,83.37166842153853,62.44929891906269,25.7162439287727,ab,758,26,
3,58331.18276620004,ztfr,-9.403455379605726,14.57181826746378,26.1162093765823,ab,758,26,
4,58331.27526619984,ztfg,26.891109535687605,35.05799914311047,25.8993928260372,ab,758,26,
5,58332.16302079987,ztfi,-19.235353895797033,23.209634120321795,25.5715957464286,ab,758,26,
6,58334.16165510006,ztfr,-8.68499059048039,21.745404360118638,26.1708437305118,ab,758,26,
7,58336.163032399956,ztfi,22.25890926350466,19.99350245174014,25.669647211521,ab,758,26,
8,58337.1739236,ztfg,13.808412108495054,13.098389135443302,26.1604697323068,ab,758,26,
9,58337.20016200002,ztfr,1.6055947879191446,16.45234945965826,26.1879948249906,ab,758,26,
10,58340.15940969996,ztfi,-23.54400044822366,19.711256526021863,25.4241265360302,ab,758,26,
11,58344.181886599865,ztfr,53.69297612933315,16.7932540426658,26.1012016365884,ab,758,26,
12,58347.203020799905,ztfg,225.8451393727277,22.233998541405604,26.0113727943765,ab,758,26,
13,58348.17628470017,ztfi,139.7286443511417,44.40181312622524,25.5798306385143,ab,758,26,
14,58354.203645799775,ztfr,495.3208916314595,66.17942646831406,25.8284439111458,ab,758,26,
15,58362.14363430021,ztfr,955.8159908835049,25.144142555692195,26.1456697949403,ab,758,26,
16,58363.13783559995,ztfi,364.3082731469466,33.293040020111064,25.587176452281,ab,758,26,
17,58375.11863429984,ztfr,704.5133041279391,48.88253213862029,26.2248428252185,ab,758,26,
18,58378.133495400194,ztfr,587.1682574179421,31.81101232613244,26.1910485347617,ab,758,26,
19,58378.15384260006,ztfg,427.1418978121739,25.399949356837553,26.082939193905,ab,758,26,
20,58379.11888890015,ztfi,150.51024862849698,39.193352002984554,25.6298476513856,ab,758,26,
