,time,band,flux,fluxerr,zp,zpsys,field,ccd,comment
0,58830.10591439996,ztfg,-219.12897437273142,104.79365879735037,26.168216191091,ab,343,62,
1,58835.07408560021,ztfr,625.2055161769601,219.50081639188434,26.0105047527031,ab,343,62,
2,58838.106319400016,ztfg,701.8480868369102,55.20232006358484,25.8802543826992,ab,343,62,
3,58851.0770717999,ztfr,798.6108107601534,127.668571148009,25.018425911154,ab,343,62,
4,58851.106921299826,ztfg,626.9840869598008,84.16744656954066,24.5429540331808,ab,343,62,
5,58854.107511600014,ztfr,1996.7067102494318,219.8245445436273,26.0788678693975,ab,343,62,
6,58861.08329859981,ztfr,1424.8960048393315,216.57203288917555,26.0136546937469,ab,343,62,
7,58861.08623840008,ztfg,1667.3617794420616,119.2965386855795,25.9996002135949,ab,343,62,
8,58864.08787039993,ztfr,1198.5074133690289,46.41324266664807,26.0107471649654,ab,343,62,
9,58864.09276620019,ztfr,1260.888919126787,40.38929571572527,26.0115260470821,ab,343,62,
10,58864.097650500014,ztfr,1165.6773941625704,39.59225673210847,25.9884679479048,ab,343,62,
11,58864.102534700185,ztfr,1235.3327763792581,38.00770250296005,25.9596943026988,ab,343,62,
