,time,band,flux,fluxerr,zp,zpsys,field,ccd,comment
0,58557.31171299983,ztfg,-4.919770858097543,116.03837826543622,26.1489291371901,ab,268,43,
1,58557.35618059989,ztfr,-23.634475197984194,112.87093387181685,26.2288803066558,ab,268,43,
2,58560.27219909988,ztfg,21.709383909899973,69.88741998229474,26.1684225308923,ab,268,43,
3,58560.33476850018,ztfr,-1.0553488929136177,61.17737014413756,26.2539020204922,ab,268,43,
4,58568.25104170013,ztfg,-44.79610940008189,23.64032572448189,26.0215586511104,ab,268,43,
5,58568.31341439998,ztfr,-90.43986056956426,30.68041369276554,25.4745780391297,ab,268,43,
6,58569.242870400194,ztfg,-5.5189632265917,94.74241057846596,26.3587860870998,ab,268,43,
7,58569.28594909981,ztfr,403.6360920455962,162.50475749405456,27.0845902106376,ab,268,43,
8,58569.356053200085,ztfg,-32.438600296701736,149.0917399101241,28.1010589683856,ab,268,43,
9,58573.25142360013,ztfr,8.176200970011363,37.33858977953548,26.1575972295957,ab,268,43,
10,58573.293553200085,ztfg,-27.449814006850147,100.62037487481388,26.0541242853905,ab,268,43,
11,58582.230763900094,ztfr,521.0813853158752,31.259065375381848,26.0834662773969,ab,268,43,
12,58582.333460600115,ztfg,616.4772559252092,25.215907674308752,25.9845345533538,ab,268,43,
13,58585.22422449989,ztfg,1104.7588991085256,32.72461919983666,26.0867016049664,ab,268,43,
14,58592.188252300024,ztfg,1594.0405198159228,136.25214728899996,26.0653003390344,ab,268,43,
15,58592.24938660022,ztfr,1726.951604591989,93.19498184059665,26.2043317316673,ab,268,43,
16,58598.18332180008,ztfr,1514.2041024363227,25.92619293007445,26.1472583903168,ab,268,43,
17,58598.22971059987,ztfg,1391.8767162231468,24.440839247281886,26.0451634039563,ab,268,43,
18,58601.2249305998,ztfg,1245.6159220154664,28.26074333214231,26.072026878299,ab,268,43,
19,58601.27188660018,ztfr,1375.2963060082102,31.86484614489929,26.1825186392811,ab,268,43,
20,58607.154999999795,ztfg,799.2505984872778,30.111240981194637,26.0484593494348,ab,268,43,
