,time,band,flux,fluxerr,zp,zpsys,field,ccd,comment
0,58617.191342600156,ztfg,25.349291380465893,44.733327321446566,26.124003017707,ab,321,42,
1,58617.25121530006,ztfr,25.651366795654322,45.07934026935517,26.2023688897746,ab,321,42,
2,58635.18960649986,ztfg,205.40273365847173,26.433940851841374,26.0931380312822,ab,321,42,
3,58635.2311689998,ztfr,247.22414250414556,17.676032151203064,26.1639536360003,ab,321,42,
4,58638.21050930023,ztfr,615.6712843392523,27.03254558403471,26.1639495381514,ab,321,42,
5,58642.1891319002,ztfg,1382.1388948244467,25.68213709058976,26.169479935949,ab,321,42,
6,58642.21097220015,ztfr,1239.9187509534588,32.15245293035366,26.2309727439117,ab,321,42,
7,58645.192592599895,ztfg,1489.620570979677,62.50548369856893,26.0115025174963,ab,321,42,
8,58649.17099539982,ztfg,1849.6401327230744,87.92134325848751,26.0570600129719,ab,321,42,
9,58649.213402799796,ztfr,1638.504888033713,66.00162398953533,26.1328559846796,ab,321,42,
10,58654.17076390004,ztfr,1617.723959558458,69.81214370103625,26.1574817613525,ab,321,42,
11,58654.231331000105,ztfg,1388.696898101737,55.60624281093179,25.9201158504468,ab,321,42,
12,58662.17193289986,ztfr,1203.708654090915,59.4687193666311,26.1949675729668,ab,321,42,
13,58662.19337960007,ztfg,931.9648904151904,34.84149591314441,26.0652369972779,ab,321,42,
14,58669.17240739986,ztfr,942.273155469103,49.86555783893038,26.1795035871484,ab,321,42,
15,58669.19785880018,ztfg,410.041865915055,31.71308272890734,25.9728374497315,ab,321,42,
