,time,band,flux,fluxerr,zp,zpsys,field,ccd,comment
0,58534.18629630003,ztfg,192.77020753223331,92.99730685750932,26.1586009404545,ab,457,63,
1,58534.18721059989,ztfg,-42.372898043156354,91.84244349672518,26.1650335852079,ab,457,63,
2,58534.192858799826,ztfr,-47.57114466387152,89.27334813963134,26.1042295683779,ab,457,63,
3,58534.20347219985,ztfr,-39.83004208494796,77.73479963307254,26.1239637195289,ab,457,63,
4,58538.17070600018,ztfg,4.418666093623398,21.877545476367683,25.1974214990217,ab,457,63,
5,58538.17162040016,ztfg,-1.5209213318593195,25.40398882745765,25.1996797935066,ab,457,63,
6,58539.18582180003,ztfr,38.6874754966272,33.02218566389309,26.1244395479627,ab,457,63,
7,58540.15032410016,ztfg,-28.25127304805505,27.75358471583386,26.2157227246904,ab,457,63,
8,58540.19299770007,ztfr,-25.830021009426265,19.162029536442382,26.1135287739749,ab,457,63,
9,58542.13707179995,ztfg,-15.776057815546958,19.778614196420524,26.2279146587286,ab,457,63,
10,58542.13797450019,ztfg,6.15445544432005,17.89962218331759,26.22953467133,ab,457,63,
11,58547.15241899993,ztfr,-0.3319722578299663,23.337602670874677,26.1174751955297,ab,457,63,
12,58557.15162040014,ztfg,110.84818794226999,185.31691679869644,26.1764164233209,ab,457,63,
13,58557.16329859989,ztfg,411.2536162806719,169.4342624049734,26.1789708241398,ab,457,63,
14,58557.21290510008,ztfr,183.24513302652673,141.96087035973255,26.0466688413037,ab,457,63,
15,58558.1302894,ztfg,324.4290833400174,69.61224911406809,26.1772314071342,ab,457,63,
16,58558.165636599995,ztfr,77.68648591159814,110.22484219146097,26.080712828455,ab,457,63,
17,58559.1354398001,ztfg,419.1687195134455,50.348856071055394,26.1567099015609,ab,457,63,
18,58559.18723380007,ztfr,372.5269996941687,68.66684695061893,26.0520510590973,ab,457,63,
19,58560.1848726999,ztfg,416.20340400976454,69.90544846135488,26.1095754488343,ab,457,63,
20,58560.18584490009,ztfg,629.9512139145943,63.84286109633117,26.1092463925886,ab,457,63,
21,58561.1930670999,ztfg,640.6018772223119,104.54390251225297,26.0114702932478,ab,457,63,
22,58562.18344909977,ztfg,543.299220293212,104.05872178611648,26.0159416607643,ab,457,63,
23,58574.13324069977,ztfr,93.63397098467183,41.05824146809165,24.4131725208737,ab,457,63,
24,58574.15224540001,ztfg,95.95563107726292,28.493769465588766,22.930638857498,ab,457,63,
25,58574.15450230008,ztfg,32.81461543300006,28.250151607201538,22.6919897492214,ab,457,63,
