,time,band,flux,fluxerr,zp,zpsys,field,ccd,comment
0,58476.534374999814,ztfr,19.3399384851926,41.528126689254826,26.1532808627618,ab,632,58,
1,58480.53010419989,ztfg,100.99395330608839,68.4304800304236,26.1854918775615,ab,632,58,
2,58492.54799770005,ztfg,500.41985352615825,17.572412121310943,25.9534829142322,ab,632,58,
3,58502.48266200023,ztfg,851.1355687436568,83.26863167646445,26.1282665969173,ab,632,58,
4,58505.49565970013,ztfg,882.4393995709747,232.01747168354257,26.2598264250122,ab,632,58,
5,58507.527303200215,ztfg,876.9187076430755,51.50778433926141,26.2500654244625,ab,1676,20,
6,58507.53238430014,ztfg,924.8964234888922,54.27984379704193,26.318127578822,ab,632,58,
7,58508.51500000013,ztfr,787.8729725800953,43.48750060398097,26.215948247996,ab,632,58,
8,58511.51508100005,ztfg,411.9822600408833,29.274022222269245,25.7383206262018,ab,632,58,
9,58511.54418980004,ztfr,524.637599912629,27.100241563425172,25.8928652234417,ab,632,58,
10,58522.51339119999,ztfg,335.8279223048328,30.329758428504828,26.290423842521,ab,632,58,
11,58526.52542820014,ztfr,357.1109278578176,30.22648182072768,26.1494111677016,ab,632,58,
12,58526.54841439985,ztfg,147.94113213984872,34.021884477639475,25.9936440839825,ab,632,58,
13,58538.50134260021,ztfr,220.86170823767446,50.488416800742286,25.7787823466099,ab,632,58,
14,58538.52357639978,ztfg,53.34289049555167,38.65923780871658,25.951285670799,ab,632,58,
15,58539.42688659998,ztfi,44.4452816853248,34.525436054205024,22.4421057015907,ab,632,58,
16,58541.54343750002,ztfr,226.6657917881634,18.41281390515658,26.2316477201082,ab,632,58,
17,58547.455544000026,ztfi,92.04570064391649,14.629440566902893,25.5473475324423,ab,632,58,
18,58547.51861110004,ztfr,192.81091392082274,20.763462444046233,26.2314203137772,ab,632,58,
19,58556.48228010023,ztfg,61.50986211586776,26.204927123563657,26.3150482868165,ab,632,58,
20,58556.50408559991,ztfr,168.67825781630657,23.19294380145618,26.2166469310584,ab,632,58,
