,time,band,flux,fluxerr,zp,zpsys,field,ccd,comment
0,58888.51653939998,ztfr,1216.918993884507,377.44768919897626,26.2987786586893,ab,727,43,
1,58892.52726850007,ztfr,1075.3802951450689,51.80692158872454,26.3077182359296,ab,727,43,
2,58892.56046300009,ztfg,921.0777918808462,55.2515577269071,26.263833178597,ab,727,43,
3,58895.51755789993,ztfr,906.3980919419345,41.75954902573933,26.3020217080158,ab,727,43,
4,58895.53383099986,ztfg,824.1085036678869,43.43099056228288,26.2541239495253,ab,727,43,
5,58900.51311339997,ztfr,136.4788076317219,44.25575225562076,24.197460748717,ab,727,43,
6,58912.48937499989,ztfr,478.0267803884152,34.68757722728165,26.3146941494218,ab,727,43,
7,58912.529953700025,ztfg,188.60244458107346,18.445474746632307,26.2677174684848,ab,727,43,
8,58915.488344899844,ztfg,0.43617446943354565,78.431393462648,24.7030841977444,ab,727,43,
9,58915.52578700008,ztfr,424.56416435461904,35.662755478064,26.119029193722,ab,727,43,
