,time,band,flux,fluxerr,zp,zpsys,field,ccd,comment
0,58506.230208300054,ztfr,-26.1815478043444,83.8019735537629,25.9655606270284,ab,256,61,
1,58506.23112270003,ztfr,-23.597701769157023,96.74428971666984,25.951488361922,ab,256,61,
2,58507.24770830013,ztfr,-7.474686699401231,46.35781135608872,25.8427323205265,ab,256,61,
3,58508.24402779993,ztfr,50.15966348853692,52.72349095499072,25.9424354065109,ab,256,61,
4,58509.18832179997,ztfg,24.95983535006674,53.80827891008179,25.9945477635911,ab,256,61,
5,58509.251597200055,ztfr,89.87634504375696,76.51695462920591,25.9468192028439,ab,256,61,
6,58509.25251160003,ztfr,-34.34032983762817,96.08160658379713,25.9340256516108,ab,256,61,
7,58510.20723380009,ztfg,41.74529121493849,57.44587459663611,25.4055721254179,ab,256,61,
8,58510.23120369995,ztfr,333.4561374387423,262.3597668412369,25.0946681015232,ab,256,61,
9,58523.184155100025,ztfr,301.89321013329084,32.297573984173475,25.7246454728705,ab,256,61,
10,58526.1865393999,ztfr,681.816798251353,44.08993701832439,25.9286277691774,ab,256,61,
11,58539.18958330015,ztfr,1177.8572937127694,45.008477975457296,25.8945178952851,ab,256,61,
12,58539.2256713002,ztfg,1511.7537271094197,43.41922438570334,25.7762964628037,ab,256,61,
13,58539.22658560006,ztfg,1491.333143189914,40.84163672925741,25.7236186676634,ab,256,61,
14,58540.14751160005,ztfg,1798.0049381166832,30.862872763470023,25.984585211752,ab,256,61,
15,58540.190243099816,ztfr,1196.568959498455,39.37157247343809,25.9192430065081,ab,256,61,
16,58557.11682870006,ztfr,695.7272094932783,112.328277509118,25.9087727552495,ab,256,61,
17,58557.126817100216,ztfg,884.7516148572897,135.490684833141,25.9543089433106,ab,256,61,
18,58558.12008100003,ztfg,696.7864646171953,116.07146367875275,25.9057747128911,ab,256,61,
19,58558.14868059987,ztfr,655.0011922735367,99.87944603805313,25.8404336835578,ab,256,61,
