,time,band,flux,fluxerr,zp,zpsys,field,ccd,comment
0,58249.479849500116,ztfr,1714.4640030152934,86.36619987572003,26.1598071171607,ab,389,58,
1,58256.420023099985,ztfr,1041.842894236876,32.066056192222575,26.1362631611899,ab,389,58,
2,58259.42121529998,ztfg,194.6900717192826,17.157764997157567,25.5676081522301,ab,389,58,
3,58263.3775578998,ztfr,741.6354991010583,68.12137190999583,26.1153425843908,ab,389,58,
4,58263.46023150021,ztfg,362.44074588161874,22.501287965661973,26.2615452181212,ab,389,58,
5,58267.39753470011,ztfr,402.1749307434569,195.604724369819,24.915342872762,ab,389,58,
6,58267.43870369997,ztfg,343.11896200089427,110.6355882940721,26.2148568670555,ab,389,58,
