,time,band,flux,fluxerr,zp,zpsys,field,ccd,comment
0,58993.2494907002,ztfg,-16.305736658669577,21.65414599149259,26.146277661968,ab,371,26,
1,58996.24912039982,ztfr,-4.56820968978812,24.04965371724714,26.2001970795823,ab,371,26,
2,58999.229409699794,ztfg,-78.07752678700085,44.58156695191005,25.9303133333029,ab,371,26,
3,58999.286643499974,ztfr,17.97022019942891,61.07035974001855,26.1720012064677,ab,371,26,
4,59005.231527800206,ztfr,19.69937227940674,59.61866252924279,26.2357500884843,ab,371,26,
5,59011.203530100174,ztfg,159.24217654021018,17.145274853846267,26.0184120170853,ab,371,26,
6,59011.23548609996,ztfr,174.8001055145186,30.289343333721785,26.1542243254807,ab,371,26,
7,59018.22543979995,ztfr,601.8037955347054,28.446361311633357,26.2180250045647,ab,371,26,
8,59024.195462999865,ztfg,1013.7226728274832,20.654204599352568,26.1487553095599,ab,371,26,
9,59024.22166670021,ztfr,687.922169396063,24.878570488975267,25.9608865175171,ab,371,26,
10,59027.1720718001,ztfr,862.0021079651544,43.78388707377931,26.0933932942407,ab,371,26,
11,59027.19150459999,ztfg,833.483872005051,47.31848070676807,25.9430115986223,ab,371,26,
