,time,band,flux,fluxerr,zp,zpsys,field,ccd,comment
0,58271.48173609981,ztfg,4003.851704700013,110.71464074956214,26.0289692189291,ab,343,38,
1,58277.459560200106,ztfg,3871.4815099612088,47.47596498124732,25.8807777597767,ab,343,38,
2,58280.44509259984,ztfg,3990.360575311561,31.674097704677585,26.037337968514,ab,343,38,
3,58280.48060189979,ztfr,4198.545083718021,44.73813965158654,26.1888104101715,ab,343,38,
4,58283.44197920011,ztfg,3351.5425434277213,36.423497566421034,26.0324627153844,ab,343,38,
5,58283.46265049977,ztfr,3491.9800147077526,37.619043674051625,26.1689486949842,ab,343,38,
6,58286.43949070014,ztfg,2773.6669314913747,30.400389869636093,26.1019033999587,ab,343,38,
7,58289.43771990016,ztfg,1960.0474378151423,31.46697241689341,26.0613515292033,ab,343,38,
8,58289.46293980023,ztfr,2522.5064016797373,31.835745306888956,26.1941855425315,ab,343,38,
9,58292.43892360013,ztfg,1473.9577745342176,22.614018121350814,26.1151535062265,ab,343,38,
10,58296.48054399993,ztfg,1118.9493632049655,54.227584973658075,26.1613969251756,ab,343,38,
11,58304.41050929995,ztfr,1543.2264627895454,41.00693913465579,26.1653280758803,ab,343,38,
12,58304.43861109996,ztfg,476.0767374301917,32.40996252330128,26.1386216421225,ab,343,38,
13,58307.45943289995,ztfg,357.21339843404047,19.247507576391573,25.9987664001871,ab,343,38,
14,58314.43978009978,ztfr,711.8261035370504,18.803272428293738,26.0535330838015,ab,343,38,
15,58314.46128469985,ztfg,276.46413181445513,19.25500221008279,26.0201028957264,ab,343,38,
16,58320.43891200004,ztfg,159.4544195083098,14.592148787272308,25.5218149146142,ab,343,38,
17,58323.41811340023,ztfg,270.35401732247306,26.48932982775765,26.0998381197429,ab,343,38,
18,58323.46064809989,ztfr,629.7352732038456,20.461308040239444,26.1872218146991,ab,343,38,
19,58326.400578700006,ztfr,328.11568480758183,156.49930234249715,25.6025320570698,ab,343,38,
20,58326.4786111,ztfg,230.116283834933,61.74425079755662,25.7197765108211,ab,343,38,
