,time,band,flux,fluxerr,zp,zpsys,field,ccd,comment
0,58511.55817130022,ztfr,-59.027691507594724,63.57262981364579,25.9256004540745,ab,538,23,
1,58511.56312499987,ztfr,-6.117503998458154,61.97343739812216,26.0179389739686,ab,538,23,
2,58511.568090300076,ztfr,-22.58797295646256,96.59270883017506,26.0197858746446,ab,538,23,
3,58511.573055599816,ztfr,24.050426615992087,139.1548903313692,26.0961711942994,ab,538,23,
4,58512.56026619999,ztfr,-48.31006891465884,52.39181142343055,25.2055835464522,ab,538,23,
5,58512.56528940005,ztfr,72.07767622885405,62.03135645597509,25.468953206091,ab,538,23,
6,58512.5703125,ztfr,-22.915219171833876,67.21456647525045,24.2060835154346,ab,538,23,
7,58512.57533559995,ztfr,46.374014562390784,70.37578784798062,26.1559831852351,ab,538,23,
8,58561.42032410018,ztfr,1073.82584019993,150.0039340268391,26.1340356400651,ab,538,23,
9,58561.50499999989,ztfg,119.84907498551205,83.80122001331145,24.0141419875018,ab,538,23,
10,58568.45750000002,ztfg,507.31410341328365,59.942096673473664,26.0812090294469,ab,538,23,
11,58568.50281250011,ztfr,673.4626870076725,71.68313007774672,26.092316119713,ab,538,23,
12,58574.497800900135,ztfr,306.1382206167547,31.856632060042706,25.0800387422393,ab,538,23,
13,58577.44204859994,ztfr,41.56693017772885,26.33760272784096,22.5257258736824,ab,538,23,
14,58581.445706000086,ztfr,576.1195377161054,30.51424046042506,26.0761435973548,ab,538,23,
15,58581.499259300064,ztfg,137.41478280100273,22.32176564915555,25.9310013364395,ab,538,23,
16,58584.48221059982,ztfg,190.61231754724005,35.908905899592064,26.282578819447,ab,538,23,
17,58584.50564809982,ztfr,617.3434821221992,33.79748552505705,26.3335054501329,ab,538,23,
18,58587.481354199816,ztfg,76.85610207432762,30.481449328516415,25.3904935889093,ab,538,23,
19,58587.505393499974,ztfr,150.22662647156625,47.246828045651526,25.4347735512806,ab,538,23,
20,58591.44236110011,ztfr,437.06045391146426,65.1951984213601,26.2350667498827,ab,538,23,
21,58597.41810189979,ztfr,287.1919994933108,43.460800402926616,26.3168314157376,ab,538,23,
22,58597.479340299964,ztfg,167.43170356361026,40.84100954356618,26.287898431657,ab,538,23,
