,time,band,flux,fluxerr,zp,zpsys,field,ccd,comment
0,58248.159571799915,ztfr,-14.271032291723548,19.37756486983053,26.0956730094428,ab,470,0,
1,58248.1714931,ztfg,-1.19826501333627,14.123687602379425,26.192295268259,ab,470,0,
2,58258.160150500014,ztfg,34.03860241252981,28.983361646449577,26.1327969005166,ab,470,0,
3,58258.20721059991,ztfr,-5.807837503018607,21.989580478913304,25.9929673705732,ab,470,0,
4,58267.16636569984,ztfg,412.82802489934613,41.44253536512588,26.1110821259575,ab,470,0,
5,58270.2409144002,ztfg,1195.734255628381,54.23719491009522,25.9520457389612,ab,470,0,
6,58274.212881899904,ztfg,2564.4063335680885,23.995663936375703,26.074390344661,ab,470,0,
7,58278.192569400184,ztfg,3499.390845907501,32.58225248053414,26.0405702052222,ab,470,0,
8,58281.191192099825,ztfr,3825.1051094442782,32.57118250937726,26.0138711565472,ab,470,0,
9,58290.19249999989,ztfg,2264.92202597575,49.423485845666924,25.9352312458993,ab,470,0,
