,time,band,flux,fluxerr,zp,zpsys,field,ccd,comment
0,58964.26615739986,ztfr,18.93560903350479,24.552664401192516,26.1626637021718,ab,271,25,
1,58964.33534719981,ztfg,-1.9778422239680027,33.02682965781794,26.0343924544149,ab,271,25,
2,58967.251377299894,ztfg,-22.68407594532152,27.806166358401647,26.1076617371406,ab,271,25,
3,58967.33681710018,ztfr,-37.74054544725964,41.60895333673178,26.144623355972,ab,271,25,
4,58971.209583300166,ztfr,121.09628793986587,41.98295875922441,26.2373187152616,ab,271,25,
5,58971.27178240009,ztfg,165.92655358886338,50.3654624436406,26.1686796494195,ab,271,25,
6,58979.29454859998,ztfr,557.5436748239426,51.90743296547154,26.1164571693235,ab,271,25,
7,58993.22981479997,ztfg,373.77776384122166,29.978424606198754,26.0643936037315,ab,271,25,
8,58993.275613400154,ztfr,436.60668576223645,53.29230508143498,26.0986828082791,ab,271,25,
9,58996.16194440005,ztfg,276.0851716485317,42.62636721444573,26.1180575807986,ab,271,25,
10,58996.22995370021,ztfr,416.3330417144129,29.00150819285346,26.1840422258083,ab,271,25,
11,58999.167673599906,ztfr,411.60592278010347,61.84241825919059,26.2158119644205,ab,271,25,
12,59013.18381940015,ztfr,254.98679367865887,53.9644291314832,26.249989334788,ab,271,25,
13,59013.20987269981,ztfg,44.28677566858499,35.73677174808943,26.0862453946065,ab,271,25,
