,time,band,flux,fluxerr,zp,zpsys,field,ccd,comment
0,59097.501585599966,ztfr,76.17944256631509,89.35401203287573,25.3035656482384,ab,567,1,
1,59097.50626160018,ztfr,-49.896873754769715,102.90347581815045,24.7477576757148,ab,567,1,
2,59097.5109490999,ztfr,335.53380571256366,59.77864121881068,25.8626171720337,ab,567,1,
3,59097.515625,ztfr,94.01640867040742,150.46391700159828,25.3104230745396,ab,567,1,
4,59097.5203009001,ztfr,462.69653234127657,130.4614754874086,25.9547264624701,ab,567,1,
5,59105.503043999895,ztfr,-5.209705731980225,50.44029586304148,23.7734074577329,ab,567,1,
6,59105.50771989999,ztfr,49.03629060792411,48.880047127988625,23.959039095525,ab,567,1,
7,59105.51240740018,ztfr,-64.1697667134986,48.5084556818354,24.0306510231826,ab,567,1,
8,59105.51708329981,ztfr,29.4362803259447,44.41307349114615,24.0745652443987,ab,567,1,
9,59105.5217708,ztfr,3.768415520209956,51.14263415399105,24.1380746297137,ab,567,1,
10,59107.506562499795,ztfr,115.709566413014,20.339202997620983,25.6276864562652,ab,567,1,
11,59107.51128470013,ztfr,153.78997186385467,20.98125110387056,25.6623722897528,ab,567,1,
12,59107.516018500086,ztfr,154.41054419825704,31.371775630294035,25.6755603096127,ab,567,1,
13,59107.520740699954,ztfr,220.1839725302736,35.38191410980065,25.7284979436012,ab,567,1,
14,59107.52546299994,ztfr,120.97378678491816,52.7802014403976,25.7287401228315,ab,567,1,
15,59122.53033560002,ztfr,151.8933202441799,33.613106671227854,26.144548920546,ab,567,1,
16,59124.463379600085,ztfr,99.78402444382259,48.712661553724544,26.1225107668253,ab,567,1,
17,59124.525254600216,ztfg,76.11061760475982,41.99459008315871,26.2431495280369,ab,567,1,
18,59126.48552080011,ztfg,76.19679140903654,41.80139586699143,26.1983022814561,ab,567,1,
19,59126.5242130002,ztfr,115.41493406331098,32.374414332210776,26.1837381650509,ab,567,1,
20,59128.466932899784,ztfg,9.061621464380032,42.221989091245604,25.8797969615507,ab,567,1,
21,59128.52409720002,ztfr,118.51431803736921,37.8639621493653,25.9080094060002,ab,567,1,
