,time,band,flux,fluxerr,zp,zpsys,field,ccd,comment
0,58217.428368099965,ztfr,592.9112246544244,23.387393628004187,26.292000563166,ab,376,42,
1,58217.44965279987,ztfr,604.9125734737028,28.214762511383963,26.2824748837447,ab,376,42,
2,58230.35499999998,ztfg,459.6101136880742,18.697250846934082,26.2679309222193,ab,376,42,
3,58233.29403939983,ztfg,335.2864384449195,38.82217510075794,26.249668929951,ab,376,42,
4,58236.326550900005,ztfg,198.88447392470334,122.0110792226328,26.2118895618772,ab,376,42,
5,58244.25116899982,ztfg,85.07128910111652,24.103508082393947,25.3831202730696,ab,376,42,
6,58247.268067100085,ztfr,307.8421033495787,25.768973310148997,26.3033739011107,ab,376,42,
7,58247.314143499825,ztfg,97.2699875665517,17.279339860286438,26.2580079535323,ab,376,42,
8,58250.25229169987,ztfr,247.5451028305195,38.659632652402045,26.3185718683648,ab,376,42,
9,58256.25428240001,ztfr,206.69510421079426,32.309632265860984,26.3024417903174,ab,376,42,
10,58256.29486110015,ztfr,221.75511152437213,19.552236430794103,26.2848492526176,ab,376,42,
11,58259.2684491002,ztfr,34.29428790686467,33.93091015699004,24.1918982657447,ab,376,42,
12,58262.274166699965,ztfg,15.286582632571744,40.47717775029702,26.2229608839235,ab,376,42,
13,58262.295347199775,ztfr,215.25074234262524,44.50585568661621,26.2715411173733,ab,376,42,
14,58270.27256939979,ztfg,60.446565962268735,58.75850498394783,26.1991225694229,ab,376,42,
15,58270.31510420004,ztfr,105.90795043280065,44.06341782068611,26.2723738809288,ab,376,42,
16,58273.25180559978,ztfg,28.5640149035992,15.651566801529805,26.2598551442343,ab,376,42,
17,58273.334571800195,ztfr,140.48426936731462,27.74438170491715,26.2927007727657,ab,376,42,
