,time,band,flux,fluxerr,zp,zpsys,field,ccd,comment
0,58430.522488399874,ztfg,916.266495623646,24.322833182097757,26.1183573606816,ab,420,55,
1,58441.501921299845,ztfg,877.7740751219259,34.887922150946906,25.8159719988371,ab,420,55,
2,58441.5554630002,ztfr,422.8586988061838,44.08650662290651,25.3756334391788,ab,420,55,
3,58447.49878469994,ztfr,864.4105190687599,49.703988916812236,26.1576680657174,ab,420,55,
4,58449.4916782002,ztfr,410.04182570443066,56.17332547696594,25.5588836125819,ab,420,55,
5,58450.48423610022,ztfg,729.2306277741558,53.86130003974661,26.1827990337911,ab,420,55,
6,58462.50138889998,ztfg,15.344817906321863,16.04086917577523,23.8401862773506,ab,420,55,
7,58465.50283560017,ztfr,426.633970417155,28.06580190727717,26.1947795802877,ab,420,55,
8,58465.54314809991,ztfg,237.27761305610338,19.104991410731376,26.2927907215,ab,420,55,
9,58468.4443518999,ztfg,185.45931616232966,17.184891678174264,26.182381949799,ab,420,55,
10,58468.52265049983,ztfr,450.41569059454287,30.717535286074547,26.215995849063,ab,420,55,
11,58472.52202549996,ztfg,136.07094643863752,18.076481884481026,26.2703233411504,ab,420,55,
12,58472.54342589993,ztfr,292.62394421271654,24.702640328228608,26.1893648363859,ab,420,55,
13,58476.4855324002,ztfr,250.65104727321744,37.586185133627595,26.2075930607895,ab,420,55,
14,58481.54287040001,ztfr,210.2847974666193,49.65369368345797,26.1894919415192,ab,420,55,
15,58481.55517360009,ztfr,213.14892740146942,49.580861474346705,26.1878904483163,ab,420,55,
16,58487.482303199824,ztfg,111.47820460521052,14.081188222734319,26.2776412215995,ab,420,55,
17,58487.52420140011,ztfr,176.39174223627157,24.679881081862348,26.2308348032085,ab,420,55,
18,58491.47884259978,ztfg,19.301559669208476,29.800742995088623,25.4690913890232,ab,420,55,
19,58491.52327550016,ztfr,103.45696397548467,38.19631977919185,26.0140762239133,ab,420,55,
