,time,band,flux,fluxerr,zp,zpsys,field,ccd,comment
0,58589.251099499874,ztfr,159.98863671247125,74.42994404431164,25.9967942420744,ab,620,9,
1,58592.16681709979,ztfg,9.532303957975065,35.51195633674202,26.2433615059315,ab,620,9,
2,58592.24391200021,ztfr,18.858860666595994,37.58814833347746,26.1550523409293,ab,620,9,
3,58593.26899310015,ztfr,-21.24388332140298,33.16029163746393,26.1689708643885,ab,1616,37,
4,58597.25547449989,ztfg,0.8581829140839948,14.263691818223014,26.2330048780609,ab,620,9,
5,58597.34792819992,ztfr,-44.4625677347507,28.660963191680544,26.0206519642874,ab,620,9,
6,58600.208715300076,ztfg,-10.71049681199063,13.937223011253511,26.2578656340844,ab,620,9,
7,58605.212731500156,ztfg,26.200081599999123,10.19928180463277,26.2107655607736,ab,620,9,
8,58608.206145800184,ztfg,187.4636050671405,12.235034488311838,26.2110390668024,ab,620,9,
9,58608.2182407002,ztfr,153.79439045972163,16.551959843534252,26.090801824877,ab,620,9,
10,58612.17650459986,ztfg,487.36232543182837,13.858282192137132,26.2045041844522,ab,620,9,
11,58612.19528939994,ztfr,403.70717407667433,15.910450319994526,26.0995094079641,ab,620,9,
12,58617.24653939996,ztfr,642.7751991819289,37.117514536240755,26.0739511944549,ab,620,9,
13,58618.27278940007,ztfr,753.1798120532837,47.21030505277734,26.0720592742591,ab,1616,37,
14,58633.18423609994,ztfr,644.2179840999454,19.7164093228698,26.0777521069328,ab,620,9,
15,58633.221215299796,ztfg,563.1941668538263,17.85638301055986,26.0827760449847,ab,620,9,
16,58634.1720718001,ztfr,616.57451599086,17.553336680356825,26.0697037537903,ab,620,9,
17,58634.17298609996,ztfr,643.0960805832797,17.663650729451394,26.0537089261609,ab,620,9,
18,58634.201261600014,ztfg,526.1188049901513,15.873275598516633,26.0836156336359,ab,620,9,
19,58634.2021643999,ztfg,495.6175592883123,16.39586078044679,26.0855951240296,ab,620,9,
20,58637.17631939985,ztfr,547.2320422998598,17.63449403513474,26.0456946515447,ab,620,9,
21,58637.218599500135,ztfg,388.78973319177015,21.10438051247047,26.0157906256909,ab,620,9,
22,58640.173819399904,ztfg,336.2511076098368,31.508131185004064,26.0844127503235,ab,620,9,
23,58640.22285880009,ztfr,431.375018776834,25.39694328380624,25.9744145998208,ab,620,9,
24,58645.20178239979,ztfg,198.0317839738758,39.75099340803415,26.0345094966487,ab,620,9,
25,58648.172673599795,ztfg,193.7549473482241,77.92472541384184,26.1141656345575,ab,620,9,
26,58648.20024310006,ztfr,355.4539557578546,84.13174084892835,26.0149673011597,ab,620,9,
