,time,band,flux,fluxerr,zp,zpsys,field,ccd,comment
0,58439.39878469985,ztfr,2703.392724879417,27.675404487092514,25.8631383297808,ab,1711,37,
1,58439.48673610017,ztfg,3506.352470145592,25.778348352704285,25.9212238322592,ab,1711,37,
2,58442.39612270007,ztfr,2958.3676575497543,51.3148342968352,25.8653627392742,ab,1711,37,
3,58448.470601900015,ztfr,3945.9398452122537,52.18646822586728,26.1956669689117,ab,1711,37,
4,58449.45230320003,ztfr,3050.215876981346,52.25499236015269,25.9626172127046,ab,1711,37,
5,58455.52817129996,ztfr,2424.6843488008985,36.0396775035349,26.1005382471565,ab,1711,37,
6,58468.5188310002,ztfr,2036.6664886242502,22.097769041899394,26.2600768052725,ab,1711,37,
7,58476.44277779991,ztfr,1449.3854440469452,36.17385224589426,26.2199872041846,ab,1711,37,
8,58481.462256900035,ztfr,1037.3735611665127,34.59913454084722,26.2213957509772,ab,1711,37,
9,58482.49734950019,ztfg,436.4111719728268,18.618710623097176,26.2175592590635,ab,1711,37,
10,58487.4761806,ztfg,393.8887864192994,13.221448487267908,26.2612626765667,ab,1711,37,
11,58492.45319439983,ztfr,296.2306943224267,18.296640642364043,25.2720468051874,ab,1711,37,
12,58493.44652780006,ztfr,693.6527000080862,17.192636773022492,26.2342723067401,ab,1711,37,
