,time,band,flux,fluxerr,zp,zpsys,field,ccd,comment
0,58210.239745399915,ztfg,3501.3288270977446,121.51012889358748,25.4778968045549,ab,361,16,
1,58215.224363400135,ztfg,659.3956865679964,90.88132542696042,23.7267817987832,ab,361,16,
2,58218.18656249996,ztfr,5189.322737309413,51.52080846375206,26.1209602935901,ab,361,16,
3,58218.19798609987,ztfr,5134.393452871246,48.61017446874123,26.1093287751697,ab,361,16,
4,58223.141875000205,ztfr,3772.2588236884117,45.48477677257826,26.1569006523909,ab,361,16,
5,58229.18623840017,ztfr,3212.4903966747097,93.50881047408097,26.1427749165414,ab,361,16,
6,58233.16189809982,ztfr,2881.2368718088537,76.08501934119238,26.1738332811856,ab,361,16,
7,58236.15012730006,ztfg,892.5738161376206,86.89795457965826,26.0944147639673,ab,361,16,
