,time,band,flux,fluxerr,zp,zpsys,field,ccd,comment
0,58557.251527800225,ztfr,-68.50164141123898,90.39419068926247,26.187776312895,ab,316,24,
1,58557.2749073999,ztfg,-47.43216457326237,61.76954676761152,26.1343610476533,ab,316,24,
2,58560.23086810019,ztfg,46.405010345573196,65.76689846102411,26.1524434138376,ab,316,24,
3,58560.31528940005,ztfr,71.51479275991731,59.66737944736743,26.206767421667,ab,316,24,
4,58568.21324069984,ztfg,21.77198599362565,16.847508720554355,25.9748069443762,ab,316,24,
5,58568.274803199805,ztfr,38.29513051662821,20.255400052730362,26.1453560136522,ab,316,24,
6,58569.17462959979,ztfg,119.87394404024542,111.5972079315871,26.1461379643974,ab,316,24,
7,58569.25873839995,ztfr,163.24681497609825,145.5937657239235,27.1545821789701,ab,316,24,
8,58569.341574099846,ztfg,517.652131347814,184.70048733448488,27.493010137477,ab,316,24,
9,58573.25233800011,ztfr,338.64010264397007,37.28545165551248,26.1396686914705,ab,316,24,
10,58581.2306597,ztfr,659.9833233643654,23.586449093718667,26.1708485101008,ab,316,24,
11,58584.167708300054,ztfr,755.4463471350934,38.592789867529504,26.1302577114482,ab,316,24,
12,58584.22929400019,ztfg,629.6726895200353,37.47194702229342,26.0657454415089,ab,316,24,
13,58587.20925930003,ztfg,584.0269979950579,41.747365963254396,26.0627383291629,ab,316,24,
14,58587.25439810008,ztfr,706.070141919639,39.47672362367838,26.0964581452182,ab,316,24,
15,58592.24666670011,ztfr,623.1240693630258,76.7292211270637,26.1688307101599,ab,316,24,
16,58598.14127309993,ztfr,544.4959271699694,29.99139496624835,26.1136760975452,ab,316,24,
17,58601.25434029987,ztfr,460.56152862064437,30.149283518961706,26.1372250038137,ab,316,24,
18,58608.18888889998,ztfg,174.734192436189,21.161768564120127,26.0124882461355,ab,316,24,
19,58608.21043979982,ztfr,474.51877750132746,54.047747955890834,26.077899419004,ab,316,24,
20,58617.231527800206,ztfr,300.0286549546234,61.34693724296008,26.0298346339847,ab,316,24,
