,time,band,flux,fluxerr,zp,zpsys,field,ccd,comment
0,58593.33538189996,ztfr,12.028065785917754,53.6538670807593,26.1504976542541,ab,1723,16,
1,58606.495231499895,ztfg,2044.030131927022,33.36211039027681,26.1552662304687,ab,1723,16,
2,58608.49498840002,ztfr,2075.6271386993767,23.75608689513758,26.1341562382517,ab,1723,16,
3,58617.28562500002,ztfr,2070.8675328020317,28.02075913955582,26.0968036549673,ab,1723,16,
4,58618.24267360009,ztfr,1950.2341833052228,35.85691040189189,26.0976240614708,ab,1723,16,
5,58633.32284720009,ztfr,1146.7402856401366,17.894369697956993,26.1395973463794,ab,1723,16,
6,58633.32329860004,ztfr,1124.2799697080666,17.990485699892503,26.1358309101539,ab,1723,16,
7,58634.33210649993,ztfr,1124.2848706005832,17.814456803872176,26.1212756367418,ab,1723,16,
8,58634.33255789988,ztfr,1111.5580953534193,16.92081674395305,26.1220301021896,ab,1723,16,
9,58646.25873839995,ztfr,636.5168674332014,27.569771984143948,26.034315012911,ab,1723,16,
10,58646.259189799894,ztfr,740.6388704383205,27.080353299799572,26.0409554912551,ab,1723,16,
11,58651.352812500205,ztfr,530.6227704640543,45.53465713709678,26.1678532550826,ab,1723,16,
12,58651.35326390015,ztfr,637.6218417179883,46.33102841336936,26.1675714738263,ab,1723,16,
13,58653.34832180012,ztfg,211.88240381899735,36.919513570189594,26.143658183157,ab,1723,16,
14,58653.34877309995,ztfg,194.36259210315808,35.12849941348099,26.1483494132865,ab,1723,16,
15,58654.35339119984,ztfr,489.0891620851793,29.661604569694486,26.1453587070449,ab,1723,16,
16,58654.35384259978,ztfr,498.8429053598409,32.05484374743968,26.1378046283927,ab,1723,16,
17,58655.35221059993,ztfr,498.069885393689,44.040050503414996,26.1741948762348,ab,1723,16,
18,58655.352661999874,ztfr,436.4689983662863,37.26631393419218,26.1735519994865,ab,1723,16,
