,time,band,flux,fluxerr,zp,zpsys,field,ccd,comment
0,58214.178368099965,ztfr,477.57349237322865,46.56990802677147,23.141711912808,ab,567,58,
1,58217.15834489977,ztfr,6335.68461172384,49.32892605634723,26.0672233754921,ab,567,58,
2,58217.18159720022,ztfr,2445.6359076562885,43.98138439765929,25.0061381402299,ab,567,58,
3,58223.16357639991,ztfr,6990.512277956181,40.50946879266521,26.1957140155597,ab,567,58,
4,58223.18222220009,ztfr,6992.803428332251,39.67360917061012,26.1889511576029,ab,567,58,
5,58227.16010419978,ztfr,5799.127229443732,44.32486958038615,26.2112009815984,ab,567,58,
6,58227.17356480006,ztfg,7145.648394031992,42.20777002704383,26.3187786224397,ab,567,58,
7,58233.22726849979,ztfg,4339.794411825367,58.60646910153418,26.2634757230187,ab,567,58,
8,58236.154872700106,ztfg,3511.0992336832524,52.25940070257844,26.2965506088948,ab,567,58,
9,58236.2068403,ztfg,3420.517718144619,64.11029972520083,26.220373879656,ab,567,58,
10,58244.158703700174,ztfr,3350.3612117558228,43.461247121091844,26.189630973904,ab,567,58,
11,58244.20754629979,ztfg,1640.9713713796782,39.25724449137546,26.1902368969609,ab,567,58,
12,58247.17365740007,ztfg,1546.1223271708006,29.033150890994374,26.3009345346959,ab,567,58,
13,58247.2198032001,ztfr,2996.8002403298515,38.65157877947787,26.1424530646432,ab,567,58,
14,58263.17623839993,ztfr,3968.2994183724413,98.58567626302585,27.3044784612635,ab,567,58,
