,time,band,flux,fluxerr,zp,zpsys,field,ccd,comment
0,58320.21662040008,ztfi,19.334188601061584,21.2117791357768,25.4338677519624,ab,757,10,
1,58324.17466440005,ztfr,-33.544012073739395,40.26923449952362,25.809858445686,ab,757,10,
2,58324.265173600055,ztfg,12.011644582703129,63.505308996961766,25.0944500946096,ab,757,10,
3,58327.16640050011,ztfg,-0.8841265132433753,41.82293108544196,26.1009611765938,ab,757,10,
4,58330.17222219985,ztfg,4.118693491808027,19.623204291036977,26.0893498237877,ab,757,10,
5,58330.2035069,ztfg,11.436511289169859,15.790254128937846,26.0233978098803,ab,757,10,
6,58331.25254630018,ztfg,-27.82321077804362,29.57702559781078,25.8948112538387,ab,757,10,
7,58332.16349539999,ztfi,-29.982079140440813,21.59440032268015,25.3832778812817,ab,757,10,
8,58334.159317099955,ztfr,-19.65666195138547,23.97098136791551,26.0565338873204,ab,757,10,
9,58334.180682899896,ztfg,20.38091326442223,11.892684544510503,26.1152257183038,ab,757,10,
10,58337.175821799785,ztfg,45.368378753093815,12.28764934503166,26.1458430650504,ab,757,10,
11,58337.19826389989,ztfr,55.24653885847658,18.907517601527488,26.0758782487011,ab,757,10,
12,58345.1805786998,ztfg,1543.5125240852194,25.75991669357709,26.0631452547069,ab,757,10,
13,58348.15546299983,ztfg,2435.8374431260295,46.710476784610506,26.0745479878755,ab,757,10,
14,58348.19327550009,ztfr,1879.2699122480255,38.18925706472399,25.9568032730102,ab,757,10,
15,58351.14822919993,ztfr,2619.2542112150386,29.63139907878925,26.1109909336518,ab,757,10,
16,58363.15968749998,ztfg,2171.8550055591527,33.597781515056646,25.984699434905,ab,757,10,
