,time,band,flux,fluxerr,zp,zpsys,field,ccd,comment
0,58827.2804744998,ztfr,-61.60291096383367,49.67920653416042,26.0978616377495,ab,1704,7,
1,58827.28822920006,ztfr,25.86827734462392,54.33099366769545,26.0950441307983,ab,1704,7,
2,58828.25784720015,ztfr,293.0099584673189,204.71878399541248,25.0753192439165,ab,1704,7,
3,58828.25829860009,ztfr,-378.6604709263974,274.93038328657246,23.7354818546698,ab,1704,7,
4,58864.161921299994,ztfg,181.3332060087794,15.787875966058515,26.2878647543614,ab,1704,7,
5,58864.16237269994,ztfg,166.80711092352038,15.847496843948756,26.2922413733787,ab,1704,7,
6,58876.18055560021,ztfg,90.26284475128378,17.584968662662114,26.3305868224143,ab,1704,7,
7,58876.181006900035,ztfg,97.29382778459751,16.678710304655958,26.3297492031609,ab,1704,7,
8,58879.14002310019,ztfg,39.51456643708855,34.2790269377537,25.7913950899863,ab,1704,7,
9,58879.140474500135,ztfg,66.4805711013025,35.056004528265575,25.865643918348,ab,1704,7,
10,58881.1623958,ztfg,65.95228838988291,24.959111068059265,26.3310597944563,ab,1704,7,
11,58881.16284719994,ztfg,62.075440621804184,26.89695462952472,26.3236217633512,ab,1704,7,
