,time,band,flux,fluxerr,zp,zpsys,field,ccd,comment
0,58210.26592590008,ztfg,392.1991402526512,45.46751547313144,26.1530865028753,ab,572,17,
1,58210.27493060008,ztfg,534.2017858023926,55.43473322129116,26.1346593794909,ab,572,17,
2,58214.20222220011,ztfr,172.65362435504565,31.725757562436566,25.4258520817043,ab,572,17,
3,58214.218356499914,ztfr,139.195341864137,31.0205208792506,24.8076648057663,ab,572,17,
4,58217.20262729982,ztfr,261.9979270027218,18.454199933529043,26.031545447899,ab,572,17,
5,58217.25737270014,ztfr,270.3386875437478,18.70990566507154,26.1409144817988,ab,572,17,
6,58221.22609949997,ztfr,273.403524955462,55.79372865621361,25.938434297238,ab,572,17,
7,58221.23842590023,ztfr,154.60068185891976,46.489088373068114,25.9974912188036,ab,572,17,
8,58224.1813542,ztfr,124.92060412240936,17.526167633588233,25.8416224550974,ab,572,17,
9,58224.192291699816,ztfr,120.84566141036672,19.56264098830966,25.6754090829217,ab,572,17,
10,58227.245833300054,ztfr,198.6558484740665,18.172676173279395,26.1948415161467,ab,572,17,
11,58231.16898149997,ztfr,148.06609297944408,24.009691570967803,26.2332061684491,ab,572,17,
12,58235.17041670019,ztfg,23.135821509877772,60.050940606676726,26.2622427371225,ab,572,17,
13,58235.222048600204,ztfg,85.88898234132913,52.01549200925148,26.2158706768808,ab,1568,60,
14,58235.22250000015,ztfg,32.764570002568604,52.44733077108761,26.204897106942,ab,1568,60,
15,58235.22982640006,ztfg,13.208244568938966,55.71308176860732,26.2506216757768,ab,572,17,
16,58238.14870369993,ztfg,44.22994728599173,66.24701170759634,26.2693376396283,ab,572,17,
17,58245.152708299924,ztfr,63.37898930950229,41.91540672849075,26.4383910692421,ab,572,17,
18,58245.227083299775,ztfg,19.202802461603863,16.760439844976812,25.9498296978745,ab,572,17,
19,58248.16145829996,ztfr,43.24108530091766,17.20175346467145,26.2246647315615,ab,572,17,
20,58248.17241899995,ztfg,60.04535660979229,12.196393558143338,26.2539126710694,ab,572,17,
21,58254.18781250017,ztfr,68.49864113644162,16.882764015541408,26.2172266910625,ab,572,17,
22,58257.18402779987,ztfi,67.42304136101603,22.92337686114319,25.6329286388693,ab,572,17,
23,58257.228993100114,ztfr,44.71178854623555,21.02730017627549,26.1141953087795,ab,572,17,
24,58262.18987269979,ztfr,143.094699705771,66.16122078391169,26.9469439103925,ab,572,17,
25,58263.21358799981,ztfr,165.28455331453813,92.06628824330649,27.4061361473023,ab,572,17,
