,time,band,flux,fluxerr,zp,zpsys,field,ccd,comment
0,58600.48412040016,ztfr,1575.3341481906475,47.97406564034438,25.8962402018656,ab,647,16,
1,58600.48804400023,ztfr,1659.514854919782,40.578609803197324,25.9151727584909,ab,647,16,
2,58612.472361099906,ztfr,1158.4470896086875,30.480727632603866,25.9611613513529,ab,600,29,
3,58612.475254599936,ztfr,1063.0317815587543,26.415682961810145,25.9524579085474,ab,647,16,
4,58612.47570599988,ztfr,1136.8714991482243,31.544804092406,25.9753861733433,ab,600,29,
5,58612.47859949991,ztfr,1139.9909788693071,29.55128220362966,25.9594235011228,ab,647,16,
6,58612.479062499944,ztfr,1116.7897055688727,27.491879467330712,25.9761839820573,ab,600,29,
7,58612.48333329987,ztfr,1083.6692993719937,24.77218938709679,25.964261748128,ab,647,16,
8,58612.48436339991,ztfr,1162.1298993504702,27.03576829306387,25.9898743180172,ab,600,29,
9,58612.48725689994,ztfr,1158.0981234002827,27.678117235620974,25.9845308043741,ab,647,16,
10,58618.477592600044,ztfr,15.355908719048378,16.247556680629575,21.3000123549546,ab,600,29,
11,58618.482789400034,ztfr,159.81938280159744,18.86577671328637,23.7449358671616,ab,600,29,
12,58635.401782399975,ztfr,393.6465910788658,18.786620280153848,25.8836039632017,ab,647,16,
13,58636.42348380014,ztfr,444.3673734843117,21.38926116230632,25.9860434619874,ab,600,29,
14,58638.44714119984,ztfg,184.57513558236334,20.543666759934577,26.0086071055461,ab,647,16,
15,58638.47717589978,ztfr,459.0141249141976,36.434150949091034,26.0725434185792,ab,647,16,
16,58641.446678199805,ztfg,186.77599218347046,12.094779794112492,26.0941658841144,ab,600,29,
17,58641.44714119984,ztfg,193.31563305899957,12.358692083351905,26.0760528321056,ab,647,16,
18,58641.4776157001,ztfr,387.20036256252183,21.89819939725676,26.1101171600189,ab,647,16,
