,time,band,flux,fluxerr,zp,zpsys,field,ccd,comment
0,58267.18803239986,ztfg,-43.73270369830643,77.0272974414805,26.2540366623202,ab,472,40,
1,58271.18745370023,ztfr,-31.743779684025192,29.446902631817217,26.3000240616484,ab,472,40,
2,58274.22744210018,ztfg,24.820625360920623,12.744407880722967,26.2707241670209,ab,472,40,
3,58277.23331019981,ztfr,-0.2579550400206626,20.548623896345998,26.2393818690425,ab,472,40,
4,58280.17403940018,ztfr,23.394876741646513,31.71091059692704,26.3498681986767,ab,472,40,
5,58280.21214119997,ztfg,32.07222272638798,18.01248975637011,26.3057681738597,ab,472,40,
6,58283.19498840021,ztfr,142.88348995396083,20.433796910673493,26.3268360652333,ab,472,40,
7,58283.234606499784,ztfg,93.80566144490449,30.733623247574023,26.2473309194957,ab,472,40,
8,58286.21637730021,ztfg,1486.2836024756305,26.714466624510603,26.2610203902637,ab,472,40,
9,58293.17557869991,ztfg,8485.67856899274,57.18109657944909,26.2847744791322,ab,472,40,
10,58293.237395800184,ztfr,7970.230311823849,65.54758354792207,26.2556523367681,ab,472,40,
