,time,band,flux,fluxerr,zp,zpsys,field,ccd,comment
0,58969.3069329001,ztfr,11.77747117306541,29.9803813608206,23.5495178931486,ab,374,44,
1,58972.25430560019,ztfg,-23.32375099591809,38.2993069628078,26.2954022992243,ab,374,44,
2,58977.25148149999,ztfr,4.430045695844688,203.679352335724,25.0797925241706,ab,374,44,
3,58977.35005789995,ztfg,232.74085618138454,215.0886460746713,24.9389687253575,ab,374,44,
4,58980.22078699991,ztfg,12.510534592748996,12.42072786512198,26.2427926273625,ab,374,44,
5,58986.22170139989,ztfg,103.08633015755936,15.899212692496542,26.270266033974,ab,374,44,
6,58986.2507755002,ztfr,82.93053310968745,21.074670940838157,26.2757702070211,ab,374,44,
7,58992.25499999989,ztfr,668.8086085458239,21.717929756503594,26.264498399336,ab,374,44,
8,58992.31734950002,ztfg,886.0740337986449,23.072959559286424,26.2414168701054,ab,374,44,
9,58995.249305599835,ztfr,1074.8862015178136,21.310305426754507,26.2760116954559,ab,374,44,
10,58995.2994328998,ztfg,1379.9755558117172,25.32884569323259,26.245770379543,ab,374,44,
11,58998.18850689987,ztfg,1727.644881746743,25.587468233581383,26.2625742434648,ab,374,44,
12,58998.2483333,ztfr,1322.595801545699,22.5959469846874,26.2926166253249,ab,374,44,
13,59011.201180600096,ztfg,1336.892488970894,26.131934829651772,26.1642067377098,ab,374,44,
14,59011.23313659988,ztfr,1323.295981894182,25.66433463194156,26.25063538044,ab,374,44,
15,59014.19659719989,ztfg,1276.912618997837,23.064866164807924,26.3396719154418,ab,374,44,
16,59014.23011570005,ztfr,1238.8086447804917,25.053711235852266,26.3306542512242,ab,374,44,
17,59017.21550930012,ztfg,1032.0052263220095,20.534020531493653,26.3274123505613,ab,374,44,
18,59017.23291670019,ztfr,1031.6862543316859,22.21881265919809,26.3190551069387,ab,374,44,
19,59020.19545139978,ztfg,798.9703995950224,18.025352296784874,26.2789589542952,ab,374,44,
20,59020.23403939977,ztfr,844.8288513499266,21.82859999454191,26.263738254325,ab,374,44,
21,59023.21207180014,ztfg,602.5335731486438,19.00528913976662,26.292626519955,ab,374,44,
22,59026.21386570018,ztfg,468.65603848661044,38.01553947214531,26.2591391913908,ab,374,44,
23,59036.25318290014,ztfr,562.4274913646142,63.56779590100866,26.2626033294944,ab,374,44,
24,59039.17217590008,ztfg,150.33892441315044,40.61028888476855,26.3578224857225,ab,374,44,
25,59039.210416700225,ztfr,530.2010134645036,27.518017889667604,26.3024472411978,ab,374,44,
26,59043.23296299996,ztfr,383.7555683405997,30.662324986863375,26.1579132097441,ab,374,44,
