,time,band,flux,fluxerr,zp,zpsys,field,ccd,comment
0,58812.14821759984,ztfg,-14.854671257688564,14.382170551373267,26.0319860971929,ab,347,1,
1,58812.18915509991,ztfr,-13.009984690791207,25.225400602412385,26.0420201907324,ab,347,1,
2,58820.12464120006,ztfr,-44.634658655228115,28.99582603516667,25.6132637245219,ab,347,1,
3,58820.16865740018,ztfg,-51.641718565736895,36.89317449440846,25.0247900757225,ab,347,1,
4,58835.072233799845,ztfr,2225.3635153445334,279.5645229572246,26.0609899447225,ab,347,1,
5,58838.144791699946,ztfg,3436.1362115608194,57.02136116201084,25.8949268593875,ab,347,1,
6,58847.08512730012,ztfr,777.8292538364428,33.84230531850972,24.2743663297708,ab,347,1,
7,58853.085219900124,ztfg,3215.727554997428,75.94249684772589,25.8477837397003,ab,347,1,
8,58853.14506939985,ztfr,2797.4916614943454,72.20330061874301,25.8041991667656,ab,347,1,
9,58860.14589119982,ztfr,2558.7601845249287,61.72985637408835,26.1511294379361,ab,347,1,
10,58863.08523150021,ztfr,2489.060489141619,36.06848343971549,26.1736013898963,ab,347,1,
11,58863.12401620019,ztfg,2200.1507647980184,29.527910300364617,26.2113402612846,ab,347,1,
12,58871.087812500075,ztfr,2431.881276207516,60.440390367682745,26.1906610420435,ab,347,1,
13,58872.150034700055,ztfg,1027.5598271644453,29.754890623839845,26.1498463302594,ab,347,1,
14,58875.09166669985,ztfr,2155.013770011831,58.99275741758786,26.1575678224784,ab,347,1,
15,58875.12855320005,ztfg,887.5029005783657,30.294522632965236,26.1709285760429,ab,347,1,
16,58880.1328125,ztfg,590.7914462652388,47.77565077852718,26.1411737994406,ab,347,1,
17,58880.148310199846,ztfr,1637.3536560303648,43.35906116340129,26.1179309708006,ab,347,1,
18,58885.098993100226,ztfg,500.02433297818686,73.80947357083436,26.1198919148843,ab,347,1,
19,58885.12934029987,ztfr,1183.7405340695195,95.8849863067628,25.9811568397724,ab,347,1,
20,58896.10638889996,ztfr,784.4596751373388,83.42622285076598,26.110496831797,ab,347,1,
21,58896.111192100216,ztfr,784.7236855294005,44.44467786677413,26.0908910182098,ab,347,1,
22,58896.11599540012,ztfr,717.1402850944238,45.89283438803237,26.0687237756774,ab,347,1,
23,58896.12078699982,ztfr,811.7544374095354,50.99946063390006,26.0697008331869,ab,347,1,
