,time,band,flux,fluxerr,zp,zpsys,field,ccd,comment
0,58245.154108799994,ztfr,-8.799433664132987,22.504643835479374,26.0681053710103,ab,621,33,
1,58245.2261458002,ztfg,-18.722373364967655,16.4300620431443,26.0165230193888,ab,621,33,
2,58248.161909699906,ztfr,9.186155242707391,15.862634938609329,26.2583633346638,ab,621,33,
3,58248.20457179984,ztfg,3.083306721442506,13.929021338954394,26.2572265201299,ab,621,33,
4,58257.2276157001,ztfr,12.41515621314181,20.776899407502263,26.1713768536519,ab,621,33,
5,58262.18906249991,ztfr,-19.6283395925139,45.217838662847946,26.9856918260153,ab,621,33,
6,58263.21243060008,ztfr,446.27517907218305,80.471313022507,27.4359114803043,ab,621,33,
7,58266.23645830015,ztfr,886.8671701032472,38.85471997437449,26.1798149283734,ab,621,33,
8,58269.23538189987,ztfg,1991.054622081652,51.59771319156398,26.1805215403633,ab,621,33,
9,58274.22037040023,ztfg,4129.8241529788365,29.021774206662734,26.1690477072222,ab,621,33,
10,58277.20784719987,ztfg,4306.704800488654,31.144027182605576,26.0620636548114,ab,621,33,
11,58280.21858800016,ztfg,4590.231146664382,31.417317314247217,26.158312968444,ab,621,33,
12,58284.17343749991,ztfr,3372.506398298988,38.555475641038676,26.043630105727,ab,621,33,
13,58289.17913189996,ztfg,2438.3373616653994,35.70589195862813,26.1385045755652,ab,621,33,
14,58289.221874999814,ztfr,2510.8920284524174,46.688726124610056,26.129493679474,ab,621,33,
15,58293.17834489979,ztfg,1701.0008417395989,41.94582223516975,26.1929789154966,ab,621,33,
