,time,band,flux,fluxerr,zp,zpsys,field,ccd,comment
0,59152.491215299815,ztfr,1038.0326829934943,70.04825522294085,26.3426203240142,ab,715,40,
1,59152.54774310021,ztfg,447.72101839784085,62.26144648129968,26.3528222019292,ab,715,40,
2,59155.49084489979,ztfr,902.2127245962779,42.503125969829924,26.3521662398225,ab,715,40,
3,59155.51943290001,ztfg,351.69091098068486,47.49474201916692,26.3051502629131,ab,715,40,
4,59157.49790510023,ztfr,827.50155905117,47.71372293402628,26.341510720186,ab,715,40,
5,59157.52336810017,ztfg,380.5998533109096,52.805955593390934,26.3142729302089,ab,715,40,
6,59159.49584490014,ztfr,755.9584476008522,36.69544195961781,26.3196137993234,ab,715,40,
7,59164.48241900001,ztfi,305.6691914806212,26.70770883604693,25.8649450374935,ab,715,40,
8,59165.473784700036,ztfr,526.0331937126491,24.18544082207175,26.3467835143752,ab,715,40,
9,59165.51413189992,ztfg,235.17363258764186,17.09360126095649,26.3479231442459,ab,715,40,
10,59168.51479170006,ztfg,183.0551191620546,18.008143133802168,26.3561996674078,ab,715,40,
11,59168.53156250017,ztfr,493.09840151910026,27.215016144349068,26.4199338063805,ab,715,40,
12,59168.545567099936,ztfi,216.12734474594143,25.616592055932664,25.8655988400697,ab,715,40,
13,59170.49299769988,ztfg,185.75911575515758,18.534280713568425,26.3345728641922,ab,715,40,
14,59170.55348380003,ztfr,483.4430224961955,30.843582305388026,26.4340317720245,ab,715,40,
15,59173.47623840021,ztfg,118.44772955153367,21.798721832616007,25.694107893311,ab,715,40,
16,59173.52680560015,ztfr,221.26157663597115,20.36749834297939,25.7005016641129,ab,715,40,
17,59176.5076156999,ztfg,202.2702576287634,19.91732162622339,26.3443885512446,ab,715,40,
18,59176.55923609994,ztfr,438.5772358084846,46.99996223048206,26.4116056224419,ab,715,40,
