,time,band,flux,fluxerr,zp,zpsys,field,ccd,comment
0,58547.20378470002,ztfr,-33.51558095092274,25.872991110587083,26.179541609084,ab,367,28,
1,58547.31460649986,ztfg,-15.328353187870611,15.48630389845997,26.1922944545209,ab,367,28,
2,58556.27334489999,ztfr,50.529504803362634,36.48585994900737,26.1966402199692,ab,367,28,
3,58556.33883100003,ztfg,89.02178784024042,65.9055646211569,26.1835528499443,ab,367,28,
4,58559.25092589995,ztfr,885.1993899012563,44.29804399908341,26.203727539329,ab,367,28,
5,58559.31224540016,ztfg,721.9254697199078,64.51790206164983,26.2069139563769,ab,367,28,
6,58568.23098379979,ztfg,5621.702834596475,33.61581562289398,26.123631887319,ab,367,28,
7,58568.275254600216,ztfr,7011.350594994074,40.04604316420076,26.1838050941667,ab,367,28,
8,58573.25325229997,ztfr,8369.67444103115,47.95679321517337,26.1674446744789,ab,367,28,
9,58581.23111109994,ztfr,7095.3471159975215,41.84058136290982,26.1885020117974,ab,367,28,
10,58584.18777780002,ztfr,5581.825902173796,43.510880682300105,26.1642475819891,ab,367,28,
11,58587.209710599855,ztfg,3766.8577626277156,43.04734135213488,26.1568498955627,ab,367,28,
12,58587.253946799785,ztfr,4546.1307795954535,44.5158007849967,26.1202107278583,ab,367,28,
13,58592.170648099855,ztfg,1691.2357761850164,84.75506075966202,25.7964875545554,ab,367,28,
14,58592.270092600025,ztfr,4167.17988702154,71.24622196619362,26.1726028889155,ab,367,28,
15,58596.189421299845,ztfg,1775.3818721614064,30.718572578923865,26.194990545821,ab,367,28,
16,58599.18082180014,ztfg,909.5513122737927,21.371615088672804,25.7206038003066,ab,367,28,
17,58606.16844910011,ztfr,2481.4461109978156,30.714274796270956,26.1539776531464,ab,367,28,
18,58617.15247689979,ztfg,479.1746095736198,54.70273300002616,26.1064426211758,ab,367,28,
19,58617.24886569986,ztfr,1443.8862531247166,78.08831086820591,26.0788874264489,ab,367,28,
