,time,band,flux,fluxerr,zp,zpsys,field,ccd,comment
0,58353.37496529985,ztfr,-25.572441790076265,22.079372369069688,26.2173918206519,ab,1390,26,
1,58356.41413189983,ztfr,-36.43050084945291,52.531727527094,26.247482049339,ab,1390,26,
2,58362.386724499986,ztfr,487.36883001160766,26.88508766415234,26.2422511699936,ab,1390,26,
3,58363.392546299845,ztfg,680.3786999518454,29.704290063624967,26.1815231035941,ab,1390,26,
4,58384.39351850003,ztfg,1063.9419678872734,65.54483134401482,26.1854405721555,ab,1390,26,
5,58388.37153939996,ztfg,825.6127024624572,61.331392132782014,26.2652108616363,ab,1390,26,
6,58389.3329977002,ztfr,831.4453091365634,30.246549974253902,26.1968323067077,ab,1390,26,
7,58390.35275459988,ztfg,725.1612367426441,31.390907043638933,26.2393072762825,ab,1390,26,
8,58424.31791670015,ztfr,110.86876963549767,43.00572160696592,25.5544390962196,ab,1390,26,
