,time,band,flux,fluxerr,zp,zpsys,field,ccd,comment
0,58330.49098380003,ztfg,168.6355751422808,102.94637824125358,25.8266904419135,ab,745,39,
1,58333.49107640004,ztfr,849.9923787193378,39.13471499854879,26.1061212410789,ab,745,39,
2,58336.46768519981,ztfr,641.5119919447105,35.64478846668059,26.1776428032578,ab,745,39,
3,58336.493205999956,ztfg,343.34755694758485,47.66672487809542,26.102981779443,ab,745,39,
4,58342.48986109998,ztfr,555.7362339062549,32.9384384144005,26.0926603923096,ab,745,39,
5,58345.44812500011,ztfg,221.7605999480989,33.809972391425184,25.8266220128076,ab,745,39,
6,58345.49221060006,ztfr,504.415249285561,21.43129127357329,26.1350071122989,ab,745,39,
7,58348.44798609987,ztfr,462.13119881142586,22.840723914674108,26.0952018115097,ab,745,39,
8,58348.48850690015,ztfg,203.72505964461004,17.36075298157252,26.0455941499387,ab,745,39,
9,58351.47320599994,ztfg,205.09259149119828,18.801652037948188,26.0841057736794,ab,745,39,
10,58354.45079859998,ztfr,373.33843747679595,36.334412608641856,26.2011676428953,ab,745,39,
11,58354.51217589993,ztfr,378.4561339851699,29.75938625098298,26.2584496202016,ab,745,39,
