,time,band,flux,fluxerr,zp,zpsys,field,ccd,comment
0,58582.194513900205,ztfr,-1.111663764778112,15.06647951072252,25.9324544741282,ab,1708,14,
1,58584.173194400035,ztfr,25.355149592627022,23.96117176429898,26.2161951417866,ab,665,38,
2,58584.22430559993,ztfg,0.7835305366642776,24.83175988858855,26.1849437612788,ab,665,38,
3,58588.150856500026,ztfr,-30.980698419031,76.7149831764145,25.7696254961801,ab,665,38,
4,58588.19221059978,ztfg,-2.6119660665429807,79.23962714354488,24.9247810691635,ab,665,38,
5,58589.227870400064,ztfr,-89.15937940910551,48.89089233911828,25.6904949206502,ab,1708,14,
6,58591.13922449993,ztfr,-22.640907029115194,31.09122604851508,26.1990196316127,ab,665,38,
7,58591.15305559989,ztfg,29.003083201269046,36.6936929487288,26.1689035670455,ab,665,38,
8,58593.327974500135,ztfr,-2.8910505523501127,58.35935016054911,25.8627011291378,ab,1708,14,
9,58594.17171300016,ztfg,34.63807365185245,19.877434863506544,26.2233258583144,ab,665,38,
10,58598.22681709984,ztfg,-0.39876460356262555,10.932006887735046,26.1214918068218,ab,665,38,
11,58601.26217589993,ztfr,21.466250741613884,18.332880181761105,26.1739076954566,ab,665,38,
12,58605.22810189985,ztfg,314.7205324721009,15.339956304738832,26.1099616457242,ab,665,38,
13,58608.19215280004,ztfg,562.2178850113214,17.092349303920717,26.126157297428,ab,665,38,
14,58617.22854170017,ztfr,723.1352446769266,33.531062516310335,26.1113711579823,ab,665,38,
15,58618.271863400005,ztfr,483.61465253173367,46.77209002479709,25.7213081925402,ab,1708,14,
16,58650.17329860013,ztfr,125.75410105112653,87.52847526230133,25.5709141658026,ab,665,38,
17,58650.17629629979,ztfr,304.67124554662865,52.05019597596971,26.0600706509718,ab,665,38,
18,58650.1793056,ztfr,291.56826541270647,48.71025465435754,26.0568917296793,ab,665,38,
19,58650.18230320001,ztfr,255.24281727635852,49.226401179650885,26.0386959839847,ab,665,38,
20,58653.172395799775,ztfr,250.21267423151136,59.5901752362844,25.990100321578,ab,665,38,
21,58653.17613429995,ztfr,157.41493956584947,49.018496477023135,25.9657071544368,ab,665,38,
22,58653.17987270001,ztfr,160.60551005507733,46.87167435987975,25.9465127447578,ab,665,38,
23,58653.18319439981,ztfr,122.89741327923463,45.587543783136375,25.9359662722021,ab,665,38,
