,time,band,flux,fluxerr,zp,zpsys,field,ccd,comment
0,59069.15656250017,ztfr,2636.2012896191404,46.589755407504875,26.1928873450304,ab,1573,7,
1,59069.22660879977,ztfr,2225.2806177305292,48.71977697133044,26.0285972340435,ab,1573,7,
2,59070.152013900224,ztfr,2449.7458899487633,41.0844542989669,26.2067193967438,ab,1573,7,
3,59070.22591440007,ztfr,2018.8828025612713,50.72854026023186,25.9974051048752,ab,1573,7,
