,time,band,flux,fluxerr,zp,zpsys,field,ccd,comment
0,59176.36376160011,ztfg,-1.6521112222191003,14.533217424687304,26.3333294380347,ab,857,43,
1,59176.410497699864,ztfr,-22.64797952020861,24.16757115157639,26.3755075255154,ab,857,43,
2,59179.3256019,ztfr,-6.819764987647581,41.973756073103246,26.3948695966537,ab,857,43,
3,59179.45313660009,ztfg,-34.611655960275236,38.96985198087667,26.3542469013796,ab,857,43,
4,59181.235671299975,ztfg,-19.316110984023876,76.2258559320566,26.3426807851188,ab,857,43,
5,59181.29737270018,ztfr,15.352169375231973,67.42262233706803,26.3994391107733,ab,857,43,
6,59183.219502300024,ztfg,72.72880842960089,115.82672795990786,26.2269469806938,ab,857,43,
7,59185.34572920017,ztfr,51.62612112523442,42.879971177718495,26.3880612227616,ab,857,43,
8,59185.405497699976,ztfg,31.800750878780796,60.89025503909284,26.3487944935966,ab,857,43,
9,59187.13907410018,ztfg,54.17938445622685,40.74293122389362,26.312555687901,ab,857,43,
10,59187.434479199816,ztfr,-227.72302631164783,121.0790291637994,26.3850973359333,ab,857,43,
11,59189.24424770009,ztfr,-0.15954135928579483,24.2001155009518,26.3955586336576,ab,857,43,
12,59189.3042708002,ztfg,12.786498094854913,28.93591954309698,26.3800675172028,ab,857,43,
13,59192.30086810002,ztfg,111.92282352481128,46.45860083353238,25.8017886634409,ab,857,43,
14,59194.27723379992,ztfg,414.9946306577333,33.08001512064856,26.359735637296,ab,857,43,
15,59194.37002310017,ztfr,282.822509789999,41.85390421767237,26.123850120942,ab,857,43,
16,59196.303738399874,ztfr,845.7520834536463,48.87484647282741,26.3785966789963,ab,857,43,
17,59196.32410879992,ztfg,772.2818271632707,44.70807708194663,26.1687711521862,ab,857,43,
18,59198.26480320003,ztfr,1265.3129967862185,44.93110969611398,26.3996617975137,ab,857,43,
19,59198.36662039999,ztfg,1438.8654708056304,31.12413244230264,26.3620531945755,ab,857,43,
20,59200.17952550016,ztfg,795.9232965549284,24.845748689544592,25.3806842952718,ab,857,43,
21,59200.26160879992,ztfr,1769.7366709944197,27.013585157292873,26.3650556263927,ab,857,43,
22,59203.24273149995,ztfr,2391.534950863831,40.61653806737781,26.3828544322122,ab,857,43,
23,59205.17651619995,ztfr,2693.4643501682576,32.376231477661676,26.3766800283604,ab,857,43,
24,59205.286597200204,ztfg,3078.3658015963842,31.624589958541343,26.3582903300285,ab,857,43,
25,59207.285173600074,ztfr,339.9328842527045,192.69129737788472,23.0392707553544,ab,857,43,
