,time,band,flux,fluxerr,zp,zpsys,field,ccd,comment
0,58245.15765050007,ztfr,-11.975265935135248,18.907436310027958,26.1990066261985,ab,711,37,
1,58245.21354170004,ztfg,-21.769677267579986,22.983100441104963,25.6809465484001,ab,711,37,
2,58246.285416699946,ztfi,-6.756889554858788,21.718556760894305,25.6395024163083,ab,711,37,
3,58248.16616899986,ztfr,2.035701509186952,17.733241497477135,26.209395332047,ab,711,37,
4,58248.17709490005,ztfg,17.721822917128456,11.608264400257692,26.259343239399,ab,711,37,
5,58259.17233800003,ztfg,-35.57668971545961,36.41889540428467,23.4207224754663,ab,711,37,
6,58261.26813660003,ztfi,31.471566593791948,27.095955213821455,25.5686885083813,ab,711,37,
7,58263.200000000186,ztfr,274.0543294657282,62.97624125311235,27.3905025971015,ab,711,37,
8,58266.21873839991,ztfi,125.95770597760108,27.55636380495846,25.6260622809796,ab,711,37,
9,58267.16872690013,ztfg,282.8269760340182,44.986952743345014,26.1596662694205,ab,711,37,
10,58267.169675900135,ztfg,229.54456594288303,45.86580804177213,26.1610588189738,ab,711,37,
11,58268.17269679997,ztfg,289.7642944972381,56.59224722467242,26.1812493918823,ab,711,37,
12,58269.23725689994,ztfg,307.972123251254,58.73504773810808,26.1411537516673,ab,711,37,
13,58270.2548727002,ztfg,316.7719078593128,46.584720737601856,25.9746029707117,ab,711,37,
14,58270.25578700006,ztfg,247.7960495714685,48.79345118586405,25.9859683247957,ab,711,37,
15,58271.182708300184,ztfr,386.9752618904985,24.03680649413877,26.1544641462789,ab,711,37,
16,58274.21608800022,ztfg,531.9793834628572,16.683669040784093,26.156876519493,ab,711,37,
17,58277.2027431,ztfg,554.4830430486236,18.845032059966204,26.0364946049165,ab,711,37,
18,58289.18055560021,ztfg,398.7705880663359,30.14983797726577,26.1063657254001,ab,711,37,
19,58289.22281249985,ztfr,448.6124297529329,33.33463240237815,26.0674372840238,ab,711,37,
