,time,band,flux,fluxerr,zp,zpsys,field,ccd,comment
0,58654.41047450015,ztfr,521.8170818962031,38.90448415403666,26.1922822538437,ab,1770,20,
1,58654.41091440013,ztfr,547.696011431179,39.41796789482003,26.197184320744,ab,1770,20,
2,58655.38464119984,ztfr,548.4519805742865,63.5641772635646,26.234292840657,ab,1770,20,
3,58655.38509259978,ztfr,458.0022213904115,55.68059782538002,26.2370533113008,ab,1770,20,
4,58662.4808565001,ztfr,352.36755357800797,25.98478702267871,26.2458996465846,ab,1770,20,
5,58662.481307900045,ztfr,371.92149490526776,26.743867563859407,26.2498130210684,ab,1770,20,
6,58672.48621529993,ztfr,211.97434766907287,23.21064447104247,26.2337834754236,ab,1770,20,
7,58672.48666669987,ztfr,219.09174391543505,24.381332499859468,26.2309638701776,ab,1770,20,
