,time,band,flux,fluxerr,zp,zpsys,field,ccd,comment
0,58249.485127300024,ztfr,1333.55031365629,107.80201056504276,26.0783221871202,ab,337,7,
1,58256.41863430012,ztfr,966.2343102385889,44.20363526127937,26.0460599641104,ab,337,7,
2,58259.42072919989,ztfg,262.2693875664663,17.469403872478143,25.0251079935701,ab,337,7,
3,58259.459838000126,ztfr,670.7979597787122,24.264061904036247,25.8008593513746,ab,337,7,
4,58263.377071800176,ztfr,801.324846669494,91.31736071131208,26.0306319884005,ab,337,7,
5,58263.4593055998,ztfg,499.0454920082617,27.103877389040612,26.1344494067609,ab,337,7,
6,58267.395671300124,ztfr,173.2571911315506,203.1666761304322,24.9264869994119,ab,337,7,
7,58267.48082179995,ztfg,314.8822877924789,111.05503102335474,26.1486456852951,ab,337,7,
8,58270.41755789984,ztfr,772.6848578137727,164.21336369167787,26.0435553950826,ab,337,7,
9,58270.439571800176,ztfg,112.95959550227053,165.82026769674928,26.0756164658351,ab,337,7,
10,58274.334062499925,ztfr,633.8699753821217,70.65650919581937,26.0088597316411,ab,337,7,
11,58274.418252300005,ztfg,308.0466913430978,41.813845527283114,26.1584970413919,ab,337,7,
12,58277.41809030017,ztfr,574.7228479059488,28.397657613323148,26.0535944341291,ab,337,7,
13,58277.44048610004,ztfg,197.22148420124375,28.216546684438324,26.0633267192201,ab,337,7,
14,58280.37466439977,ztfr,539.5622123655113,21.296140296737455,26.1061637703959,ab,337,7,
15,58280.41785879992,ztfg,117.3793152355657,16.944832153899647,26.1468274614251,ab,337,7,
16,58283.37937500002,ztfr,430.15672614180687,25.60981959973101,26.1331845587024,ab,337,7,
17,58283.41774309985,ztfg,138.54884549923457,17.949008617412364,26.15102710809,ab,337,7,
18,58286.41842589993,ztfg,119.90609316816486,19.96800899670738,26.1965707719265,ab,337,7,
19,58286.46149310004,ztfr,402.4722539571751,27.382536695129637,26.1424814632341,ab,337,7,
20,58289.41692129988,ztfg,107.2580272585575,35.94955588773917,26.1679698367716,ab,337,7,
21,58292.3333101999,ztfr,270.1126704833673,34.039206684509026,26.1038012418452,ab,337,7,
