,time,band,flux,fluxerr,zp,zpsys,field,ccd,comment
0,59181.38663189998,ztfr,765.2355203128137,99.43830631189061,26.1748004348825,ab,1850,1,
1,59181.38709490001,ztfr,582.1481535071558,86.16082144123887,26.1769945766638,ab,1850,1,
2,59182.41288190009,ztfr,767.5421535429942,35.42162676944743,26.199756114224,ab,1850,1,
3,59182.41335650021,ztfr,772.0371660607559,36.078269663102176,26.1924293239536,ab,1850,1,
4,59183.489768499974,ztfr,168.27413464686012,176.7915298155047,24.2756532674959,ab,1850,1,
5,59183.490243100096,ztfr,326.9730033306121,163.00345599158115,24.1474723564623,ab,1850,1,
