,time,band,flux,fluxerr,zp,zpsys,field,ccd,comment
0,59034.350868099835,ztfr,21.342585270889327,31.408221539351423,26.3000333747977,ab,1831,25,
1,59038.39443290001,ztfr,-28.740440722181532,35.80576804117386,26.3023074955134,ab,1831,25,
2,59061.27725689998,ztfr,1210.5964227426957,26.203044285041724,26.3518897547454,ab,1831,25,
3,59063.318460599985,ztfr,1578.3707048171798,43.57571295366361,26.3463159181112,ab,1831,25,
4,59064.33656249987,ztfr,1762.3328768090169,71.92947121138029,26.3198701611966,ab,1831,25,
5,59065.35671300022,ztfr,1779.6693950835331,56.3693145293483,26.283653099064,ab,1831,25,
6,59087.14408560004,ztfr,1045.9342249290064,25.792184678845377,26.2358346801039,ab,1831,25,
7,59087.14456020016,ztfr,1113.083197244423,25.531897641591108,26.2402133248391,ab,1831,25,
