,time,band,flux,fluxerr,zp,zpsys,field,ccd,comment
0,59189.538067100104,ztfi,162.4661233162359,23.18262296041794,25.5026141197695,ab,846,7,
1,59193.52895830013,ztfr,454.941774496245,25.11559426565841,26.1825364078316,ab,846,7,
2,59193.5472569,ztfg,460.8280792118707,29.033585961073488,26.2769920212757,ab,846,7,
3,59202.5078125,ztfg,207.6355435899114,29.49643283318315,26.2552583814525,ab,846,7,
4,59202.532569400035,ztfr,357.24591539251423,51.35513406868367,26.2031443053607,ab,846,7,
5,59204.493981500156,ztfi,94.77111764284206,19.545132111400722,25.5414553061607,ab,846,7,
6,59204.51321760006,ztfr,281.6228969017307,21.52836116434997,26.2025966211819,ab,846,7,
