,time,band,flux,fluxerr,zp,zpsys,field,ccd,comment
0,58428.250995399896,ztfr,-76.02811776785835,34.863108454870954,26.0833402782033,ab,248,7,
1,58428.293553200085,ztfg,28.19496957357438,25.91012958277829,26.1210989733456,ab,248,7,
2,58431.231030100025,ztfg,76.10918189520952,132.2067868596177,26.0505593866117,ab,248,7,
3,58431.27253470011,ztfr,36.221089293144544,257.0743300803824,26.0625717926745,ab,248,7,
4,58434.29388889996,ztfr,58.39921685208257,101.8796246026678,26.0776433509484,ab,248,7,
5,58437.22987269983,ztfg,63.07867402978376,50.463346874285776,26.1248651378294,ab,248,7,
6,58437.27174769994,ztfr,-17.34777367620576,67.77766715077203,26.1051415526267,ab,248,7,
7,58448.26935190009,ztfr,145.47452998446317,52.06330937453944,26.025751386396,ab,248,7,
8,58451.251921299845,ztfg,239.44802020457382,21.770184274245455,25.3976721108562,ab,248,7,
9,58457.1764814998,ztfr,961.538274917073,62.3511591057682,26.1029831773646,ab,248,7,
10,58457.27265049983,ztfg,1286.1241117980683,87.49881879730196,26.0370977584064,ab,248,7,
11,58469.146516200155,ztfg,1555.593992827558,57.540169308066474,26.0635581210586,ab,248,7,
12,58469.14743060013,ztfg,1706.078313451223,57.657411162261184,26.1138005023158,ab,248,7,
13,58471.174085599836,ztfr,951.1842562909901,106.24504895704544,25.9746485453899,ab,248,7,
14,58472.12451389991,ztfr,1257.1935362719125,47.141613893899816,26.1214064050597,ab,248,7,
15,58472.18684029998,ztfg,1452.0262447848909,73.75330895439203,26.1430903273278,ab,248,7,
16,58472.18775459984,ztfg,1435.2924638544293,63.86525731634215,26.1290489110309,ab,248,7,
17,58474.12542819977,ztfg,1452.7444316232186,75.3009867733332,26.1592935808404,ab,248,7,
18,58474.16329859989,ztfr,1160.255903279431,54.588084121320776,26.0982618317738,ab,248,7,
19,58482.1504861,ztfg,696.4431360178456,102.78562075454163,26.1321395374101,ab,248,7,
20,58488.146794000175,ztfg,112.52209660666902,32.24483175281978,23.4060684681955,ab,248,7,
21,58491.146794000175,ztfg,277.5790377720181,52.77013776367754,26.0647803624488,ab,248,7,
22,58492.14285880001,ztfr,-104.597375438397,80.96681952505729,23.1376967630684,ab,248,7,
23,58493.101331000216,ztfr,511.8437604126814,42.60305959884292,25.8888545941728,ab,248,7,
24,58493.14778940007,ztfg,185.33929308752613,37.03987619115877,26.0539140119205,ab,248,7,
