,time,band,flux,fluxerr,zp,zpsys,field,ccd,comment
0,58979.43890050007,ztfg,6.317170074134804,55.498720674841614,25.9780263163608,ab,494,29,
1,58979.49002309982,ztfr,8.548260701197087,33.04819036224334,26.1740878728423,ab,494,29,
2,58993.48032409977,ztfr,866.9922801931136,30.118912709441886,26.2460364509928,ab,494,29,
3,58997.40490739979,ztfg,833.7337266483058,18.748625488964354,26.1613740628743,ab,494,29,
4,59018.46186339995,ztfr,497.3704901037384,15.716368851681272,26.3013170047067,ab,494,29,
5,59022.384988400154,ztfg,183.27420808601013,16.702138885148514,26.2856753175871,ab,494,29,
6,59022.47893519979,ztfr,464.7802231503993,23.74441244638047,26.3202682922023,ab,494,29,
7,59025.33603010001,ztfg,106.77873917315529,15.585821577175675,26.2077203671599,ab,494,29,
8,59030.377419000026,ztfg,56.42502283114774,22.733027473327727,26.2051123560534,ab,494,29,
9,59030.46123840008,ztfr,280.04948665825805,31.480157984986416,26.2172151796046,ab,494,29,
10,59033.3745833002,ztfr,258.45739129085234,31.040703794131748,26.2644293616484,ab,494,29,
11,59033.44293980021,ztfg,6.015831448558828,38.35467473303603,26.3023696744888,ab,494,29,
12,59036.37642360013,ztfr,176.01724028989565,50.40216450666765,26.2661473702296,ab,494,29,
13,59036.46101849992,ztfg,123.26110325520872,48.17583779303706,26.3118573797549,ab,494,29,
14,59039.349710599985,ztfg,120.94675698839382,51.21362394094174,26.2787752940396,ab,494,29,
15,59039.45877309982,ztfr,190.8387861630588,43.60395909465432,26.2772858817262,ab,494,29,
16,59042.35636569979,ztfg,47.48143772745391,26.034035834756203,26.22892220247,ab,494,29,
17,59042.38961810013,ztfr,166.6940470004047,24.741153607304476,26.2459911848172,ab,494,29,
18,59045.356527800206,ztfr,174.46614294745976,17.943858849739037,26.3054091758211,ab,494,29,
19,59045.44296299992,ztfg,98.42930115049374,16.241552527967983,26.3539233181394,ab,494,29,
20,59048.40210650023,ztfr,134.66463490610343,14.081241793348822,26.3167699640367,ab,494,29,
21,59048.44129629992,ztfg,62.57289091804596,12.981608640510432,26.360774365818,ab,494,29,
