,time,band,flux,fluxerr,zp,zpsys,field,ccd,comment
0,58569.51295140013,ztfr,-30.661108033035013,55.4619244232637,22.087412347579,ab,688,21,
1,58569.5286226999,ztfg,25.741308269991585,71.36613903715397,22.88115551516,ab,688,21,
2,58574.48870369978,ztfr,51.71791557574049,39.31487308097138,24.8638172058017,ab,688,21,
3,58574.51373839984,ztfg,-15.926611640791494,28.638813630931597,24.1898125690033,ab,688,21,
4,58582.467175900005,ztfr,-16.940252889969834,28.90941651251011,26.1893511429262,ab,688,21,
5,58588.423101900145,ztfr,305.73877285538646,50.36681202800472,26.1407410711443,ab,688,21,
6,58591.475763900205,ztfr,819.2529051103508,58.58556756665851,26.1450583486938,ab,688,21,
7,58597.45179399988,ztfr,1896.1077419175797,39.89443407144804,26.1952401339004,ab,688,21,
8,58607.48811340006,ztfr,1765.6976837810832,25.701007088434697,26.2174589082556,ab,688,21,
9,58616.42625000002,ztfr,1038.2805024484123,20.227229812997564,26.1566756260051,ab,688,21,
10,58619.42130789999,ztfr,368.14629490983157,106.76564630475724,24.8063157806196,ab,688,21,
11,58628.40793980006,ztfr,685.2747424543204,29.777757290188877,26.1755751888184,ab,688,21,
12,58628.46613429999,ztfg,183.1801462208381,32.80753018341927,26.1614871768455,ab,688,21,
13,58633.42626160011,ztfr,499.10863888874326,19.715393594747102,26.1894575054959,ab,688,21,
14,58633.44585649995,ztfg,123.72025081783625,17.258506481370866,26.1565962574923,ab,688,21,
15,58634.48239579983,ztfg,161.4503543750918,36.24963950437408,26.1862544567379,ab,688,21,
16,58636.430081000086,ztfr,387.41975270671117,16.60670586012772,26.1948396113018,ab,688,21,
17,58636.43945599999,ztfg,140.07527660588238,13.40666330372852,26.1966833860726,ab,688,21,
18,58639.40856479993,ztfr,348.5580158621685,21.04911606700143,26.2210536285564,ab,688,21,
19,58639.44221059978,ztfg,107.75200019169404,14.190974760248192,26.2007278521246,ab,688,21,
20,58642.4309605998,ztfg,117.6337269846819,14.751892561268216,26.2479636481153,ab,688,21,
21,58642.44494209997,ztfr,342.8990233765859,19.70291702617811,26.2606773277203,ab,688,21,
22,58645.42471060017,ztfg,107.14206296568237,16.04475849877898,26.1826946193252,ab,688,21,
23,58648.446411999874,ztfg,127.54416976722541,24.413791258653834,26.220985221112,ab,688,21,
24,58651.426041699946,ztfr,239.91786986124484,50.620081310081,26.2293769130858,ab,688,21,
