,time,band,flux,fluxerr,zp,zpsys,field,ccd,comment
0,58711.15532410005,ztfg,-5.5639106509531855,46.7210203597919,26.2612058082043,ab,758,7,
1,58711.24534719996,ztfg,30.157493346172558,45.08038419444137,26.062394032426,ab,758,7,
2,58712.21987270005,ztfi,60.27596200982033,24.027527440524672,25.4391977156083,ab,758,7,
3,58712.24153940007,ztfr,106.34286292112664,44.5106646873751,26.0485852102008,ab,758,7,
4,58715.159814800136,ztfg,-4.879637556419907,13.100650563214108,26.1706571677273,ab,758,7,
5,58718.16050929995,ztfg,-0.7322438241319307,15.024347588174962,26.1294140669351,ab,758,7,
6,58723.157627299894,ztfg,16.671645830178083,17.53700218588677,26.0873134011177,ab,758,7,
7,58726.15834489977,ztfg,9.093481836420624,15.695356599396693,26.0768529791989,ab,758,7,
8,58728.13614579989,ztfg,-10.400519484508063,22.197485836501006,26.0529306715162,ab,758,7,
9,58728.19506940013,ztfr,-8.268541203684206,20.726438967511857,25.9182860896983,ab,758,7,
10,58729.13979170006,ztfg,-4.394413819274233,19.610387698521354,26.0078009134992,ab,758,7,
11,58734.129247699864,ztfr,91.23451179221308,51.436473301355754,26.0722337946519,ab,758,7,
12,58734.17554400023,ztfg,71.988698317323,37.13412781971626,26.0346381041943,ab,758,7,
13,58737.17932870006,ztfr,250.30019442374285,57.0673746038298,25.9631440455406,ab,758,7,
14,58749.12043979997,ztfr,498.9421162672689,28.843965987857136,25.9591239303106,ab,758,7,
15,58749.13658560021,ztfg,576.7844366110176,22.179871691902186,25.9336433764455,ab,758,7,
16,58761.103425899986,ztfg,288.4170861131056,35.68754147829316,26.0140806973011,ab,758,7,
17,58761.11217590002,ztfr,396.36869041926644,34.266814142995,25.975424547152,ab,758,7,
