,time,band,flux,fluxerr,zp,zpsys,field,ccd,comment
0,58776.52070599981,ztfr,32.29154823613638,48.46289875545028,26.1106048720146,ab,364,39,
1,58779.51906249998,ztfg,161.02418360365766,31.78264909037276,26.0407706409714,ab,364,39,
2,58786.5010879999,ztfg,1050.1438427282444,66.5893688713087,25.7153869982673,ab,364,39,
3,58786.5452430998,ztfr,178.95320862704162,81.53179814434095,24.4121137552611,ab,364,39,
4,58789.50322919991,ztfg,1929.5251698121517,33.554444558563766,26.0326455806186,ab,364,39,
5,58794.529895800166,ztfr,2331.504906585469,31.11767802843302,26.1206288999849,ab,364,39,
6,58794.543576399796,ztfg,2594.465945642826,30.00849486986149,26.099617880589,ab,364,39,
7,58799.481608800124,ztfr,2523.378567703514,52.18637591634868,26.1258976151518,ab,364,39,
8,58803.43278940022,ztfr,2071.6562328036816,47.7436135752974,26.0669408444372,ab,364,39,
9,58806.46788189979,ztfg,1811.9631519987931,54.42605852811062,26.0627857711399,ab,364,39,
10,58806.54030090012,ztfr,1834.4348122131717,40.49464726019251,26.1243420240276,ab,364,39,
11,58812.42160880007,ztfg,1043.5542609894353,27.92897317414804,26.0017259705595,ab,364,39,
12,58812.54712959984,ztfr,1385.18408027468,35.5597003312392,26.147562860902,ab,364,39,
13,58828.43285880005,ztfr,1229.6864158430021,50.48619064843047,26.2823428637544,ab,364,39,
14,58831.44047449995,ztfr,1097.3263916781352,91.7815314562811,26.2933806442083,ab,364,39,
15,58835.46075229999,ztfr,575.8116275755575,99.02175378918957,26.2792409474232,ab,364,39,
16,58835.50324069988,ztfg,296.39998159814394,92.72934403555963,26.2626297860145,ab,364,39,
17,58838.47692129994,ztfg,45.993548533010824,38.858323144269164,24.4882784993742,ab,364,39,
18,58838.50519679999,ztfr,402.81014020104425,43.561740084307786,25.5677622904642,ab,364,39,
