,time,band,flux,fluxerr,zp,zpsys,field,ccd,comment
0,58468.542118099984,ztfr,-3.2856706303287164,19.27981686731905,26.0701822717526,ab,1569,48,
1,58476.446030099876,ztfr,70.85227914673432,27.13490268210902,25.9869771351485,ab,1620,14,
2,58476.46489580022,ztfr,42.58617225054695,28.687601784910846,26.0475780299663,ab,1569,48,
3,58481.50690970011,ztfr,310.21031996097474,26.95654976836134,26.0161142294934,ab,1569,48,
4,58481.50831020018,ztfr,273.18729680384695,23.984180028352384,25.9995627201331,ab,1620,14,
5,58482.50348380022,ztfg,553.9850965633347,21.829778269747646,26.1187670516939,ab,1620,14,
6,58482.519490700215,ztfg,375.2073442785734,28.931905188343308,25.7693609451762,ab,1569,48,
7,58492.44855319988,ztfr,225.20894685569462,21.66572913743953,24.385059290028,ab,1569,48,
8,58492.45085649984,ztfr,310.61777613044535,17.244756680260732,24.6878867687632,ab,1620,14,
9,58493.442847200204,ztfr,1047.7130592825692,20.312300134520427,26.0576281547745,ab,1569,48,
10,58493.465462999884,ztfr,973.200304366604,17.59062223581885,26.0032247289564,ab,1620,14,
11,58493.55409719981,ztfg,1361.3502508873844,16.969198194523294,26.1021659172746,ab,1620,14,
12,58493.55504629994,ztfg,1393.180079687758,17.686459938027863,26.1435281518739,ab,1569,48,
13,58506.514953699894,ztfg,801.4419233311668,107.35361562555012,26.1383885833174,ab,1620,14,
14,58508.47609949997,ztfr,752.4619414549823,74.48084894213486,26.0266985463609,ab,1620,14,
15,58511.47228009999,ztfg,511.1393614353547,17.899130548694668,26.0837457302694,ab,1620,14,
16,58513.424351899885,ztfr,552.3101379191097,15.5593258512812,26.0044622603908,ab,1569,48,
17,58513.426643500105,ztfr,357.4132252260702,11.575094149399666,25.4984198031022,ab,1620,14,
18,58522.415960600134,ztfg,247.83911812163925,30.02231525068172,26.3353565379742,ab,1569,48,
19,58540.2647338002,ztfr,209.18887444012356,19.761864127234837,25.9903307955766,ab,1569,48,
20,58540.28309029993,ztfr,124.44676270099899,21.481188323472157,25.4050505868304,ab,1620,14,
21,58540.41119210003,ztfg,95.79423836553134,17.46123640783028,26.1052036732275,ab,1620,14,
22,58540.41165510006,ztfg,97.27355228129088,19.75405853675015,26.1248727384624,ab,1569,48,
