,time,band,flux,fluxerr,zp,zpsys,field,ccd,comment
0,58599.21050930023,ztfg,-7.029926990761584,11.650267602708954,25.8432647635252,ab,472,9,
1,58605.23112270003,ztfg,-11.294796119130993,10.793188363559338,26.2002994020093,ab,472,9,
2,58608.212754600216,ztfr,0.15394756714392108,14.911051877455222,26.1011957137819,ab,472,9,
3,58608.274733799975,ztfg,14.368952259112069,15.884319309361755,26.1498465326979,ab,472,9,
4,58612.170080999844,ztfg,-14.749685110256308,10.208847847917337,26.1698668387492,ab,472,9,
5,58612.18976850016,ztfr,5.6638734211776285,13.959765921523134,26.0796203509986,ab,472,9,
6,58619.154652799945,ztfr,532.2764069062404,289.5775852900792,25.2718207359068,ab,472,9,
7,58619.2321295999,ztfg,155.22085385926616,104.16161620096965,25.9615285352084,ab,472,9,
8,58632.17596059991,ztfr,490.9815572395996,24.735721332732325,26.0762007815574,ab,472,9,
9,58633.167673599906,ztfr,552.6456078294206,19.914641704663296,26.0891741482483,ab,472,9,
10,58633.229606499895,ztfg,542.4472934822894,17.09676176840489,26.1258014723468,ab,472,9,
11,58634.18731479999,ztfr,515.728572876876,15.194124565031467,26.0701636233868,ab,472,9,
12,58634.18978009978,ztfg,573.1015523458531,28.857091744950615,26.2212266117356,ab,472,9,
13,58634.1907060002,ztfg,582.3822113771572,19.093586439064172,26.1885727841462,ab,472,9,
14,58637.182256899774,ztfr,528.4861384027333,15.962400108016563,26.0756752985765,ab,472,9,
15,58637.21402780013,ztfg,523.3480211424842,16.59503344045377,26.1134051648726,ab,472,9,
16,58640.19651619997,ztfg,450.1926723581757,16.14518444192709,26.1134925011815,ab,472,9,
17,58640.21328700008,ztfr,496.08820281118176,19.272796622737076,26.0517562864203,ab,472,9,
18,58643.16908559995,ztfg,411.5004135980322,40.670369123880796,26.1997824622664,ab,472,9,
19,58643.23895830009,ztfr,452.6654702563091,33.933122226633564,26.0803218410446,ab,472,9,
20,58647.237141199876,ztfr,379.33322877646964,52.10721020468364,26.0586764039451,ab,472,9,
21,58650.248900500126,ztfr,212.90235968385758,48.374854240901186,25.9883155830779,ab,472,9,
22,58654.1735069002,ztfr,254.52006950425033,30.110311934045235,26.0680187139717,ab,472,9,
23,58654.2327083,ztfg,160.57970288926063,47.80496637610208,25.9522186715349,ab,472,9,
24,58662.17600690015,ztfr,173.70655227715167,35.16897676794459,26.0695682668583,ab,472,9,
25,58662.19790509995,ztfg,50.06519844386662,22.444786677656825,26.0947961613747,ab,472,9,
26,58669.17421300011,ztfr,120.99427505226635,44.55888959369872,26.0445615091812,ab,472,9,
