,time,band,flux,fluxerr,zp,zpsys,field,ccd,comment
0,58270.4655439998,ztfg,1152.4618734086969,69.11812163425313,25.9749847601008,ab,498,13,
1,58275.45310189994,ztfg,818.0390394221573,43.14907383571858,26.0938863271159,ab,498,13,
2,58279.47075230023,ztfg,630.8172060241296,31.707233151922967,26.1222380685909,ab,498,13,
3,58282.4207870001,ztfg,383.3647556708296,18.01287610500357,25.7804340201283,ab,498,13,
4,58282.478090300225,ztfr,833.3083663952871,28.09709580153148,25.496274874652,ab,498,13,
5,58285.443437499925,ztfg,448.1565444132045,15.606740093634318,26.1477832575214,ab,498,13,
6,58288.42343749991,ztfg,440.35798460834144,37.9781371687109,26.0816236833744,ab,498,13,
7,58288.463090300094,ztfr,1016.0429696970599,51.85390157168172,26.0709837929503,ab,498,13,
8,58291.44418979995,ztfg,369.7542675620638,15.605928401087986,26.1578006546322,ab,498,13,
9,58291.464780100156,ztfr,898.9709478488074,21.481375377560585,26.0910799120696,ab,498,13,
10,58294.38049770007,ztfg,256.60123967191873,55.377041414727685,25.9867811233761,ab,498,13,
11,58297.422395799775,ztfr,685.3773219749203,44.50518397622732,26.0557474167782,ab,498,13,
12,58297.460138900205,ztfg,358.7870301446191,70.41852982958997,26.1506359335072,ab,498,13,
13,58300.4362269002,ztfr,632.6963005099179,32.812377798137895,26.0425322496242,ab,498,13,
14,58300.46045139991,ztfg,329.6673418394167,41.91780594641209,26.1473506251956,ab,498,13,
