,time,band,flux,fluxerr,zp,zpsys,field,ccd,comment
0,58723.485324100126,ztfg,257.47352247259056,14.976271433968792,26.0448860521834,ab,783,47,
1,58723.50722219981,ztfr,726.7827924305527,24.552684162296757,26.1001033014387,ab,783,47,
2,58726.48611109983,ztfg,239.37047491687946,18.896872419010148,26.0813339660818,ab,783,47,
3,58726.50887730019,ztfr,657.4518927299965,24.497985407883334,26.1284780093899,ab,783,47,
4,58732.44792820001,ztfg,88.7861316151521,24.94799482383027,25.7730349188712,ab,783,47,
5,58732.509687500075,ztfr,467.6383277641502,20.865653274783643,26.0976418062922,ab,783,47,
6,58735.47194440011,ztfg,194.95474937809718,18.131713730101843,26.1038589498649,ab,783,47,
7,58735.514675899874,ztfr,407.47287168344354,28.505050305932958,26.1545391553334,ab,783,47,
8,58738.475567100104,ztfg,215.58312261139085,38.414907329316456,26.1106962442244,ab,783,47,
9,58740.50841439981,ztfr,354.42359933723503,32.7881476172875,26.0005896736299,ab,1818,15,
10,58740.5088657001,ztfr,316.6229343388955,31.408407048867165,26.001480068494,ab,1818,15,
11,58741.46730320016,ztfr,347.6547984040165,36.40560880141006,26.0882532517955,ab,783,47,
12,58741.50978010008,ztfg,52.18087586758507,46.336107952681196,26.1071372317604,ab,783,47,
13,58744.472314800136,ztfr,390.17088524181264,51.9274998678978,26.1357679501437,ab,783,47,
14,58744.50483800005,ztfg,134.12010851604188,43.23188700893169,26.1611418454821,ab,783,47,
15,58747.46461809985,ztfr,284.8013279552491,28.202242273311235,26.1212331017433,ab,783,47,
16,58748.45581019996,ztfr,256.7825683790872,25.650330218440395,25.9868150205395,ab,1818,15,
17,58748.4562615999,ztfr,245.66499665079334,24.49536732111334,25.9835764824218,ab,1818,15,
