,time,band,flux,fluxerr,zp,zpsys,field,ccd,comment
0,58955.18138890015,ztfg,1.3084779247580178,15.055803883336996,26.2216848833575,ab,420,1,
1,58963.211111099925,ztfg,8.788382761613402,12.735576297125824,26.1999715158125,ab,420,1,
2,58963.24738429999,ztfg,11.113241297749678,15.602902462589546,26.2204384949053,ab,420,1,
3,58966.19069440011,ztfr,-39.55226436632329,21.81604250460571,25.0143649385363,ab,420,1,
4,58966.25400459999,ztfg,15.405776377846566,18.953954429101493,24.841674591135,ab,420,1,
5,58974.18836810021,ztfg,14.980034313716676,58.146242290530495,26.2277787200481,ab,420,1,
6,58977.16899310006,ztfg,173.9551416690933,45.023307250334256,26.1943166469672,ab,420,1,
7,58977.18943289993,ztfr,154.0291609955674,66.01383559230682,25.1649162924323,ab,420,1,
8,58980.16884260019,ztfg,329.5652607963485,12.992442532340576,26.2107471492519,ab,420,1,
9,58980.23119209986,ztfr,400.79614754578506,15.541251408478612,26.1495272574457,ab,420,1,
10,58986.17038189992,ztfg,815.9972548089771,24.31719676989167,26.3371550032407,ab,420,1,
11,58986.23177079996,ztfr,751.6738269723953,20.632896067725802,26.1455385906393,ab,420,1,
12,58993.232175900135,ztfg,584.5534519779461,21.636909682233174,26.1478192871172,ab,420,1,
13,58996.170798600186,ztfg,526.0700470326375,20.131797105729976,26.2139028360982,ab,420,1,
14,58996.23184029991,ztfr,711.7417119275344,22.644516594894334,26.119235628552,ab,420,1,
15,59005.169305600226,ztfg,211.74458670850805,63.89535446186671,26.1959154666492,ab,420,1,
16,59005.23585649999,ztfr,521.7681183708744,56.92792195526653,26.1332771930353,ab,420,1,
17,59013.18572920002,ztfr,433.2012495321256,30.260507974202003,26.180967856089,ab,420,1,
18,59013.2122105998,ztfg,130.52257992095497,24.913650996462593,26.1426101558375,ab,420,1,
