,time,band,flux,fluxerr,zp,zpsys,field,ccd,comment
0,58438.22847220022,ztfg,-38.64917985898837,60.15549174603957,24.0856132141415,ab,446,52,
1,58438.23271990009,ztfr,130.74185378505007,74.90210519475875,24.1136600711641,ab,446,52,
2,58443.11085649999,ztfr,38.083853723198594,39.519728757406085,26.1594598987334,ab,446,52,
3,58443.13624999998,ztfr,-12.441524045481403,36.070686619412655,26.2403110342395,ab,1492,28,
4,58443.30585649982,ztfg,-23.563389233987216,70.52314893929524,26.0582542503545,ab,1492,28,
5,58457.119687499944,ztfg,49.46128983746281,46.03744634152982,26.2851530798715,ab,446,52,
6,58457.15119209979,ztfr,109.86809640579409,62.92129245700779,26.1741999802077,ab,446,52,
7,58469.20740740001,ztfr,142.057282690808,275.08121410719207,23.5360460041745,ab,446,52,
8,58472.16633100016,ztfg,265.47022719568145,52.90633492467505,26.2443525479633,ab,446,52,
9,58475.16466439981,ztfr,414.9135726441776,55.46033709236235,26.1568383318192,ab,446,52,
10,58482.0954167,ztfr,329.3123049405284,53.04305858600855,26.0306074455523,ab,446,52,
11,58482.142523100134,ztfg,235.11587739145324,46.97151207450732,26.217380604943,ab,446,52,
12,58487.12883100007,ztfg,134.3017578529603,21.81931922750843,26.2364286814206,ab,446,52,
13,58492.12321759993,ztfr,-55.918555826658434,66.36208211703492,24.1316656551917,ab,446,52,
14,58510.09262729995,ztfr,52.02716790905201,93.83852242166463,25.9178563089551,ab,446,52,
15,58510.09753469983,ztfr,34.742699727010695,80.96101505308354,25.6775533829577,ab,446,52,
16,58510.1024536998,ztfr,21.768057256557466,59.90210304913068,25.8198604965822,ab,446,52,
17,58510.10736110015,ztfr,139.08554804767985,67.80318702790501,25.9744979363327,ab,446,52,
18,58511.09292820003,ztfr,97.92338751003297,49.18766461005862,26.0250634742958,ab,446,52,
19,58511.097870400175,ztfr,-38.91454625934562,41.11381799384135,26.0195418995121,ab,446,52,
20,58511.102812500205,ztfr,-39.559502082503826,49.12543658719749,26.0037239436834,ab,446,52,
21,58511.10775459977,ztfr,41.97262162368461,55.41544807429741,25.8651425314142,ab,446,52,
22,58514.1040856,ztfr,37.78809662082652,37.340380610560594,26.0646529964032,ab,446,52,
23,58514.1089931,ztfr,4.4999279373685965,30.275499729842558,26.0752019627356,ab,446,52,
