,time,band,flux,fluxerr,zp,zpsys,field,ccd,comment
0,59052.39652779978,ztfr,-4.046106878255584,15.18182665724844,26.2507350819384,ab,291,58,
1,59052.457372699864,ztfg,-6.726053593388245,14.993059395449588,26.287150664507,ab,291,58,
2,59095.292951399926,ztfg,2907.813889572779,175.94134713661253,26.1721959695669,ab,291,58,
3,59095.37556710001,ztfr,2775.4187411622406,161.53839543957528,26.1192076988796,ab,291,58,
4,59099.356087999884,ztfg,2137.9805345820287,52.10241049801918,26.0593803065778,ab,291,58,
5,59106.27353010001,ztfg,367.94333658846847,19.081494900347558,24.9236655661536,ab,291,58,
6,59107.272129599936,ztfr,1032.3870033686615,26.080569637140176,25.5930865707539,ab,291,58,
7,59108.293009299785,ztfg,399.1495373266701,19.224724447572008,25.1320842280947,ab,291,58,
8,59109.230810199864,ztfr,1323.9912231952903,34.37083311090764,25.8879311591802,ab,291,58,
9,59109.29396989988,ztfg,636.6592105430042,22.740504610126287,25.6661914073999,ab,291,58,
10,59110.287141200155,ztfr,792.5610174082237,40.40819334252149,25.4250978243551,ab,291,58,
11,59111.2507755002,ztfr,1491.2483893016251,26.270649346568497,26.0089460092514,ab,291,58,
12,59111.315196800046,ztfg,655.4642085540285,25.563300155739373,25.9488708368253,ab,291,58,
13,59112.27262730012,ztfg,849.1707067563295,20.13611170954091,26.2515479494076,ab,291,58,
14,59112.335416700225,ztfr,1665.8931423397476,28.37363790481943,26.1443556878978,ab,291,58,
15,59128.29173609987,ztfg,240.61624891780372,45.78043909293029,25.9871407866135,ab,291,58,
16,59130.23266200023,ztfg,379.54515417952484,26.578921939610066,26.254232501447,ab,291,58,
17,59130.26917820005,ztfr,738.3282122067511,35.32946455108387,26.2098444487859,ab,291,58,
18,59134.18862270005,ztfr,702.7657820523447,36.25487650642068,26.1993752940121,ab,291,58,
19,59134.21084489999,ztfg,299.1791113910443,33.019077865801066,26.2385200929568,ab,291,58,
20,59136.18947920017,ztfr,597.6605047516139,26.01221491935749,26.2249714554098,ab,291,58,
21,59136.21136569977,ztfg,340.4496990041813,23.61528317152112,26.2592692913318,ab,291,58,
22,59138.20954860002,ztfg,274.84653913388786,33.31811066473071,26.0440950367461,ab,291,58,
23,59138.28231480019,ztfr,482.9617393575806,65.00359808763059,26.0093078527915,ab,291,58,
