,time,band,flux,fluxerr,zp,zpsys,field,ccd,comment
0,58751.459294000175,ztfg,-26.842262412731458,28.485925303876503,25.9040008386947,ab,254,20,
1,58751.50155089982,ztfr,-12.101545565062803,25.704371437688764,26.0124424816024,ab,254,20,
2,58756.458865699824,ztfg,23.02190007699738,24.302054427354385,26.0315324838018,ab,254,20,
3,58756.52340279985,ztfr,6.004789500758886,45.583799579958765,26.104451316891,ab,254,20,
4,58760.459629599936,ztfg,44.93341617026735,36.24887332622446,26.0156612921898,ab,254,20,
5,58760.50350689981,ztfr,16.174894797913037,53.26179231311124,26.0934644528321,ab,254,20,
6,58764.438518499956,ztfr,-16.50557504389271,19.871698991542708,26.0729829361055,ab,254,20,
7,58764.50283560017,ztfg,-3.3987666162863377,25.83599275596913,26.0178696095332,ab,254,20,
8,58767.504120400175,ztfr,5.240967631938443,52.17312615143346,26.0909952192096,ab,254,20,
9,58768.46064809989,ztfg,-61.26187253584328,48.18704819697384,26.0043397774878,ab,254,20,
10,58770.459120399784,ztfr,138.86046194006866,66.79358019006968,26.0870296160039,ab,254,20,
11,58770.50520829996,ztfg,110.89024041304032,81.31984125624174,25.9920012629746,ab,254,20,
12,58777.41788189998,ztfr,1031.2372817569142,112.65120322110319,26.0805883891539,ab,254,20,
13,58777.48112270003,ztfg,813.3793648452847,53.67276651887154,25.9977894526734,ab,254,20,
14,58781.39631940005,ztfg,1199.652804591511,37.5723327543843,26.0256814247026,ab,254,20,
15,58781.480752300005,ztfr,1279.115897193912,80.49286864173108,26.0939198059844,ab,254,20,
16,58784.39363430021,ztfr,1457.2642914358273,93.39014027875852,26.0393679212711,ab,254,20,
17,58784.45896989992,ztfg,1297.7153173421175,112.93429309085327,25.9610472310825,ab,254,20,
18,58804.32574070012,ztfr,751.3211806757315,170.69591758233292,26.0857795015582,ab,254,20,
19,58804.3766667,ztfg,242.88697277742202,81.11492073076556,26.0264775354866,ab,254,20,
20,58812.29254630022,ztfr,582.21075457338,27.64545184792817,26.0575362704972,ab,254,20,
21,58812.33354170015,ztfg,156.9880488234198,22.969411851198114,26.0162846083916,ab,254,20,
