,time,band,flux,fluxerr,zp,zpsys,field,ccd,comment
0,59024.47363429982,ztfr,4359.473473737144,30.609395795296958,26.1710958335328,ab,500,17,
1,59035.459560200106,ztfg,1307.1267221412847,50.60005701172941,26.2117951571745,ab,500,17,
2,59036.383483800106,ztfr,2577.8433652962494,56.582677472659476,26.1857061806133,ab,500,17,
3,59036.46579860011,ztfg,1338.917626905276,44.47345266418822,26.2554207675229,ab,500,17,
4,59038.37737269979,ztfr,2313.2008401452895,57.688554427228645,26.1837853254433,ab,500,17,
5,59038.46084489999,ztfg,1349.5064224908845,42.940959196131665,26.2911665678835,ab,500,17,
6,59039.359895799775,ztfg,1127.1763927862603,92.40877644257918,26.0208182541282,ab,500,17,
