,time,band,flux,fluxerr,zp,zpsys,field,ccd,comment
0,58370.50462959986,ztfr,11464.102104786929,66.41915795160078,26.1260272920903,ab,516,4,
1,58373.50526619982,ztfg,29962.873049542424,78.1285415169622,26.0739268485575,ab,516,4,
2,58376.49707179982,ztfg,60155.89652205897,102.21685512740981,26.096547787702,ab,516,4,
3,58376.51958330022,ztfr,62267.444036942325,110.61915482259374,26.1796960463794,ab,516,4,
4,58379.483900499996,ztfg,81741.61752301532,119.45670868028039,26.081647970584,ab,516,4,
5,58379.52667819988,ztfr,77749.04287837267,149.95291314880683,26.204608501681,ab,516,4,
6,58382.52251160005,ztfr,82902.3048529744,119.08577483625292,26.1955662503764,ab,516,4,
7,58385.49394680001,ztfg,89276.03514179827,139.86497741010683,26.1559516932892,ab,516,4,
8,58385.52486110013,ztfr,78753.70265691073,123.10102441896402,26.1845070597928,ab,516,4,
9,58388.47678240016,ztfg,73354.2558140853,119.65182620025051,26.130373510496,ab,516,4,
10,58423.47831019992,ztfg,6523.348898649741,48.9307857270408,26.2261923820328,ab,516,4,
11,58423.51857639989,ztfr,9874.387689824836,63.72281330144902,26.2382153672576,ab,516,4,
12,58424.49299769988,ztfr,97525.95135467807,171.871155963377,28.7333629544825,ab,516,4,
13,58426.45697919978,ztfg,6321.541014401758,37.58843083394215,26.2671024922343,ab,516,4,
14,58426.50387729984,ztfr,8869.95167298607,43.059523590195354,26.1735498396687,ab,516,4,
15,58427.41640050011,ztfg,4774.351493582128,44.702311668048395,25.98383642544,ab,516,4,
16,58428.49193290016,ztfr,88419.735668118,179.8371551138286,28.7276927192239,ab,516,4,
17,58429.45483799977,ztfg,5649.117374698641,35.062620185734794,26.2648343192127,ab,516,4,
18,58429.50642360002,ztfr,8667.870310196664,47.188529535148696,26.2482189016194,ab,516,4,
19,58429.54185190005,ztfr,8600.945957292271,41.32876458065651,26.2319210620033,ab,1511,45,
20,58430.391296300106,ztfg,5312.468400939225,34.07793146680116,26.2251517024801,ab,516,4,
21,58432.393067100085,ztfr,7350.548441472181,47.057021002515754,26.1957127323923,ab,516,4,
22,58432.499895799905,ztfg,5280.451851722508,37.72098841440002,26.3050020619115,ab,516,4,
23,58432.507407399826,ztfr,7835.871828558328,47.295649298920466,26.2486891027205,ab,516,4,
