,time,band,flux,fluxerr,zp,zpsys,field,ccd,comment
0,58472.417106499895,ztfr,-39.52457544498494,20.6453855135409,26.154482503127,ab,1749,57,
1,58473.3902431,ztfg,-67.61855797465725,158.335911338829,23.976373576068,ab,1749,57,
2,58476.43255789997,ztfr,25.30671731253004,43.78912883225122,26.1407764596694,ab,1787,6,
3,58481.4443518999,ztfr,120.42023354584029,33.646249555838914,26.2052632091027,ab,1787,6,
4,58481.44481479982,ztfr,106.15669245017577,27.960082501060658,26.1506380961854,ab,1749,57,
5,58482.49124999996,ztfg,173.274350675617,25.302940828957837,26.2772889915438,ab,1749,57,
6,58482.549895800184,ztfg,206.82719057061504,25.238187192640744,26.3029769455466,ab,1787,6,
7,58487.46918979986,ztfg,660.4744483576809,16.430536952684033,26.2869879278204,ab,1749,57,
8,58487.47238430008,ztfg,666.7899985827883,18.292500675761087,26.3274086417637,ab,1787,6,
9,58492.46995369997,ztfr,351.59103017185595,23.37671161172825,25.1603071502774,ab,1787,6,
10,58492.4704167,ztfr,316.58231276622337,24.2541016600777,24.9545637504537,ab,1749,57,
11,58493.452152799815,ztfr,956.214974397996,17.562960967227074,26.2180616675399,ab,1787,6,
12,58493.4526157002,ztfr,910.3597453057296,17.63686274068417,26.1494660034407,ab,1749,57,
13,58507.51872690022,ztfg,802.5845698273757,69.71943735581392,26.2222149593629,ab,1749,57,
14,58509.4730440001,ztfr,683.8954109006671,55.566969685911474,26.1094485189011,ab,1749,57,
15,58509.473506900016,ztfr,738.4185138812536,50.31208934430702,26.1657508924514,ab,1787,6,
16,58534.36858800007,ztfr,425.9896581127062,117.67706494633784,26.1121894052487,ab,1749,57,
17,58534.36953700008,ztfr,363.58102053830186,77.6990359192559,26.1587471999344,ab,1787,6,
18,58539.240115699824,ztfg,74.1251935906579,19.2936511572231,26.2195890879231,ab,1749,57,
19,58539.24106479995,ztfg,88.67916829823267,12.292420264209404,26.226885363219,ab,1787,6,
20,58540.2165045999,ztfr,261.61988192944847,13.560309282045376,26.1922184076743,ab,1787,6,
21,58540.21791670006,ztfr,253.51517132627563,14.711099088453814,26.1393407903995,ab,1749,57,
