,time,band,flux,fluxerr,zp,zpsys,field,ccd,comment
0,58917.48151620012,ztfr,-157.99625917353703,162.07169819982505,24.6816929676287,ab,428,18,
1,58939.40388889983,ztfr,24.028703286942743,28.518306238696173,24.0530586158293,ab,428,18,
2,58943.40662040003,ztfg,482.9270847952637,34.472864844313804,26.1891986447782,ab,428,18,
3,58954.39692129986,ztfg,1096.716081890733,29.515723766947435,26.2195958044521,ab,428,18,
4,58954.47923609987,ztfr,1191.9227415561725,42.74068986055006,26.2244909992765,ab,428,18,
5,58963.30559029989,ztfg,650.086388386377,24.700216588861213,26.1716098299523,ab,428,18,
6,58963.37446760014,ztfg,633.5502483200132,16.91973861779958,26.2063005720543,ab,428,18,
7,58966.3744907002,ztfr,698.1284172140271,19.64304639598074,26.2204207692703,ab,428,18,
8,58969.335821799934,ztfr,142.9650839009224,17.106650487196234,24.5855588032364,ab,428,18,
9,58969.37937500002,ztfg,63.42567760566351,14.436021657329327,24.6301703312784,ab,428,18,
10,58973.231319400016,ztfg,194.12024840040075,77.51605114102063,26.1475753561268,ab,428,18,
11,58973.33424769994,ztfr,584.5965441677304,37.25360341251869,26.2741765282828,ab,428,18,
12,58978.29324069992,ztfr,461.858476433992,49.5078711576387,26.2350116316305,ab,428,18,
13,58978.37817130005,ztfg,224.0670208010206,92.1934785014389,25.8280237682215,ab,428,18,
14,58981.29089119984,ztfr,417.13498501502323,33.70663400319634,26.2598542364768,ab,428,18,
15,58986.38072919985,ztfg,98.7300915285388,13.695758741624328,26.2332419403248,ab,428,18,
16,58992.25162040023,ztfr,260.71503539767735,18.86500710296279,26.2453418323853,ab,428,18,
17,58992.31548610004,ztfg,89.99717769925586,13.375475255742995,26.2345896679879,ab,428,18,
18,58995.25363430008,ztfr,206.49798434663418,15.197624500183942,26.2440011434983,ab,428,18,
19,58995.29377309978,ztfg,73.38126884149447,14.990564579754913,26.2575989746774,ab,428,18,
20,58998.29748839978,ztfr,218.33215459211482,16.588980871487724,26.2689933270787,ab,428,18,
21,58998.35356480023,ztfg,69.7470035601375,13.33846089198072,26.1970551403606,ab,428,18,
22,59001.37415509997,ztfg,101.252459781058,29.577671845389773,26.1290552306028,ab,428,18,
23,59005.26712960005,ztfr,107.98578828510779,80.0228662275599,26.2632170466932,ab,428,18,
