,time,band,flux,fluxerr,zp,zpsys,field,ccd,comment
0,58433.167754599825,ztfg,9.60190726987749,24.827153413549286,25.444742330502,ab,343,26,
1,58434.1426736,ztfg,65.80916777633593,68.1743158582972,26.1014769818679,ab,343,26,
2,58434.20856480021,ztfr,-28.988424100605762,88.21966564303895,26.1813385294591,ab,343,26,
3,58435.16847220017,ztfg,32.35829267024146,91.58182356208836,26.1719482280338,ab,343,26,
4,58435.25337960012,ztfr,187.69694491576524,216.8061189744976,26.1676038489487,ab,343,26,
5,58435.2542940001,ztfr,28.50628274364025,198.1949802785765,26.180156637917,ab,343,26,
6,58436.17745369999,ztfg,-60.91915338131962,109.37496178619077,26.1947197965777,ab,343,26,
7,58456.14667819999,ztfr,511.4757039697199,65.1781352661537,26.1991023465441,ab,343,26,
8,58457.124328699894,ztfg,870.2500150352787,91.84416894934503,26.2062079407423,ab,343,26,
9,58457.12524309987,ztfg,910.2849507043194,141.99954508030712,26.1944980253012,ab,343,26,
10,58457.14837960014,ztfr,787.5285666368535,93.35861669116174,26.2042101978923,ab,343,26,
11,58469.090127300005,ztfr,2631.2382512351714,39.5017118883301,26.2161248236979,ab,343,26,
12,58469.1259606001,ztfg,2206.7781382536723,53.44947592008269,25.9920302272367,ab,343,26,
13,58469.14547450002,ztfg,2504.7371166450316,49.91399715381989,26.0413735108633,ab,343,26,
14,58471.127743099816,ztfr,2111.272108363642,123.59469576377313,25.9654450346506,ab,343,26,
15,58472.163587999996,ztfg,2248.9187557796968,85.56376198082539,26.0317947866748,ab,343,26,
16,58472.16450229986,ztfg,2095.160851529047,77.85070877955506,26.023823634787,ab,343,26,
17,58482.12971059978,ztfg,965.8969408743123,110.75215852811338,26.0510907998696,ab,343,26,
