,time,band,flux,fluxerr,zp,zpsys,field,ccd,comment
0,58828.13275460014,ztfr,-73.31916480937318,140.76544506973056,23.8786651553599,ab,732,1,
1,58831.09026619978,ztfr,-30.06269805362429,28.051710977588925,26.2573233999064,ab,732,1,
2,58831.112696799915,ztfg,72.94389632356501,55.98097095955217,26.3175260778338,ab,732,1,
3,58835.09234949993,ztfr,-114.75116461712712,177.59401963360065,25.4309958535814,ab,732,1,
4,58835.12028940022,ztfg,-20.06674113148501,137.20996425743277,25.1008891388457,ab,732,1,
5,58837.07413189998,ztfr,6.7091541895618585,34.25118609456614,26.2541140493459,ab,732,1,
6,58838.099340300076,ztfr,-16.028234982963532,37.040093912005,26.14910520866,ab,732,1,
7,58838.116446800064,ztfg,50.81971622458679,46.64672708555536,25.5794779542753,ab,732,1,
8,58851.09537040023,ztfr,477.17963737553015,64.5492872330372,25.533655237468,ab,732,1,
9,58851.11916670017,ztfg,493.53785674917293,57.1535453809607,25.6773784679847,ab,732,1,
10,58854.11886569997,ztfr,1264.1037659809956,76.85267721173105,26.2321788457381,ab,732,1,
11,58860.13579860004,ztfr,1970.0556711507559,83.98015453419087,26.1534089005935,ab,732,1,
12,58863.09743059985,ztfr,2166.0173648307564,42.661706000077224,26.1979870347336,ab,732,1,
13,58863.1181481001,ztfg,2015.826150485156,39.33610167202254,26.115251213018,ab,732,1,
14,58873.0966897998,ztfr,1587.5231956921584,49.21812921646764,26.1753280913167,ab,732,1,
15,58873.11387730017,ztfg,1422.3163381693705,35.828137190226144,26.1280288570192,ab,732,1,
16,58915.5368170999,ztfr,249.40149632668482,51.98828051651632,25.8585200737057,ab,732,1,
17,58915.5420022998,ztfr,-75.86803527367071,67.46734119967304,23.419618605107,ab,732,1,
18,58915.54718750017,ztfr,112.12016847590019,66.96641683768301,24.5505120784996,ab,732,1,
