,time,band,flux,fluxerr,zp,zpsys,field,ccd,comment
0,58854.57241899986,ztfr,-136.25177275032829,201.6081798682006,26.1686953828476,ab,682,1,
1,58876.534895800054,ztfg,443.49359771655236,20.333199582694032,26.1588486255198,ab,682,1,
2,58876.57318289997,ztfr,413.5107069326649,32.59739353767977,26.2053821779151,ab,682,1,
3,58885.46814810019,ztfg,475.4871865967473,152.31797122740548,26.0321410404427,ab,682,1,
4,58885.54401620012,ztfr,603.1989856516063,23.372366540758506,26.2006653125737,ab,682,1,
5,58888.4983333,ztfr,840.4698010404442,163.25105899348043,26.1875665438911,ab,682,1,
6,58891.47332180012,ztfg,435.8181294081258,78.7500603339303,26.1205308280212,ab,682,1,
7,58894.540381900035,ztfr,609.974799689655,32.51830983633203,26.2109748062879,ab,682,1,
8,58894.55792819988,ztfg,557.2121402929722,29.186829811554066,26.2635392211266,ab,682,1,
9,58899.5154281999,ztfr,405.789147066855,28.161032584589197,26.192750019213,ab,682,1,
10,58904.53449069988,ztfr,338.82408074007475,29.12904201123941,26.2112316039846,ab,682,1,
11,58904.55437499983,ztfg,261.20465071843114,54.87304713304441,26.268348682203,ab,682,1,
12,58908.50410880009,ztfr,310.3474836341995,19.40360047445167,26.1903333846337,ab,682,1,
13,58908.54708330007,ztfg,171.23196997850002,20.263049783632738,26.2834665061718,ab,682,1,
14,58911.505601900164,ztfr,199.81264250884425,37.306632661200325,26.1884851325479,ab,682,1,
15,58911.53506939998,ztfg,113.82588936554103,32.61125833141352,26.2592005240945,ab,682,1,
16,58914.49170139991,ztfg,21.07688939133694,20.547891558735028,25.0713003134912,ab,682,1,
17,58914.523333299905,ztfr,269.1033556805489,14.74239289601311,26.1966329729638,ab,682,1,
18,58936.49252310023,ztfg,68.05406316161114,14.432645956606235,26.2361152324514,ab,682,1,
19,58936.52815969987,ztfr,119.56337954142988,19.332567649095616,26.1970703561708,ab,682,1,
20,58936.53001159988,ztfr,75.25608285593039,26.573322339758036,26.234409815634,ab,1680,37,
21,58936.53046299983,ztfr,87.40103910772939,24.492164191102045,26.2333378478867,ab,1680,37,
22,58939.47109950008,ztfg,4.943445178076232,19.07923416294425,24.3270195415746,ab,682,1,
23,58939.497928199824,ztfr,-48.90928632960673,32.148939273449756,23.2147834473177,ab,682,1,
