,time,band,flux,fluxerr,zp,zpsys,field,ccd,comment
0,58456.16312499996,ztfr,3.5794585684828157,43.67597560409532,26.2380315476817,ab,445,33,
1,58469.126875000075,ztfg,66.83983228021214,37.224397044183966,26.1992614891394,ab,445,33,
2,58472.15032410016,ztfg,294.0354171642347,66.84934152939427,26.1852846863382,ab,445,33,
3,58475.143321800046,ztfr,515.1367099673142,47.84949276328156,26.2196456307378,ab,445,33,
4,58482.09586809995,ztfr,734.8158899985524,53.545642177964915,26.1160951503021,ab,445,33,
5,58488.128611099906,ztfg,725.0803870764244,23.672741575781156,26.1074641053753,ab,445,33,
6,58503.09065969987,ztfr,428.2585785585161,126.28975980628597,26.0983992088451,ab,445,33,
7,58503.09552079998,ztfr,599.945425096894,108.0068507841203,26.097708678231,ab,445,33,
8,58503.10037040012,ztfr,199.34198696269632,125.81988804131217,26.0045388640335,ab,445,33,
9,58503.10521990014,ztfr,521.0518449557219,124.17137112686669,26.0999455460172,ab,445,33,
10,58505.099965299945,ztfr,360.5128743713166,239.27208452885034,26.1839545638906,ab,445,33,
11,58505.10499999998,ztfr,613.7577124519842,100.38945133982673,26.1477853111484,ab,445,33,
12,58510.09021990001,ztfr,321.4770523117729,120.21070859803285,26.0151810615156,ab,445,33,
13,58510.09513889998,ztfr,519.0868259830845,104.61485230735674,25.8340593287287,ab,445,33,
14,58510.10004629986,ztfr,132.8819085267915,96.45239697180551,25.6259266307906,ab,445,33,
15,58510.10495370021,ztfr,411.47432049282804,84.45324087891177,26.0196827695525,ab,445,33,
16,58511.091006900184,ztfr,356.3680671727149,78.84802130720122,26.0345526485739,ab,445,33,
17,58511.095949099865,ztfr,256.86478101959125,64.66508248842842,25.9971214049168,ab,445,33,
18,58511.100891199894,ztfr,346.2579223970015,71.97043855499422,25.9747997791733,ab,445,33,
19,58511.105833299924,ztfr,331.7850314746733,80.26591127219946,26.0141633973125,ab,445,33,
