,time,band,flux,fluxerr,zp,zpsys,field,ccd,comment
0,58864.4383911998,ztfg,-21.037386898513653,34.51716066467494,26.2225126709176,ab,318,10,
1,58873.503275500145,ztfr,-32.783770478977566,25.851904694898582,26.1486563763212,ab,318,10,
2,58876.35358799994,ztfr,4.265411236557369,22.007101657634543,26.0938321348313,ab,318,10,
3,58879.46159720002,ztfg,66.34674122044704,94.59588170667372,26.24709905178,ab,318,10,
4,58885.421180599835,ztfg,-3.7576870468667067,105.16450414200122,26.0114223215031,ab,318,10,
5,58885.485057900194,ztfr,148.69690236507583,78.73628467890057,26.136664640254,ab,318,10,
6,58888.29377309978,ztfg,235.74654598181039,207.22656915396627,26.0980489368834,ab,318,10,
7,58888.41861109994,ztfr,150.38400989262382,128.32596498413108,26.1671258772417,ab,318,10,
8,58892.312673599925,ztfr,406.2913728429077,83.43576973661916,26.0862144462342,ab,318,10,
9,58892.35499999998,ztfg,468.05526555755137,57.52272543292141,26.2123311742562,ab,318,10,
10,58895.41983800009,ztfr,539.6364263353597,29.98974978985952,26.1373405932099,ab,318,10,
11,58895.420289400034,ztfr,477.6310784929367,40.95877830916701,26.1601698881612,ab,268,56,
12,58900.27072919998,ztfr,521.8270204674322,42.27509225557656,26.0635883475207,ab,318,10,
13,58900.397766199894,ztfr,261.6077483755557,47.727340567977414,25.1942651216706,ab,268,56,
14,58905.291828699876,ztfg,713.1881246705615,48.40540224327981,26.1626691823877,ab,318,10,
15,58913.2492244998,ztfr,403.5811424850151,33.52803763401144,25.9989533272101,ab,318,10,
16,58913.29273150023,ztfg,315.7168048769861,37.68165847863349,25.876755704296,ab,318,10,
17,58913.313298599795,ztfg,313.5203137686982,45.64613031864705,25.7335143388386,ab,268,56,
18,58913.42506940011,ztfr,244.09215281739083,45.74669952234932,25.79444460889,ab,268,56,
19,58941.2288079001,ztfr,149.2856910179701,42.872809051137764,26.1113610661551,ab,318,10,
20,58941.270868100226,ztfg,49.018815058593844,45.60902058054208,26.2025551693472,ab,318,10,
21,58956.2296990999,ztfg,41.13623190114821,19.145546554999235,26.1923043514006,ab,268,56,
22,58956.26386569999,ztfr,70.24075352411319,25.983240258418167,26.1028457373278,ab,318,10,
23,58956.26478009997,ztfr,50.356608141885275,26.2986616070917,26.1259789892186,ab,268,56,
