,time,band,flux,fluxerr,zp,zpsys,field,ccd,comment
0,58591.188240699936,ztfg,-33.878588481921724,83.29796786198918,26.1890110270494,ab,420,23,
1,58591.354687499814,ztfr,-498.9435705076138,256.2020136815621,26.128881358001,ab,420,23,
2,58594.31517359987,ztfr,72.12027314053358,95.9785773862201,26.1828607819499,ab,420,23,
3,58598.18383099977,ztfr,-20.409964608034294,16.067426199372356,26.1922907953226,ab,420,23,
4,58598.231099499855,ztfg,7.282156526598624,12.267879281939395,26.1893487453361,ab,420,23,
5,58600.25165509991,ztfg,11.852061457937923,59.9633775832135,28.7221402297379,ab,420,23,
6,58600.29343750002,ztfr,135.35457963724556,93.38502689558648,28.8131181313427,ab,420,23,
7,58600.32981480006,ztfg,-87.70048122354572,49.969264621401855,28.0841824061987,ab,420,23,
8,58601.25483800005,ztfr,2.6128012430874663,22.718293420958915,26.2183642719127,ab,420,23,
9,58606.147754599806,ztfg,10.670387390464441,24.348044532461564,26.1634125295814,ab,420,23,
10,58606.18932869984,ztfr,-6.673485723169218,13.758102431033755,26.2029124507409,ab,420,23,
11,58609.18868059991,ztfg,29.07735147980001,13.239780148467565,26.2129562647952,ab,420,23,
12,58612.1709838002,ztfg,81.1251627134962,11.560452543520944,26.1612959004584,ab,420,23,
13,58612.190219900105,ztfr,97.79244574854796,16.49827083589485,26.1578124908594,ab,420,23,
14,58634.16842589993,ztfr,436.7579605488006,18.414657823974263,26.1578445525984,ab,420,23,
15,58634.19116900023,ztfg,351.0646335658936,15.417461455574799,26.1198896389018,ab,420,23,
16,58637.1813542,ztfr,396.3751686219443,17.65782912049983,26.1332249771225,ab,420,23,
17,58637.23442129977,ztfg,288.3351790835655,21.590196574292975,25.9889313734974,ab,420,23,
18,58640.17015049979,ztfg,131.19713498136576,38.84452184578373,26.0864853077481,ab,420,23,
19,58640.21923610009,ztfr,320.1159062514898,24.63391978801028,26.1032893379064,ab,420,23,
20,58643.238495400175,ztfr,279.362177633038,43.89649929146504,26.1292310553461,ab,420,23,
21,58646.16959490022,ztfg,120.52414157308657,119.84752876920703,24.3938122428631,ab,420,23,
22,58646.211631900165,ztfr,199.57712497207024,60.02236933554569,26.1363489475652,ab,420,23,
23,58649.1723842998,ztfg,166.6040616364033,58.86582659899555,26.0593225434624,ab,420,23,
24,58649.21479169978,ztfr,256.3660816550951,59.873077706631605,26.0645914469853,ab,420,23,
25,58662.17510419991,ztfr,93.00122772999671,39.05833615863932,26.1374781107816,ab,420,23,
26,58662.19880789984,ztfg,69.39690618411471,28.762736163779742,25.9901393380769,ab,420,23,
