,time,band,flux,fluxerr,zp,zpsys,field,ccd,comment
0,58378.2808681,ztfr,-22.794689630436782,25.2020654410036,26.2610153481979,ab,732,58,
1,58378.310648099985,ztfg,-13.408833156592065,17.85317222627733,26.3567134972497,ab,732,58,
2,58382.24275460001,ztfg,21.71610327001503,34.84022508989434,26.3326273912445,ab,732,58,
3,58382.306330999825,ztfr,29.577987028617,35.906507811956,26.2553579324726,ab,732,58,
4,58385.22395829996,ztfr,47.45896471222193,39.49040908030365,26.2586540923578,ab,732,58,
5,58385.34136570012,ztfg,92.94000044071237,67.00651118185651,26.2927175262845,ab,732,58,
6,58388.2114467998,ztfr,-48.523941526595685,33.62224557088024,26.2239918004394,ab,732,58,
7,58388.30719910003,ztfg,44.65076089655948,45.0156756175603,26.3208344424305,ab,732,58,
8,58400.169953700155,ztfr,154.47231657049667,18.139119820002986,26.2310669750403,ab,732,58,
9,58400.26074070018,ztfg,157.28559986313337,14.15890125713219,26.3226720147234,ab,732,58,
10,58423.108680599835,ztfr,363.130488369762,31.47633618838855,26.1070419962571,ab,732,58,
11,58426.12407410005,ztfr,116.37439248385996,38.86673253616466,24.1879072652081,ab,732,58,
12,58426.19989580009,ztfg,232.4646842743176,21.85017436821695,26.0258097679975,ab,732,58,
13,58429.138125000056,ztfr,310.49890055854144,23.790347985840572,26.26198873009,ab,732,58,
14,58429.2008795999,ztfg,279.46145085489917,21.0983104270584,26.3285823356049,ab,732,58,
15,58432.18258100003,ztfg,226.99723008409944,34.31741127132187,26.328986439301,ab,732,58,
16,58435.122557899915,ztfr,329.43474340401815,79.9330249974741,26.250536776396,ab,732,58,
17,58435.180358800106,ztfg,139.28513630401937,50.80573811429311,26.345897025882,ab,732,58,
18,58438.22383099981,ztfg,29.429204261700505,70.44133845130865,22.7968983185283,ab,732,58,
19,58441.243541699834,ztfg,27.218570787228657,57.14249592289859,26.2271669084718,ab,732,58,
20,58441.288587999996,ztfr,292.9732550438571,82.24973807926797,26.0327083414472,ab,732,58,
21,58456.15041670017,ztfr,166.90542588843385,80.70991450947724,25.8834204713157,ab,732,58,
22,58469.11206019996,ztfg,-21.32384029024155,32.054429885615434,26.309294936608,ab,732,58,
