,time,band,flux,fluxerr,zp,zpsys,field,ccd,comment
0,58956.16783560021,ztfr,16.41976400123898,23.556243785110578,26.0576901113724,ab,363,0,
1,58956.20987269981,ztfg,8.682192343210616,20.297590999527586,26.0660362536903,ab,363,0,
2,58964.159826400224,ztfg,120.63238546946465,29.627669495346694,26.0714271252298,ab,363,0,
3,58964.2104282002,ztfr,221.10895100233336,33.59775922617185,25.9525923473128,ab,363,0,
4,58967.16369209997,ztfr,321.9165328117209,25.632960416736694,26.0458111285263,ab,363,0,
5,58967.208090300206,ztfg,325.98832329045706,23.99168357749153,25.9951028653939,ab,363,0,
6,58970.18793979986,ztfr,495.14567342334493,54.29112188727624,26.0595800065715,ab,363,0,
7,58970.21207180014,ztfg,529.448277280652,64.34508624615525,25.9484659944478,ab,363,0,
8,58973.16436340008,ztfr,680.0354524682194,61.14854208380576,26.0681765729161,ab,363,0,
9,58973.19214119995,ztfg,657.1223890457503,64.53011472359849,26.0276887392704,ab,363,0,
