,time,band,flux,fluxerr,zp,zpsys,field,ccd,comment
0,58654.45687500015,ztfr,371.6892975921555,80.11795386882967,25.9233284167048,ab,605,59,
1,58654.45880790008,ztfr,385.6288003153203,80.5476787864972,25.9291548983731,ab,605,59,
2,58654.46571760019,ztfr,382.91018513781216,52.496863007560464,25.9594863860377,ab,605,59,
3,58657.45924769994,ztfr,272.16333494899004,37.45424568719851,26.0157161744468,ab,605,59,
4,58657.462523099966,ztfr,241.67117371880033,37.851401379305024,26.027332259361,ab,605,59,
5,58657.46534720017,ztfr,214.5797623421078,39.160479697640746,26.0351629436886,ab,605,59,
6,58657.46815969981,ztfr,263.81378907466836,39.441817198052675,26.0430390859881,ab,605,59,
7,58667.44855319988,ztfg,34.99716190372085,17.2902864280095,26.0923119803568,ab,605,59,
8,58670.45016200002,ztfg,90.04647989932056,13.92233167135484,26.0817592921803,ab,605,59,
9,58670.472592600156,ztfr,165.53080550345766,15.450943015822626,26.1055633589096,ab,605,59,
10,58673.4697106001,ztfg,68.68896727934175,16.415709643179742,26.1693310075243,ab,605,59,
11,58676.43520830013,ztfg,14.115064224428462,16.977737132494088,26.0107135820841,ab,605,59,
12,58676.48554399982,ztfr,117.62315200207333,18.579545998214556,26.0884792742258,ab,605,59,
13,58679.45520830015,ztfg,4.540207688142125,47.8155449880038,26.1748436116549,ab,605,59,
14,58679.489710600115,ztfr,148.2718952598828,31.799065309284426,26.1536445029015,ab,605,59,
15,58682.430138899945,ztfr,86.05520795239244,36.83920758683058,26.1169214811263,ab,605,59,
16,58682.46442130022,ztfg,61.6786582884206,39.24614117180116,26.1997754313216,ab,605,59,
17,58685.45665509999,ztfr,146.06165926604177,31.734409339922458,26.1334682539675,ab,605,59,
18,58685.49311339995,ztfg,25.32134689859128,40.68897124608262,26.2591426849527,ab,605,59,
