,time,band,flux,fluxerr,zp,zpsys,field,ccd,comment
0,58210.280555599835,ztfg,-65.9764431211874,104.85933989378464,25.8489428094238,ab,318,8,
1,58210.30664349999,ztfg,-97.43419369984491,115.25515735849729,25.8115759308581,ab,318,8,
2,58215.2416782002,ztfr,68.35888057922213,58.06488600896184,23.4672089552978,ab,318,8,
3,58215.260856499895,ztfg,177.24767579141667,63.90399682061773,24.5712450647985,ab,318,8,
4,58218.21719910018,ztfr,8.81897677705028,26.62571625649164,26.060678259662,ab,318,8,
5,58218.24063660018,ztfr,24.0225172886657,21.61075137362517,26.0840996781345,ab,318,8,
6,58224.222314800136,ztfr,-19.64146553045032,25.559002938554297,26.0036581552231,ab,318,8,
7,58229.16189809982,ztfg,322.40349108737314,69.09869468064981,26.1793860522592,ab,318,8,
8,58233.16964119999,ztfr,570.3075859766998,50.5251455213119,26.1779119749459,ab,318,8,
9,58236.16748839989,ztfg,1022.0949256748199,146.9878341358497,26.1610754206859,ab,318,8,
10,58236.18799770018,ztfg,1295.0443090914332,116.77098650585253,26.1684685728188,ab,318,8,
11,58244.150381899904,ztfr,914.8108261726546,36.99069499299019,26.1244963209843,ab,318,8,
12,58244.21059030015,ztfg,1329.0908482196012,31.81061299102515,26.1711139548511,ab,318,8,
13,58247.188807900064,ztfg,1290.0529077150507,19.936979040268177,26.2108281027301,ab,318,8,
14,58247.211087999865,ztfr,904.9083622873545,21.65614039872216,26.1521194015422,ab,318,8,
15,58250.19155090023,ztfg,1149.878594570733,37.763350318156824,26.2030119540773,ab,318,8,
16,58250.213009300176,ztfr,793.5142703480764,85.47295068950848,26.1659879455372,ab,318,8,
17,58258.15878470009,ztfg,766.2802827594694,59.5668885551137,26.1576164354169,ab,318,8,
18,58258.18958330015,ztfr,553.336395685026,23.57662003017343,26.0662223385134,ab,318,8,
