,time,band,flux,fluxerr,zp,zpsys,field,ccd,comment
0,58210.28563660011,ztfg,909.8733460827254,110.77000743853053,25.4518761627256,ab,472,54,
1,58210.30329860002,ztfg,1784.4941534973138,64.60224350797205,26.1645362375538,ab,472,54,
2,58214.239618100226,ztfr,747.3663658314703,41.3334165431834,25.498885528003,ab,472,54,
3,58217.242361099925,ztfr,1065.6361258406994,22.542391784588403,26.0538064417052,ab,472,54,
4,58217.26069439994,ztfr,1102.1503392321117,21.822688020673528,26.1215897505592,ab,472,54,
5,58224.26422449993,ztfr,765.1818857221095,29.882451730417735,26.0591413229838,ab,472,54,
6,58224.2823032001,ztfr,874.5782569088982,27.524260570939408,26.0895657621443,ab,472,54,
7,58229.26091440022,ztfg,506.80404563151393,26.125876483038958,26.3193788148813,ab,472,54,
8,58233.171979200095,ztfr,767.0933659423143,53.29738990260652,26.2099835256942,ab,472,54,
9,58233.2125694002,ztfg,309.1596129534675,35.296116480324045,26.3128523055881,ab,472,54,
10,58237.232430600096,ztfg,293.1168963401587,97.10609100713273,26.2832038680419,ab,472,54,
11,58242.25480319979,ztfr,469.628675068913,22.653333054275954,26.1879840206727,ab,472,54,
12,58245.16771990014,ztfr,369.1568075667384,20.741299829195764,26.1519250711175,ab,472,54,
13,58248.20650460012,ztfg,139.95567099911818,16.073752855548037,26.2851678792049,ab,472,54,
14,58257.21192129981,ztfr,250.7239301546984,18.61969003752109,26.142288023043,ab,472,54,
