,time,band,flux,fluxerr,zp,zpsys,field,ccd,comment
0,58805.18978009978,ztfg,-26.92813753983968,20.498722516234075,26.1367420023285,ab,347,47,
1,58805.23115740018,ztfr,22.29503312500799,31.48580650446674,26.1627120662703,ab,347,47,
2,58812.14821759984,ztfg,-8.985467556303854,17.67820198249847,26.0860202399099,ab,347,47,
3,58812.18915509991,ztfr,-7.281697682309639,26.991488134716384,26.1354920842987,ab,347,47,
4,58820.12464120006,ztfr,-9.740650823340248,32.336498320499054,25.8116475159036,ab,347,47,
5,58820.16865740018,ztfg,0.3118962008910491,36.22820674236913,25.1450416824943,ab,347,47,
6,58829.12850689981,ztfg,278.5848732979362,219.4314980785316,24.4905907128091,ab,347,47,
7,58835.072233799845,ztfr,1010.4045647928328,308.7811639013392,26.1109814779383,ab,347,47,
8,58838.144791699946,ztfg,728.0795383556067,51.540661090840715,25.9657723654727,ab,347,47,
9,58847.08512730012,ztfr,-22.49672390215482,40.845020136482084,23.1625899902252,ab,347,47,
10,58853.085219900124,ztfg,248.1363780513621,64.32623144127575,25.9210107452854,ab,347,47,
11,58853.14506939985,ztfr,414.72327266369246,62.26553571454036,25.922397107429,ab,347,47,
12,58860.14589119982,ztfr,483.0209980808571,56.93054598850756,26.2421400162344,ab,347,47,
13,58863.08523150021,ztfr,527.1476843881126,31.909186841332463,26.2935163384926,ab,347,47,
14,58863.12401620019,ztfg,156.89099439051896,25.451219201918306,26.2462498418357,ab,347,47,
15,58871.087812500075,ztfr,387.3826435073091,62.04346373234024,26.3009415665745,ab,347,47,
16,58872.150034700055,ztfg,118.87783636506855,29.325344190411307,26.1566571006686,ab,347,47,
17,58875.09166669985,ztfr,343.6345972022513,49.63749191448451,26.2571958176873,ab,347,47,
18,58875.12855320005,ztfg,91.13139978002495,25.25128328969759,26.1827061174488,ab,347,47,
19,58880.1328125,ztfg,9.410547337395812,50.382478694926185,26.1809983695078,ab,347,47,
20,58880.148310199846,ztfr,182.57190093936893,51.45238860797706,26.1894559335546,ab,347,47,
21,58885.098993100226,ztfg,93.9070451315984,84.83974628073474,26.1582708724876,ab,347,47,
22,58885.12934029987,ztfr,27.607720629577955,104.41591022895349,26.0731541334311,ab,347,47,
