,time,band,flux,fluxerr,zp,zpsys,field,ccd,comment
0,58305.17770829983,ztfr,-75.30977187736536,27.0242143972588,25.966807705156,ab,477,57,
1,58305.192465300206,ztfg,14.31192645684138,18.01028440074503,25.9762264379054,ab,477,57,
2,58308.18905089982,ztfg,34.28754311842877,17.646820191156642,22.9240911622252,ab,477,57,
3,58333.18561339984,ztfg,791.2567192182215,22.848368909910175,26.0380167933912,ab,477,57,
4,58336.17270829994,ztfg,1240.571589575871,24.111094603301733,26.1557096460033,ab,477,57,
5,58336.194583300035,ztfr,771.8192361530226,29.67778297271015,26.0730721852778,ab,477,57,
6,58348.151759299915,ztfg,1158.1980521948626,117.24499076275823,26.0633369593889,ab,477,57,
