,time,band,flux,fluxerr,zp,zpsys,field,ccd,comment
0,58397.33238429995,ztfi,-1.0546779414305145,17.392230229161733,25.6183132001934,ab,495,29,
1,58400.22817130014,ztfr,-3.542761769087645,16.7970689896928,26.2005087757714,ab,495,29,
2,58400.25340279983,ztfg,12.43489711720586,20.73603900086604,26.2992395133983,ab,495,29,
3,58422.30364579987,ztfi,-25.917276051903343,130.64387736241707,25.6159760270403,ab,495,29,
4,58423.14255789993,ztfr,558.8673356591862,27.57138960035009,25.9356743566157,ab,495,29,
5,58423.21998840012,ztfg,840.2708203213317,21.760936061013865,26.2127326280554,ab,495,29,
6,58426.14627309982,ztfr,651.8240710608458,30.644741402080836,25.6404669292975,ab,495,29,
7,58426.1891667,ztfg,849.1827725214529,21.731295736421508,25.8650253259378,ab,495,29,
8,58429.20591440005,ztfg,1379.126013136406,20.328772242036408,26.2281030934761,ab,495,29,
9,58430.21908560023,ztfi,507.12984813393234,23.86948301016446,25.6575910411684,ab,495,29,
10,58432.12944439985,ztfr,1375.921167113787,51.98757249564046,26.231031948292,ab,495,29,
11,58434.219201399945,ztfi,448.4418437564951,51.79668761047196,25.6772293535994,ab,495,29,
12,58435.10718750022,ztfr,1224.2565464117442,185.61859398111233,26.245447301006,ab,495,29,
13,58443.08353010006,ztfr,792.0784678016878,34.28049112323897,26.0307544683381,ab,1488,48,
14,58443.10670140013,ztfr,757.3694492397192,33.143508680835836,25.9920136737114,ab,1489,61,
15,58456.162164399866,ztfr,752.0209512740782,60.751387182591245,26.210544324918,ab,495,29,
16,58469.14266199991,ztfg,117.20478149546207,46.37239296444688,25.8993548242869,ab,495,29,
17,58472.15123840002,ztfg,119.55380605015114,90.86231564160784,26.1522886814669,ab,495,29,
18,58475.14195600012,ztfr,273.1290572414967,51.473628973090904,26.1870846152506,ab,495,29,
19,58482.09678239981,ztfr,243.94020696568813,60.10274900217076,26.1395076339459,ab,495,29,
20,58482.108356500044,ztfg,25.598062219472318,76.46012998379061,26.1048236493081,ab,495,29,
