,time,band,flux,fluxerr,zp,zpsys,field,ccd,comment
0,59019.21814810019,ztfr,6.912263369374715,13.066216368357887,26.2277996247348,ab,819,8,
1,59019.266574100126,ztfg,-1.1702609766230467,15.120518960677362,26.2763417536159,ab,819,8,
2,59022.22443290008,ztfr,-0.8187690176797019,14.250691183332076,26.2820148330746,ab,819,8,
3,59025.175451400224,ztfr,9.15441595717867,18.967137790256213,26.1524295088995,ab,819,8,
4,59025.21310190018,ztfg,-15.280624727913178,19.009662358418066,25.9948610187877,ab,819,8,
5,59028.20775459986,ztfg,49.029282230358916,24.841683487913336,26.225377570996,ab,819,8,
6,59028.21973379981,ztfr,13.172993346241691,21.569675839974384,26.1620340567248,ab,819,8,
7,59031.17943290016,ztfg,19.458780665534896,28.5462123760597,26.2362387958344,ab,819,8,
8,59031.221527799964,ztfr,39.23211126600827,26.043436755942942,26.1665359355899,ab,819,8,
9,59036.226087999996,ztfg,440.2838779182656,53.956118704100085,26.3025177702885,ab,819,8,
10,59036.25927079981,ztfr,384.6467964292729,45.0158718041645,26.1934822454958,ab,819,8,
11,59039.18012729986,ztfg,1255.6275438406988,23.48269678416447,26.3301999892002,ab,819,8,
12,59039.23870369978,ztfr,964.3103755081406,20.31104250386056,26.2035179486861,ab,819,8,
13,59042.208159700036,ztfg,1792.386078100122,22.52611648061497,26.2119042452174,ab,819,8,
14,59042.2255092999,ztfr,1406.9979030131628,27.424824165753936,26.1517032755851,ab,819,8,
15,59045.204479199834,ztfr,1974.9084296509864,25.635127764621515,26.2538999394666,ab,819,8,
16,59045.24135420006,ztfg,2385.4381604519913,28.458647883776177,26.256718031938,ab,819,8,
17,59057.19797449978,ztfg,2328.3962649573964,31.51782767486253,26.2155293576663,ab,819,8,
