,time,band,flux,fluxerr,zp,zpsys,field,ccd,comment
0,58955.27784720017,ztfr,-10.536993674486457,28.00516772504268,26.2255204559267,ab,424,8,
1,58955.31440970022,ztfg,7.712038409497078,18.076264425237824,26.3201967250922,ab,424,8,
2,58963.22405089997,ztfg,293.67417848686466,15.066279008546447,26.254067528413,ab,424,8,
3,58963.26648150012,ztfg,332.2886239085997,13.652940295883493,26.2670683107081,ab,424,8,
4,58966.26917820005,ztfg,795.1887014986249,20.526617318149913,25.8630771124425,ab,424,8,
5,58966.339502300136,ztfr,245.92003644028512,29.03670336383864,24.7776266545787,ab,424,8,
6,58972.192465300206,ztfr,2628.020079405598,47.58484234856766,26.2377903062176,ab,424,8,
7,58972.25289350003,ztfg,3443.9208730227933,44.472965563570924,26.3177621810947,ab,424,8,
8,58976.20774309989,ztfg,4621.531972636223,97.98068036962759,26.380863890712,ab,424,8,
9,58976.252453700174,ztfr,3367.728599519261,65.78512225040808,26.2404325613969,ab,424,8,
10,58980.22031249991,ztfg,4502.839852249427,29.650990964934437,26.3030994545735,ab,424,8,
11,58980.25065970002,ztfr,3616.3939522506457,26.80490075001288,26.2341531477371,ab,424,8,
12,58986.22310189996,ztfg,3581.792723938547,27.85738967614712,26.3103139344239,ab,424,8,
13,58986.253692099825,ztfr,3128.0243932762082,25.918249920789464,26.2397039175051,ab,424,8,
14,58992.189942100085,ztfg,2393.669747300683,24.928106963389446,26.3080845904665,ab,424,8,
15,58992.23145829979,ztfr,2160.449714859207,23.370982763262493,26.2264288603057,ab,424,8,
16,58995.19914350007,ztfg,1800.1964013621548,21.636503950718406,26.3041108457295,ab,424,8,
17,58998.190844899975,ztfg,1487.8715058479474,22.545642043626547,26.3253578264025,ab,424,8,
18,58998.22420139983,ztfr,1823.965060042306,26.336129790443323,26.2203869693501,ab,424,8,
19,59009.169976899866,ztfr,1568.7631804041052,45.62028198348523,26.29439155006,ab,424,8,
20,59014.197534699924,ztfg,459.46070881403216,19.943316558809578,26.3761064535388,ab,424,8,
21,59017.21644680016,ztfg,387.0284434178994,21.093380742547797,26.3669526809948,ab,424,8,
22,59017.233854200225,ztfr,1019.6273338636183,21.454762261877793,26.2528880112133,ab,424,8,
23,59020.196388899814,ztfg,342.3397212285076,15.977277029531267,26.3136225214747,ab,424,8,
24,59020.23497689981,ztfr,828.4284247421516,19.921066650514227,26.1963163716539,ab,424,8,
25,59023.213009300176,ztfg,311.810364795527,18.73749804617764,26.2991047021356,ab,424,8,
26,59026.21583329979,ztfg,169.07566636410962,34.97278398468531,25.5652427964089,ab,424,8,
