,time,band,flux,fluxerr,zp,zpsys,field,ccd,comment
0,58375.51655089995,ztfr,179.04127183913096,49.90331748622532,26.1024073595126,ab,464,32,
1,58378.52307870006,ztfr,907.4682536221294,70.47869579794647,26.1205106388231,ab,464,32,
2,58383.525868100114,ztfr,2527.70608274977,47.403450503206,26.1012505498073,ab,464,32,
3,58387.481886600144,ztfr,1899.4628233963315,105.26149917961834,25.4985221420412,ab,464,32,
4,58387.50612269994,ztfg,2937.230201578962,75.1538058506479,26.0809219064584,ab,464,32,
5,58390.49832180003,ztfg,2900.071588488753,46.30114355093341,26.0303108356216,ab,464,32,
6,58390.53146990016,ztfr,3642.9199312771643,63.585180248099356,26.1439784318584,ab,464,32,
7,58423.478773099836,ztfg,241.72342739985905,45.55360963411621,26.0725477639885,ab,464,32,
8,58423.50325229997,ztfr,852.9472677023102,43.11261386336246,26.1583720239642,ab,464,32,
9,58426.45744210016,ztfg,255.87104792324405,23.162151950419837,26.1565311398161,ab,464,32,
10,58426.50342589989,ztfr,726.6806630190637,28.46580742163649,26.1626094347271,ab,464,32,
11,58429.478715300094,ztfg,217.27901584352304,28.26534854122972,26.179103305645,ab,464,32,
12,58429.502766199876,ztfr,653.9708473579209,34.64007404068022,26.1834953067289,ab,464,32,
13,58430.40671300003,ztfg,225.0510727640794,21.20552471997432,26.1193196634301,ab,464,32,
14,58432.478356500156,ztfg,203.93289550529863,18.94888368725829,26.20361010767,ab,464,32,
15,58432.50283560017,ztfr,570.5554329678007,33.97117678486723,26.1850860121213,ab,464,32,
16,58435.52075230004,ztfr,607.5267432175738,107.06275578160994,26.197072777977,ab,464,32,
17,58438.46098379977,ztfg,197.3308724989079,15.351795804974634,26.1949991292816,ab,464,32,
18,58438.516701399814,ztfr,522.5936547249378,21.422172817943913,26.1848161585442,ab,464,32,
19,58439.3700116002,ztfr,383.87966320688105,21.400122213148187,25.8659208773605,ab,464,32,
20,58439.45233799983,ztfg,130.6010035817459,13.078411126410227,25.6368758367867,ab,464,32,
21,58441.437372699846,ztfr,435.09532662030136,25.970087002325407,26.1690312618293,ab,464,32,
22,58441.48156249989,ztfg,174.55668940950054,14.863302109631364,26.1620007852724,ab,464,32,
