,time,band,flux,fluxerr,zp,zpsys,field,ccd,comment
0,58981.3980556,ztfg,225420.730543136,411.31169646829954,28.9417941072764,ab,1587,20,
1,58981.43968749978,ztfg,235062.27821989686,408.8222833992037,28.9867765263021,ab,1587,20,
2,58984.488888899796,ztfg,21607.89981844387,73.24097933075105,26.3616667246005,ab,1587,20,
3,58984.4893633998,ztfg,21484.981573137946,73.49032209378751,26.3566318609743,ab,1587,20,
4,58997.475312499795,ztfr,11101.887633096048,50.755639940519686,26.4017918928936,ab,1587,20,
5,58997.47577549983,ztfr,11365.1602445796,50.684958233316884,26.422230163766,ab,1587,20,
