,time,band,flux,fluxerr,zp,zpsys,field,ccd,comment
0,58904.14236109983,ztfg,1.397927387036357,16.025143025469283,26.1294297966284,ab,857,37,
1,58904.17954860022,ztfr,-27.859358899515684,19.702028846937488,26.1737023873685,ab,857,37,
2,58911.180763899814,ztfr,236.93242602162346,118.46340302575258,25.7013855213305,ab,857,37,
3,58914.17998840008,ztfg,-112.38016404610656,67.1369842810214,25.3748295841475,ab,857,37,
4,58917.14078699984,ztfr,-443.5167392710519,358.9584409595415,24.4050335631767,ab,857,37,
5,58917.21553240018,ztfg,31.56780164381014,102.67774733162284,25.6060621696234,ab,857,37,
6,58941.15818289993,ztfg,568.4703271883684,32.78343542842089,26.1280620853169,ab,857,37,
7,58941.17954860022,ztfr,646.6817015698767,71.49810602155516,26.1804937365832,ab,857,37,
8,58956.17569439998,ztfr,424.5387421169193,26.854653097257515,26.1489352086749,ab,857,37,
9,58956.21372690005,ztfg,220.13845371918984,21.6580520743004,26.0886001828253,ab,857,37,
