,time,band,flux,fluxerr,zp,zpsys,field,ccd,comment
0,58861.31649310002,ztfr,61.584349518336964,124.47937545161456,26.2251685125208,ab,364,8,
1,58864.31733800005,ztfr,-21.52440360625853,22.45597354578128,26.2157547308572,ab,364,8,
2,58867.373900500126,ztfr,-14.776924135949798,27.15405467569577,26.2420117311773,ab,364,8,
3,58867.38277779985,ztfg,-49.99548539092412,33.96566055034401,26.3450251733181,ab,364,8,
4,58872.2494907002,ztfg,13.936533040571632,23.460601631060957,26.2032728736072,ab,364,8,
5,58875.33327550022,ztfg,-26.894355281240223,25.40734165447091,26.2698230798818,ab,364,8,
6,58878.313495399896,ztfr,-18.789130414402997,39.14163166614356,26.2389975770378,ab,364,8,
7,58881.24913189979,ztfg,36.75311503501252,50.30610754760535,26.2514393432116,ab,364,8,
8,58885.29288189998,ztfg,68.84488442671925,84.71772484440487,26.1062790084647,ab,364,8,
9,58888.25571760023,ztfg,241.7838743563877,178.73400388475363,26.3172421590782,ab,364,8,
10,58891.2126042,ztfg,394.2255950733779,63.29866877464152,26.2319047522645,ab,364,8,
11,58891.313807900064,ztfr,432.2033195365569,44.452581064593076,26.2400989781648,ab,364,8,
12,58895.209560200106,ztfg,476.33236462268826,26.70676476214081,26.2324796706533,ab,364,8,
13,58895.27353010001,ztfr,509.29205871811814,24.84755649245888,26.2196673750772,ab,364,8,
14,58898.271643499844,ztfg,647.3293974517281,19.02487439626909,26.3044589000295,ab,364,8,
15,58904.25493060006,ztfg,383.80393069703314,27.197076539166545,26.2751516778256,ab,364,8,
16,58911.23005789984,ztfr,304.056757319244,63.03037012280221,26.1887051769613,ab,364,8,
17,58914.230104200076,ztfg,102.33608989264545,58.40345933259126,25.9400388748043,ab,364,8,
18,58914.33692129981,ztfr,199.30090116963268,72.48978173553368,25.7846162068257,ab,364,8,
19,58940.167928200215,ztfg,28.083396701566038,27.14972256529819,26.257620320789,ab,364,8,
20,58940.18930559978,ztfr,52.483620298989386,55.41964370721286,24.2461613595249,ab,364,8,
