,time,band,flux,fluxerr,zp,zpsys,field,ccd,comment
0,58288.19557869993,ztfg,-6.934222948334326,19.037579811080573,26.2564543534323,ab,625,6,
1,58288.25035879994,ztfr,10.756208577767454,20.960172316476235,26.1609121326435,ab,625,6,
2,58292.17623839993,ztfi,-53.896964011163455,29.19697404774875,25.5207696204147,ab,576,52,
3,58292.17954860022,ztfi,-7.198438174160773,18.66016536449441,25.5447137310931,ab,625,6,
4,58292.193935200106,ztfg,6.216818379454623,30.772760827564035,26.2778411643925,ab,576,52,
5,58292.23434029985,ztfr,-15.862109302753797,33.86598574381132,26.1418343138901,ab,576,52,
6,58294.23295139987,ztfr,5.790304558850603,26.380542635760595,26.1606343221954,ab,625,6,
7,58295.174618099816,ztfg,7.111734210845573,42.45303632061227,26.2571969039525,ab,576,52,
8,58295.234768500086,ztfr,-2.6115304599696367,31.4536860934972,26.1216038814188,ab,576,52,
9,58297.2531365999,ztfr,-24.344263414179707,41.93662941705837,26.1039088155293,ab,625,6,
10,58298.17628470017,ztfg,47.60544417953617,69.54122884643174,26.2830309126626,ab,576,52,
11,58298.25663190009,ztfr,0.17050747494451532,46.775367286244766,26.092468026645,ab,576,52,
12,58300.1789119998,ztfr,-12.725927773659562,19.209396930088243,26.1262093373558,ab,625,6,
13,58300.19535879977,ztfg,-8.732825262054703,17.609602693723385,26.2017989047517,ab,625,6,
14,58302.19307869999,ztfg,-3.972342986254195,14.96204444357606,26.2032136895208,ab,576,52,
15,58303.19971060008,ztfg,31.132635263929316,12.240743863258702,26.1468283877073,ab,625,6,
16,58305.1806481001,ztfr,160.81750568534298,28.58140910864065,25.970210450675,ab,576,52,
17,58305.195983800106,ztfg,96.93389098506717,20.71338149471507,25.9478098506633,ab,576,52,
18,58306.17383099999,ztfr,411.57575837232764,24.712930069523555,25.9906040872921,ab,625,6,
19,58321.177199100144,ztfg,11010.069706977101,64.01982309776245,25.9921064952816,ab,576,52,
20,58336.17777779978,ztfg,5024.598743769341,36.52248380024065,26.0356579355072,ab,625,6,
21,58348.1573379999,ztfg,1457.4901016757626,87.84547537968295,25.8301984042398,ab,625,6,
