,time,band,flux,fluxerr,zp,zpsys,field,ccd,comment
0,59174.12474540016,ztfr,-76.69068500007775,74.84792675245643,25.272874448642,ab,293,63,
1,59178.19135419978,ztfr,8.942480461275544,56.04334768039284,26.1387351844273,ab,293,63,
2,59180.16265049996,ztfg,61.81430508098195,274.2794109099385,26.1529080309104,ab,293,63,
3,59182.15365740005,ztfg,141.2725553581219,75.50102224880415,26.1923070903769,ab,293,63,
4,59182.1962731001,ztfr,-118.58361480385297,62.861083312214326,26.1133796636664,ab,293,63,
5,59184.10556709999,ztfr,-27.43288545538634,46.22974077526772,26.1597286563871,ab,293,63,
6,59184.146620399784,ztfg,-3.4967859353157134,66.69501785924369,26.1876584937929,ab,293,63,
7,59185.146909699775,ztfr,-64.96597269053967,62.21251587284873,26.1521194222341,ab,293,63,
8,59185.1702083,ztfg,-54.45701200274008,92.81361899779968,26.1564542784785,ab,293,63,
9,59187.105729199946,ztfg,-2.4932941764243837,48.19585039212625,26.2049430585629,ab,293,63,
10,59187.168009299785,ztfr,66.6088788169847,96.80149838740527,26.1421182572871,ab,293,63,
11,59189.16856480017,ztfr,-41.04325181824721,60.15275936028547,26.1452824676943,ab,293,63,
12,59192.12563659996,ztfr,255.763220573103,143.8467798257206,25.9516111718173,ab,293,63,
13,59194.12584490003,ztfr,409.3370707595176,47.208501046238254,26.1563903956018,ab,293,63,
14,59198.106053200085,ztfr,1047.5837031464555,64.39506353159334,26.1462539341143,ab,293,63,
15,59198.16603010008,ztfg,1226.4068859972274,91.97630499858454,26.0647804346751,ab,293,63,
16,59200.147696800064,ztfg,1206.549340993647,36.616201975157416,25.8078891931781,ab,293,63,
17,59205.10549770016,ztfg,2495.7844487272964,46.28650097434795,26.175630496867,ab,293,63,
18,59211.102557899896,ztfg,842.0348583462309,153.17880309880084,25.0672583706934,ab,293,63,
19,59211.1281365999,ztfr,2093.5377649847605,108.9179435923654,26.1047564288911,ab,293,63,
