,time,band,flux,fluxerr,zp,zpsys,field,ccd,comment
0,59059.48104170011,ztfr,911.6860978995235,39.891704613412294,26.1640815108637,ab,745,6,
1,59059.48607640015,ztfr,951.4064433086708,42.35720605910428,26.175248313611,ab,745,6,
2,59059.4910995001,ztfr,912.270840081862,62.36380382392421,26.1921331137587,ab,745,6,
3,59059.496134299785,ztfr,959.6851838926069,84.02741597018502,26.2059756954728,ab,745,6,
4,59061.4793866002,ztfr,868.5232287915577,33.024862257576245,26.1139040790453,ab,745,6,
5,59061.48439810006,ztfr,911.1143737801242,34.00100885137661,26.1382014808024,ab,745,6,
6,59061.489421300124,ztfr,858.7846734977982,35.91303858869129,26.1446869457338,ab,745,6,
7,59061.49445600016,ztfr,910.9679915966263,51.82566087737664,26.1648694796496,ab,745,6,
8,59061.499479200225,ztfr,910.3772991661623,77.43048935006311,26.1768010106435,ab,745,6,
9,59063.48094910011,ztfr,923.1146013448133,89.89748564353532,26.1731931715757,ab,745,6,
10,59063.48607640015,ztfr,793.6441329984684,65.67129781797452,26.1844662569231,ab,745,6,
11,59063.491215299815,ztfr,772.6519585865219,66.07020246888517,26.1911444690165,ab,745,6,
12,59063.496354199946,ztfr,890.1216754827293,69.66186857846664,26.1902927695188,ab,745,6,
13,59065.483692099806,ztfr,568.4959812262842,88.02547364832793,26.1311115253388,ab,745,6,
14,59065.48870369978,ztfr,762.8134645382953,89.46055402808851,26.138867679511,ab,745,6,
15,59065.493715300225,ztfr,547.218023499118,102.2614228380145,26.1458337158321,ab,745,6,
16,59065.49873840017,ztfr,682.4162324290359,115.34290004000097,26.1577428497298,ab,745,6,
17,59067.48576389998,ztfr,668.9975508455054,59.91648661153503,26.2144568368835,ab,745,6,
18,59067.49068289995,ztfr,664.3890877818437,67.2014810879503,26.222436121542,ab,745,6,
19,59067.49560189992,ztfr,658.7417866948365,68.25211385732447,26.2296101371547,ab,745,6,
20,59067.50054399995,ztfr,847.946673792103,81.18615788660674,26.2318832352412,ab,745,6,
21,59069.48706019996,ztfr,640.8577075093339,37.29971937500144,26.2253556592229,ab,745,6,
22,59069.49219910009,ztfr,684.3174918065909,45.085382648022765,26.2343345712974,ab,745,6,
23,59069.49734950019,ztfr,594.3493384067443,43.04541583816987,26.2313428678973,ab,745,6,
24,59069.50251160003,ztfr,543.9266058173699,60.75602643533835,26.2409727369116,ab,745,6,
