,time,band,flux,fluxerr,zp,zpsys,field,ccd,comment
0,58540.4389698999,ztfg,-29.201390173757012,41.24198565741131,26.1657739280293,ab,274,44,
1,58540.50466440013,ztfr,-61.71808391932344,37.52290741624544,26.243166215299,ab,274,44,
2,58561.39666670002,ztfr,2774.3670131547974,69.19037410266807,26.1623485223627,ab,274,44,
3,58561.48094910011,ztfg,563.4537569998874,183.80106617187965,24.266586545992,ab,274,44,
4,58569.376307900064,ztfr,1995.1723399787536,47.64975118662175,25.7371715280413,ab,274,44,
5,58569.39800930023,ztfg,2479.7442249980913,48.18705976252018,25.7641628148089,ab,274,44,
6,58574.3561689998,ztfg,128.60293733276683,21.24835714571763,22.7309736782461,ab,274,44,
7,58574.41894679982,ztfr,739.5185695158428,78.24740572782865,24.8895436559895,ab,274,44,
8,58582.353634300176,ztfg,1472.7070600410723,29.79815096859407,26.0197612923881,ab,274,44,
9,58582.398032399826,ztfr,154.60557194857796,67.13096998248345,23.4819283564441,ab,274,44,
10,58585.334085599985,ztfr,1562.9716213322233,33.01469813248774,26.1082500913845,ab,274,44,
11,58588.31313659996,ztfg,133.3349824722901,78.58693061507525,23.903943604581,ab,274,44,
12,58602.31311339978,ztfr,1184.9593440923359,41.297741820139336,26.1330383835199,ab,274,44,
13,58607.2936689998,ztfg,304.81136614684095,19.451635701644882,25.9291070717811,ab,274,44,
