,time,band,flux,fluxerr,zp,zpsys,field,ccd,comment
0,58486.563865699805,ztfr,1059.1983024099068,54.60339950831395,26.1293822459764,ab,586,54,
1,58486.56863430003,ztfr,1137.2037298247192,59.18283764532799,26.1510222965411,ab,586,54,
2,58486.57340280013,ztfr,933.2746512353893,53.520664356099715,26.155522801842,ab,586,54,
3,58486.57817129977,ztfr,1053.4077390950476,102.09539748153007,26.1708886631067,ab,586,54,
4,58487.562395799905,ztfr,1001.0891041056034,30.24333773874879,26.1417280012333,ab,586,54,
5,58487.567187500186,ztfr,987.7018171557345,33.707400662082925,26.1513076250092,ab,586,54,
6,58487.57199069997,ztfr,1011.6476853512946,34.814528299866296,26.1613634507982,ab,586,54,
7,58487.57678239979,ztfr,1084.379312469391,65.62244502686256,26.1782468734001,ab,586,54,
8,58492.55637730006,ztfg,366.42476375442914,21.00636802724986,25.9446834168015,ab,586,54,
9,58503.511504599825,ztfr,188.92806608540914,145.6987534014063,24.6153584022165,ab,586,54,
10,58506.5275347,ztfg,-109.01083078782526,309.5669078484233,26.1641443276251,ab,586,54,
11,58511.50442129979,ztfg,112.1529380148159,48.026109995377006,25.5279202486305,ab,586,54,
12,58511.545567099936,ztfr,274.4663211549482,36.32504327403293,25.6579462691924,ab,586,54,
