,time,band,flux,fluxerr,zp,zpsys,field,ccd,comment
0,58964.33717590012,ztfg,-7.4744170038624596,38.07081785107367,26.1189055273042,ab,274,47,
1,58964.40074069984,ztfr,55.96270156311351,29.03954767817951,26.1448996295465,ab,274,47,
2,58967.27160880016,ztfg,-45.73879568839509,27.38745981695353,26.1113043942644,ab,274,47,
3,58967.33499999996,ztfr,-24.30308189913294,31.72815041751053,26.1810369002873,ab,274,47,
4,58970.27293979982,ztfg,-43.302931219614734,39.37180411417273,26.2153883000939,ab,274,47,
5,58970.356909700204,ztfr,-68.81622553473869,28.130546823124764,26.2303704468305,ab,274,47,
6,58979.2699190001,ztfg,-43.46702958462775,56.67770874153493,26.0606178011619,ab,274,47,
7,58979.31010420015,ztfr,18.98656085156963,59.98589795442556,26.1421289960122,ab,274,47,
8,58987.249826400075,ztfg,364.9462561995465,18.082600963461612,26.2028993208127,ab,274,47,
9,58987.29337960016,ztfr,328.0207554652431,26.91181016988959,26.2417563543235,ab,274,47,
10,58993.272338000126,ztfr,514.7783459279891,51.53736637774691,26.1787726013743,ab,274,47,
11,58997.20944439992,ztfg,691.5057582702267,22.4900008471224,26.1343308465667,ab,274,47,
12,58997.25106480019,ztfr,611.7187370204447,30.192826505605876,26.2006611494666,ab,274,47,
13,59021.211955999956,ztfg,148.6760157553433,17.464094220416538,26.194239684043,ab,274,47,
14,59021.23201389983,ztfr,327.6786613292326,25.87683644226751,26.2254130780962,ab,274,47,
15,59024.19312500022,ztfg,139.60952965174855,28.4882460336485,26.2297986358475,ab,274,47,
16,59024.211342600174,ztfr,306.15151387410333,26.74058876623219,26.2660157342405,ab,274,47,
17,59027.21038189996,ztfg,171.64443842259277,38.15855587188625,25.9862825875677,ab,274,47,
