,time,band,flux,fluxerr,zp,zpsys,field,ccd,comment
0,58447.31798609998,ztfr,54.53102928694045,103.53708877774092,26.0851648845056,ab,447,12,
1,58456.1686689998,ztfr,26.702069303244592,40.10219113960535,26.195345267443,ab,447,12,
2,58464.26921299985,ztfr,44.408947670639044,116.68273741525655,26.0748210669173,ab,447,12,
3,58471.149120400194,ztfr,450.25672779632737,74.17084235465576,26.0866041727163,ab,447,12,
4,58474.09817129979,ztfg,1051.6058207943147,45.669095776508684,26.3019498086915,ab,447,12,
5,58474.1296064998,ztfr,716.7481543091875,31.45975386134545,26.2039592268104,ab,447,12,
6,58482.14437500015,ztfg,1543.8316465590328,51.27859698108495,26.2661940548569,ab,447,12,
7,58482.18631940009,ztfr,1051.9084994720674,52.41837910663548,26.0032190531674,ab,447,12,
8,58487.099664399866,ztfr,1197.040657834419,21.864083708053457,26.1826559124387,ab,447,12,
9,58487.144247699995,ztfg,1464.8960885669444,26.50984580362458,26.2613415830652,ab,447,12,
10,58491.131794000044,ztfg,1233.0076720363866,26.147514145573215,26.2542277545208,ab,447,12,
11,58494.1456133998,ztfg,914.6057947677195,33.544560000896304,26.1806541748917,ab,447,12,
12,58503.15371529991,ztfg,540.0144115888662,89.28786924943174,26.1493521664004,ab,447,12,
13,58509.166215300094,ztfg,316.38261515554336,116.75374857994598,25.9740971954631,ab,447,12,
14,58522.10030090017,ztfr,280.04688051204727,76.4143828830075,26.0904854996044,ab,447,12,
15,58522.10509259999,ztfr,291.905203597747,49.80049123688597,26.0889742439258,ab,447,12,
16,58523.10151620023,ztfr,293.01962582123457,44.91418107004547,26.1145185032865,ab,447,12,
17,58523.10638889996,ztfr,278.8554095778475,53.09349273623327,26.0804524747874,ab,447,12,
18,58523.111250000075,ztfr,324.22501378828713,46.44668696702817,26.0723622538453,ab,447,12,
19,58523.116111100186,ztfr,253.84659463572896,45.32112774490227,26.0553029375145,ab,447,12,
