,time,band,flux,fluxerr,zp,zpsys,field,ccd,comment
0,58851.551064800005,ztfg,216.34448700686488,69.61598243568072,25.7023506767706,ab,681,1,
1,58854.57061340008,ztfr,374.3506539727631,169.6130025833582,26.1897372804996,ab,681,1,
2,58873.53460650006,ztfr,1298.168504362076,24.80729516609142,26.1639565709554,ab,681,1,
3,58873.556504600216,ztfg,1326.2605885508867,22.29748341663923,26.2442836142111,ab,681,1,
4,58876.53535880009,ztfg,1069.6891625946598,20.69670235003284,26.2123703853245,ab,681,1,
5,58876.57364579989,ztfr,1048.416927012744,29.766011713187538,26.2142399197472,ab,681,1,
6,58879.50646989979,ztfg,835.04373135955,60.68102331228862,26.1553881331424,ab,681,1,
7,58885.46724539995,ztfg,373.65375940734316,115.98162538309515,26.1252866122452,ab,681,1,
8,58885.5464583002,ztfr,818.1943358337334,24.809931663991755,26.1998946529127,ab,681,1,
9,58888.51070600003,ztfr,573.0697862947823,97.33266449800051,26.2011397134619,ab,681,1,
10,58891.47421299992,ztfg,350.2467873129398,67.33693711249596,26.1821874865464,ab,681,1,
11,58894.52890049992,ztfr,663.6327624008707,33.16267398325233,26.2032810865468,ab,681,1,
12,58894.55839119991,ztfg,251.4222738740571,25.81706253668714,26.2810597387502,ab,681,1,
13,58898.52467590012,ztfr,544.3213979842737,19.960049921545476,26.2027278695768,ab,681,1,
14,58898.559756900184,ztfg,226.54359660769725,18.833287476937087,26.2903719630346,ab,681,1,
15,58904.52513890015,ztfr,423.9164654889761,21.5412779639329,26.2043389729415,ab,681,1,
16,58904.554837999865,ztfg,196.49018075026464,35.88979016923363,26.2747646798271,ab,681,1,
17,58908.51296300022,ztfr,311.6667204950321,17.663429321252448,26.1885482095307,ab,681,1,
18,58908.54083329998,ztfg,139.72991314031398,12.85521369286118,26.2588642844043,ab,681,1,
19,58911.5154281999,ztfr,341.60636844435396,34.93373264036806,26.1931759107163,ab,681,1,
20,58911.535520799924,ztfg,90.35689123555183,26.994043929044242,26.2711627226257,ab,681,1,
21,58914.464513900224,ztfg,93.18833089971807,22.72164986929273,26.2103846172501,ab,681,1,
22,58914.534571799915,ztfr,291.57130314012664,13.089117726823503,26.1974234950848,ab,681,1,
23,58917.403472200036,ztfg,340.5988813494875,234.73722416640805,24.3238520883708,ab,681,1,
