,time,band,flux,fluxerr,zp,zpsys,field,ccd,comment
0,58539.25182869984,ztfg,-2.17476360657724,35.685316824302504,24.2786489030873,ab,313,6,
1,58539.2948264,ztfr,-44.37986322328867,38.97709679547116,25.3244487298706,ab,313,6,
2,58543.25218749978,ztfr,9.463450060960295,49.70157039124464,25.5183502885827,ab,313,6,
3,58543.27398149995,ztfg,15.749956616593105,27.83037992365226,24.7987228485957,ab,313,6,
4,58568.18966440018,ztfg,858.8592707414028,23.23732403444622,26.017582101647,ab,313,6,
5,58573.226111100055,ztfg,1081.1954620732386,33.082879608606895,26.0627981760332,ab,313,6,
6,58573.234548599925,ztfr,1003.0492946957422,31.400904904551254,26.0562199906986,ab,313,6,
7,58581.1311805998,ztfr,212.80701387343476,45.10190433526136,24.5242399457969,ab,313,6,
8,58584.150925899856,ztfr,725.7103297140987,64.71816639424588,26.0704528896173,ab,313,6,
9,58584.18925930001,ztfg,648.4285643199926,61.43611390099147,26.0644648643786,ab,313,6,
10,58587.18812499987,ztfg,442.8289235131485,50.83722847193015,26.0870520071826,ab,313,6,
11,58592.16789350007,ztfg,224.31434738142408,115.88520558197096,25.7860939553375,ab,313,6,
12,58592.210821799934,ztfr,543.5319454718917,108.910105560146,25.96657032593,ab,313,6,
13,58598.14443290001,ztfr,439.32871151263794,23.91385045482988,26.0428796435037,ab,313,6,
14,58598.21077550016,ztfg,165.5578056286109,25.850229521197058,25.9584037335445,ab,313,6,
15,58602.18934029993,ztfg,-12.380795184026109,19.143472327324563,23.8486252812456,ab,313,6,
16,58608.14782410022,ztfr,211.596959931185,35.67645045249349,25.9915106228239,ab,313,6,
17,58608.16842589993,ztfg,83.92997859255614,32.7291537227665,25.978033867959,ab,313,6,
