,time,band,flux,fluxerr,zp,zpsys,field,ccd,comment
0,58534.4067592998,ztfr,-20.956251404347267,105.36799436197224,26.2141967946058,ab,1720,23,
1,58580.36652779998,ztfr,967.6136113384052,22.878572958103145,26.2633606673999,ab,1720,23,
2,58589.246956000105,ztfr,727.3938247888822,59.851513777277766,26.1525042580291,ab,1720,23,
3,58593.32989579998,ztfr,601.5231107451382,41.16304689315039,26.2485297369341,ab,1720,23,
4,58602.299571800046,ztfr,400.6089309611056,19.35266883865681,26.2396496170364,ab,1720,23,
5,58606.28108800016,ztfr,364.1948888499555,17.27817222697027,26.2200016738176,ab,1720,23,
