,time,band,flux,fluxerr,zp,zpsys,field,ccd,comment
0,58439.52146989992,ztfg,-8.158969708459667,10.708112362870137,26.1306147825018,ab,1714,41,
1,58449.463784699794,ztfr,716.5180098665985,30.46528454008323,26.2664813195012,ab,1714,41,
2,58476.452094899956,ztfr,935.1302254693915,36.525693022602475,26.3138871893487,ab,1714,41,
3,58481.4697106001,ztfr,941.6033803705487,32.07316955583031,26.3193095301504,ab,1714,41,
4,58482.52969910018,ztfg,488.3513211576935,27.67133942921509,26.3255593477418,ab,1714,41,
5,58487.47756939987,ztfg,313.21157748585586,15.21312873278862,26.3337558163197,ab,1714,41,
6,58493.46362269996,ztfr,594.2865756975942,16.747044894810106,26.3321747440485,ab,1714,41,
7,58506.497511600144,ztfg,138.03011136704197,72.19842544435562,26.341282352269,ab,1714,41,
8,58507.50270830002,ztfg,4.1002843989947735,82.72231455557481,26.3396498207096,ab,1714,41,
9,58512.51469910005,ztfr,164.26762154699557,16.988108478438946,25.8458629593019,ab,1714,41,
10,58513.46267359983,ztfr,67.04936118698996,11.813839337614379,24.9959729528614,ab,1714,41,
