,time,band,flux,fluxerr,zp,zpsys,field,ccd,comment
0,58476.55817130022,ztfr,557.1814073454179,90.91105241787334,26.0288788304857,ab,377,16,
1,58476.56304399995,ztfr,542.5711667464437,79.21080784206049,26.0475590879824,ab,377,16,
2,58476.56792820012,ztfr,464.4095706852016,75.79929530881125,26.0689809418294,ab,377,16,
3,58476.572812499944,ztfr,655.7785168198619,88.9817108373622,26.0751377621743,ab,377,16,
4,58480.56023149984,ztfr,296.79233191658204,159.72378582435533,26.0844872812457,ab,377,16,
5,58480.565069399774,ztfr,378.54038609797925,141.2048463469111,26.0803132275741,ab,377,16,
6,58480.569907399826,ztfr,262.11299275308795,181.33921301199226,26.0826005592213,ab,377,16,
7,58480.57474539988,ztfr,598.6347647073414,229.72281856408858,26.1097624943719,ab,377,16,
8,58481.55275460007,ztfr,288.1572590294139,100.70684231928452,26.0519055857116,ab,377,16,
9,58481.56020830013,ztfr,496.50299294545306,120.28754930532314,26.0757104297618,ab,377,16,
10,58481.564988399856,ztfr,369.0160510707711,97.71389220141674,26.088836622845,ab,377,16,
11,58481.56976850005,ztfr,514.2324854652696,114.56024914338131,26.0924730168119,ab,377,16,
12,58481.574548599776,ztfr,508.52803191629124,152.66508709379974,26.10533058596,ab,377,16,
13,58493.54684029985,ztfg,125.20588294663463,23.104900620422594,26.0391830617736,ab,377,16,
