,time,band,flux,fluxerr,zp,zpsys,field,ccd,comment
0,58439.37822919991,ztfr,479.03955543546857,20.44720917271895,26.0352676965164,ab,1512,26,
1,58448.42827549996,ztfr,1905.3746763585839,61.63781406211216,26.2355247427765,ab,1512,26,
2,58472.4346758998,ztfr,1081.2551837920544,27.997738038954687,26.2717693066548,ab,1512,26,
3,58481.43386569992,ztfr,737.7611591554471,36.147356864491876,26.2520994171871,ab,1512,26,
4,58493.487673600204,ztfr,379.1964494931051,18.59032044882158,26.2261820871619,ab,1512,26,
