,time,band,flux,fluxerr,zp,zpsys,field,ccd,comment
0,58257.224351900164,ztfr,-30.889635247820433,37.3962040925296,26.0494938141131,ab,816,9,
1,58259.16282409988,ztfg,12.648043350622146,39.86802710846367,24.5989868730643,ab,1820,42,
2,58259.1632869998,ztfg,61.49691478951835,37.46375132224382,24.3914531658741,ab,1820,42,
3,58260.17395830015,ztfr,-14.71755862168399,26.06587851723048,26.13760592797,ab,816,9,
4,58266.24070600001,ztfr,54.65341473438394,40.07199986922903,26.0545275540005,ab,816,9,
5,58266.24162039999,ztfr,-3.421753061317033,45.13624766885693,26.0737386404699,ab,816,9,
6,58269.24008100014,ztfg,39.181526168860714,71.666137274232,26.1557100036068,ab,816,9,
7,58269.24099540012,ztfg,-12.801678416754593,66.98229398002564,26.1523250533005,ab,816,9,
8,58270.242037000135,ztfg,-98.50258861674183,55.109850827034485,26.060498099505,ab,816,9,
9,58272.193958300166,ztfg,72.77520127682817,19.87400498112348,26.184230798308,ab,816,9,
10,58272.205347199924,ztfg,44.631876742049855,18.731119184791524,26.1589155303682,ab,816,9,
11,58277.224108799826,ztfg,3328.6955349333853,36.330542798578314,26.0516649805619,ab,816,9,
12,58280.18276620004,ztfr,9269.19647675525,50.67617105535395,26.1430068371859,ab,816,9,
13,58280.22274310002,ztfg,10822.205557326526,45.990031965220545,26.1682865412943,ab,816,9,
14,58284.199282399844,ztfr,17901.66319550154,64.42098865846276,26.0607499645989,ab,816,9,
15,58288.199780100025,ztfg,31878.23931363376,78.17157401055749,26.1566938620468,ab,816,9,
16,58293.17936340021,ztfg,34619.75131256544,98.1028344689697,26.1866033966606,ab,816,9,
