,time,band,flux,fluxerr,zp,zpsys,field,ccd,comment
0,58618.27131940005,ztfr,-18.08711140682868,32.96139846038886,26.092439084145,ab,1847,4,
1,58618.29627310019,ztfr,-57.3363217865937,76.18988768727846,24.8721683442728,ab,816,45,
2,58619.21789349988,ztfg,-0.4890725251943048,68.54210382117145,25.9973185870122,ab,815,33,
3,58619.21881939983,ztfg,99.41398896097267,77.9394743564619,26.0368186920267,ab,816,45,
4,58633.17961810017,ztfr,-15.808738673111314,25.51536476110494,26.0843648808079,ab,816,45,
5,58633.23688660003,ztfg,-31.528406615692635,23.21136191272271,26.0116646332797,ab,816,45,
6,58634.22562499996,ztfg,29.526709778588604,18.447338043600215,25.9921802011549,ab,816,45,
7,58634.227037000004,ztfg,-3.684078861548443,21.78856594790408,25.9729408360565,ab,816,45,
8,58634.260590299964,ztfr,-1.3639474070410116,22.932858796649874,25.9482184493056,ab,816,45,
9,58634.26246530004,ztfr,-30.382386225109457,22.698554796997694,25.9670539609141,ab,816,45,
10,58637.17173610022,ztfr,28.920332106288797,25.038998418322883,26.0492789478071,ab,816,45,
11,58637.2421875,ztfg,-7.663221785546222,23.484454849474368,25.8923300849002,ab,816,45,
12,58640.17702550022,ztfg,145.53609328682833,27.494798559092672,26.0140153952462,ab,816,45,
13,58640.226041700225,ztfr,224.48481603418838,29.27553079306662,26.0209351407062,ab,816,45,
14,58643.173402800225,ztfg,527.5747855871973,53.57702239057,26.1239128417043,ab,816,45,
15,58646.19375000009,ztfg,8.644908117155246,55.817926050098556,23.1226900767789,ab,816,45,
16,58646.21579860011,ztfr,975.0715079419311,38.87783935696724,26.0752498649881,ab,816,45,
17,58649.179918999784,ztfg,1141.8112069441008,66.15150922249661,25.9954448174837,ab,816,45,
18,58649.22307869978,ztfr,1046.454010030117,60.377656412289056,25.991548221194,ab,816,45,
19,58650.174918999895,ztfr,780.5851334818686,67.7746583531881,25.5595636959355,ab,815,33,
20,58650.17791670002,ztfr,1333.221324308993,41.89675384909744,26.0743536451219,ab,815,33,
21,58650.180914400145,ztfr,1257.3698654762684,41.18791309055159,26.0826902597781,ab,815,33,
22,58650.183923599776,ztfr,1231.3475447216108,39.4140779963069,26.0688586566749,ab,815,33,
23,58653.17335649999,ztfr,1380.4901734893842,41.73276062964893,26.0260549661506,ab,815,33,
24,58653.17709490005,ztfr,1309.6477514814387,34.80942320178728,26.0152164433227,ab,815,33,
25,58653.180416699965,ztfr,1308.2712952512238,33.616893514540116,26.0094775008673,ab,815,33,
