,time,band,flux,fluxerr,zp,zpsys,field,ccd,comment
0,58617.194062499795,ztfg,-24.931559998816315,42.30649795232443,26.1534427028064,ab,424,7,
1,58617.252569399774,ztfr,-12.904098912840915,29.082941129459837,26.0765208213029,ab,424,7,
2,58634.21032410022,ztfg,153.44665329440184,13.369318844418515,26.1104573659268,ab,424,7,
3,58634.25280090002,ztfr,178.72425194982375,16.24062551190384,26.0148513192142,ab,424,7,
4,58637.189930600114,ztfr,430.4846022812952,15.234163281154816,26.0474111873762,ab,424,7,
5,58637.233009300195,ztfg,452.9426089005774,17.15438041393263,26.0848939534088,ab,424,7,
6,58640.19240739988,ztfg,865.1803852984978,17.407863394137642,26.1184636331146,ab,424,7,
7,58640.23266200023,ztfr,836.9513636906231,19.21712466011638,26.0562029867598,ab,424,7,
8,58643.19340279978,ztfg,1416.5823744603874,28.00307856931919,26.1820084960993,ab,424,7,
9,58643.23428239999,ztfr,1282.1870146490903,27.47100824344017,26.0946715025942,ab,424,7,
10,58648.19004630018,ztfr,1455.3434211313745,62.87512701788588,26.0594031634509,ab,424,7,
11,58651.16908559995,ztfg,1569.5854586711953,70.98152257855163,26.1662263997304,ab,424,7,
12,58651.23149310006,ztfr,1541.3635837472484,50.99807076592609,26.0719169294999,ab,424,7,
13,58654.17166669993,ztfr,1394.4133635958242,36.201127711982885,26.0494591478469,ab,424,7,
14,58654.25231479993,ztfg,1314.2977712635713,34.559479577854276,26.0416424529361,ab,424,7,
15,58658.17452549981,ztfr,1201.477908338931,23.08288412302298,26.0692734630713,ab,424,7,
16,58658.190555599984,ztfg,1078.2346596256477,19.70510407405509,26.1497377711762,ab,424,7,
17,58662.194282399956,ztfg,797.2997239462978,24.53937208583728,26.1470770443766,ab,424,7,
18,58667.19362269994,ztfg,491.78083351778076,19.77251815645423,26.1579720634366,ab,424,7,
19,58667.21416669991,ztfr,821.2923752158702,20.813892264877754,26.0762767565899,ab,424,7,
20,58672.17364579998,ztfg,304.94568451707346,37.81539218170229,26.0932993823484,ab,424,7,
21,58672.191041700076,ztfr,684.9763992474769,32.09478083563891,26.0200309508533,ab,424,7,
22,58676.17131939996,ztfg,244.6714936800292,48.83212289107974,26.1110724562167,ab,424,7,
23,58676.19059030013,ztfr,627.2510259416512,42.81771064714283,26.0454990370599,ab,424,7,
24,58679.190347199794,ztfr,574.126276803621,56.25518128007789,26.0671648998991,ab,424,7,
