,time,band,flux,fluxerr,zp,zpsys,field,ccd,comment
0,58618.32427080022,ztfr,-102.97748100931163,82.14181554520474,23.7038357549595,ab,1729,37,
1,58632.48239579983,ztfr,-4.463515800488502,27.815009132585736,26.2078897158714,ab,1729,37,
2,58632.482847199775,ztfr,21.87730770120299,28.843182521045527,26.2073159506621,ab,1729,37,
3,58654.41230319999,ztfr,1066.6784204386297,41.741611288182625,26.1954748758067,ab,1729,37,
4,58654.412754599936,ztfr,1013.4691332432775,44.912096030059445,26.192669406248,ab,1729,37,
5,58655.38100690022,ztfr,1140.5221731894735,70.53383106894547,26.2103636175602,ab,1729,37,
6,58655.381458300166,ztfr,1098.1814823866255,73.23220309664461,26.2025731616464,ab,1729,37,
7,58684.39465280017,ztfg,101.71314441007155,53.06400586580104,26.1874832511613,ab,1729,37,
8,58684.39510420011,ztfg,74.02349939679867,46.08763786494371,26.1838191750735,ab,1729,37,
9,58685.41090280004,ztfr,283.3332349582135,26.182307524891446,26.2236573633911,ab,1729,37,
10,58685.41135419998,ztfr,292.20470129026575,27.825651844478948,26.2146334553315,ab,1729,37,
11,58686.339502300136,ztfr,265.43013080084523,23.790490372737334,26.214309988774,ab,1729,37,
12,58686.33995370008,ztfr,279.2809205347761,23.77159643191173,26.2134135511266,ab,1729,37,
13,58693.36994209979,ztfr,175.06599903210713,19.608243368966754,26.2211928914097,ab,1729,37,
14,58693.3703935002,ztfr,210.14307475939552,18.644875062627186,26.2307398446661,ab,1729,37,
