,time,band,flux,fluxerr,zp,zpsys,field,ccd,comment
0,58503.128842600156,ztfr,47.02031854097721,33.83570373504226,26.2608630449094,ab,452,39,
1,58503.129756900016,ztfr,-10.116169238915065,39.25008623507169,26.2420265489811,ab,452,39,
2,58503.16821759986,ztfg,16.914682734954376,54.920721641786905,26.2667655985932,ab,452,39,
3,58503.169131900184,ztfg,-19.365328170733736,61.65470097308378,26.2423405002268,ab,452,39,
4,58505.11196759995,ztfr,-68.06231281249829,52.482632425036186,26.2474640365054,ab,452,39,
5,58505.15015049977,ztfg,73.76136137174174,69.57800429995822,26.2436049302354,ab,452,39,
6,58507.165914400015,ztfg,-8.6648750446316,17.772781551112665,26.2518135181366,ab,452,39,
7,58507.16686340002,ztfg,-1.0646467254328076,19.703986387118697,26.243810257816,ab,452,39,
8,58507.237118099816,ztfr,-17.29235874230369,38.18137589410928,26.192053946996,ab,452,39,
9,58507.24130789982,ztfr,31.836417755182815,46.686129200326334,26.1303946797843,ab,452,39,
10,58509.14813659992,ztfg,56.61929219367981,37.55897861338896,26.2942094444924,ab,452,39,
11,58510.11188660003,ztfr,67.53658872333644,33.047645519759094,25.7352763198495,ab,452,39,
12,58510.11280089989,ztfr,-3.988816980634627,23.491337749519666,26.2146943834239,ab,452,39,
13,58510.161041699816,ztfg,-2.7008271966961823,35.62088956262343,26.1666869131524,ab,452,39,
14,58510.161990699824,ztfg,20.555368388296262,28.83857989264261,26.1873596870218,ab,452,39,
15,58511.16127309995,ztfg,-17.543634065181134,47.035137287991645,26.1284810508362,ab,452,39,
16,58514.17209490016,ztfg,0.8079603571786792,19.42812413377163,26.0785021850517,ab,452,39,
17,58514.18598379986,ztfg,-5.367624370943418,19.74514298460845,25.9360757184172,ab,452,39,
18,58523.17165509984,ztfr,157.26210098847847,25.966119120409548,26.0756582212689,ab,452,39,
19,58534.15187499998,ztfg,888.4970990961583,122.51163226477101,26.1335163382923,ab,452,39,
20,58534.15277779987,ztfg,445.7088008327986,146.6833531707838,26.1303536934717,ab,452,39,
21,58539.13115740009,ztfg,779.0066814471121,25.64792356442249,26.1483474701479,ab,452,39,
22,58539.145937500056,ztfg,670.825208938177,42.566074217618,26.0940568187865,ab,452,39,
23,58540.1244907002,ztfr,758.9922245221212,22.987774840718718,26.2151313747838,ab,452,39,
24,58540.143749999814,ztfg,777.2824696486608,49.01671262367579,26.1456747083122,ab,452,39,
