,time,band,flux,fluxerr,zp,zpsys,field,ccd,comment
0,58864.16780090006,ztfg,-7.577700761810207,17.47204505044728,26.1232843629002,ab,255,20,
1,58864.209919000044,ztfr,-3.477040094379152,24.73450456383977,26.2106830503351,ab,255,20,
2,58871.16843750002,ztfg,37.396541537663914,47.93594667621286,26.1376099625494,ab,255,20,
3,58871.2308565001,ztfr,98.11874860708905,51.0391388923001,26.2255794218628,ab,255,20,
4,58872.25731479982,ztfr,31.22179111864054,37.2551752308817,26.2103597897309,ab,255,20,
5,58875.167187499814,ztfg,221.80880627897244,24.105775939775224,26.0705218363605,ab,255,20,
6,58878.16721059987,ztfr,550.8335144777093,158.6681676972661,26.2373141704679,ab,255,20,
7,58878.198356499895,ztfg,490.9849010641253,100.83484824341839,26.1630137790773,ab,255,20,
8,58881.14678240009,ztfg,567.3914177859175,55.675929877482886,26.1561818094557,ab,255,20,
9,58881.25646989979,ztfr,639.8898397994592,53.20359107967249,26.1961001978848,ab,255,20,
10,58886.12592589995,ztfr,517.425518698433,74.7509821217752,26.2408298729952,ab,255,20,
11,58886.16744210012,ztfg,598.2887506856404,137.2276106487636,26.1779061667454,ab,255,20,
12,58887.14460649993,ztfr,663.9392582440705,51.803818292268886,26.2502904116952,ab,255,20,
13,58887.204710599966,ztfg,722.1314850279838,102.41587847716823,26.1478360009488,ab,255,20,
14,58892.14608799992,ztfr,662.2226964998758,29.725567285373117,26.1983531026709,ab,255,20,
15,58892.14753470011,ztfg,647.5808324578114,28.493807118274606,26.1523739198496,ab,255,20,
16,58895.10646989988,ztfr,629.8213222455643,48.51018525784913,26.2262690136228,ab,255,20,
17,58895.14612270007,ztfg,608.5150391560774,31.70554863311287,26.1482166786853,ab,255,20,
18,58900.129768500105,ztfg,319.5700484370187,35.00960523614728,25.7837764680906,ab,255,20,
19,58905.14637729991,ztfg,401.99455149719023,63.001498815566755,26.1087866906944,ab,255,20,
20,58905.1710994998,ztfr,442.6821918865785,121.3608676178749,26.1750790281364,ab,255,20,
21,58913.125740699936,ztfg,59.44346080439307,59.54942797928375,25.9610356112484,ab,255,20,
22,58913.1474768999,ztfr,407.1638048930804,60.18148901112428,26.0186735193316,ab,255,20,
