,time,band,flux,fluxerr,zp,zpsys,field,ccd,comment
0,58654.1813542,ztfr,9.379562209261454,17.994583083049555,26.0152794831542,ab,670,10,
1,58654.26451390004,ztfg,-114.4429339536674,42.95139876654649,25.9598682902047,ab,670,10,
2,58658.18408560008,ztfr,-14.601309624426902,12.755385973423518,26.0416590226914,ab,670,10,
3,58658.194641199894,ztfg,-17.70781853507175,14.73584949429666,26.1383629537805,ab,670,10,
4,58661.20075230021,ztfr,-7.875274160235059,19.771916707294142,26.0375469414652,ab,670,10,
5,58661.22396990005,ztfg,-4.189757974683004,23.99858040795437,26.087888892283,ab,670,10,
6,58667.20694439998,ztfg,-18.0752872118087,18.304068930986368,26.1237901159291,ab,670,10,
7,58667.22317129979,ztfr,9.61778255411274,20.741162570527553,25.9994909659704,ab,670,10,
8,58670.18608799996,ztfr,-28.733753988090314,38.89296031164571,26.011529312486,ab,670,10,
9,58670.201261600014,ztfg,-8.027639555866644,33.69926295914736,26.0463345719864,ab,670,10,
10,58673.18686340004,ztfg,69.99128369051641,25.467154730138905,26.1208809086705,ab,670,10,
11,58673.20263889991,ztfr,88.41781518385956,22.6284940361774,26.0084333345344,ab,670,10,
12,58676.17678239988,ztfg,336.9995375937682,45.779859352198294,26.1163156311744,ab,670,10,
13,58676.19968750002,ztfr,253.8141360122069,36.30582487411801,25.9697323913639,ab,670,10,
14,58679.18491900014,ztfg,527.7845465339984,49.16522248717649,26.1043869759735,ab,670,10,
15,58679.20061339997,ztfr,551.8315518946829,42.86999866863977,25.9638160763667,ab,670,10,
