,time,band,flux,fluxerr,zp,zpsys,field,ccd,comment
0,58795.53646990005,ztfr,794.4179025168868,40.017217684060114,26.0078501632303,ab,627,26,
1,58795.541504600085,ztfr,797.2237719693749,54.66002653218278,26.0371825161715,ab,627,26,
2,58795.54655090021,ztfr,891.5865346346455,67.38671986286639,26.0428366169375,ab,627,26,
3,58795.55159719987,ztfr,800.9829849291486,59.02930667142711,26.0637029740711,ab,627,26,
4,58797.538888900075,ztfr,782.6499548382272,32.69633770066,26.006923992615,ab,627,26,
5,58797.5439352002,ztfr,771.1976603696874,29.907683406442512,26.0246613892393,ab,627,26,
6,58797.54898149986,ztfr,781.2483338202535,38.48791183315273,26.0226880018685,ab,627,26,
7,58797.554016199894,ztfr,743.923939270846,44.07768967688125,26.0700584303976,ab,627,26,
8,58799.54137729993,ztfr,776.0079864684512,48.85956099266192,26.0799994270564,ab,627,26,
9,58799.54634260014,ztfr,824.7529623140136,46.079826777431656,26.0921934741408,ab,627,26,
10,58799.55130789988,ztfr,737.4752271573044,56.28097602407575,26.0908003492443,ab,627,26,
11,58800.53341440018,ztfr,813.0562585251438,53.31942377843709,26.0802181918627,ab,627,26,
12,58805.5355440001,ztfg,350.49867785134944,39.049217328671894,26.0131137977112,ab,627,26,
13,58827.538611100055,ztfi,441.518090654181,50.42257770788761,26.7994534011447,ab,627,26,
14,58827.539756900165,ztfi,447.0375057682094,39.510712679594896,26.8052087538636,ab,627,26,
15,58827.54090279993,ztfi,410.403523973597,38.975710110775026,26.8096253214404,ab,627,26,
16,58827.54204860004,ztfi,384.3510355418595,39.65878034964186,26.7995794952819,ab,627,26,
