,time,band,flux,fluxerr,zp,zpsys,field,ccd,comment
0,58789.18170139985,ztfg,-31.13180553888256,28.150304882185424,26.06113276795,ab,340,22,
1,58789.21068290016,ztfr,-42.7782673792838,51.00108912311885,26.1163736371197,ab,340,22,
2,58794.14725690009,ztfg,-11.748711375714242,73.54749897243838,26.0838447830048,ab,340,22,
3,58797.12710649986,ztfg,-73.190933936635,63.95166710469662,26.1120546864316,ab,340,22,
4,58802.17194439983,ztfg,-12.928613295862931,58.903522763790704,26.082778182915,ab,340,22,
5,58805.17293980019,ztfg,44.82234377175793,87.30467558995596,25.9999142106776,ab,340,22,
6,58812.089513900224,ztfr,748.5768381028628,37.98956126618414,26.127765324695,ab,340,22,
7,58812.12598379981,ztfg,819.8471477951431,34.991329157077544,25.9959576636542,ab,340,22,
8,58831.10590279987,ztfg,2783.651005334636,92.10590927223025,26.1778459074522,ab,340,22,
9,58846.07663189992,ztfr,1515.2337681170407,152.41202496682516,26.2391141548902,ab,340,22,
10,58846.081469899975,ztfr,1472.3726093328414,106.77489554179346,26.2366213416326,ab,340,22,
11,58846.08629629994,ztfr,1526.0134982200393,70.4575378941902,26.2197770065629,ab,340,22,
12,58846.09113429999,ztfr,1651.7894478356739,70.51766236284372,26.2109799810022,ab,340,22,
