,time,band,flux,fluxerr,zp,zpsys,field,ccd,comment
0,58270.46509259986,ztfg,1888.795890540546,86.43605157312992,25.9767218915954,ab,446,5,
1,58282.42033560015,ztfg,1061.628050167719,22.820141627742604,25.7447036231407,ab,446,5,
2,58282.47855320014,ztfr,870.6041928245301,31.189855191349718,25.5516115935096,ab,446,5,
3,58285.44298609998,ztfg,1211.8877888017714,22.34055031340198,26.1923352219288,ab,446,5,
4,58288.42298609996,ztfg,832.42952197427,38.92250801512998,26.1028509384932,ab,446,5,
5,58288.46217590012,ztfr,1172.985518118171,37.83167100052611,26.1795620110951,ab,446,5,
6,58291.443726900034,ztfg,695.0714720834358,18.5594299532422,26.2108915889409,ab,446,5,
7,58295.44665510021,ztfg,473.9548261953125,40.36624641331031,26.2063996816759,ab,446,5,
8,58298.44175929995,ztfr,848.8374581334642,72.78084380262536,26.1482312130416,ab,446,5,
9,58298.46127310023,ztfg,384.0251678014228,81.55557957962708,26.2011606435472,ab,446,5,
10,58301.45770830009,ztfr,791.240913105912,43.67647235448236,26.1523702373417,ab,446,5,
11,58301.46431710012,ztfg,399.8869430189468,46.93968594772499,26.2043762326946,ab,446,5,
12,58305.436122700106,ztfr,539.9831769529532,28.68757725429867,26.1157115092385,ab,446,5,
13,58312.38247689977,ztfi,158.52581615322595,16.732492965104278,25.1899265779139,ab,446,5,
14,58312.41840279987,ztfr,321.6286413623927,15.706947517206412,25.925550768092,ab,446,5,
15,58315.4193171002,ztfg,137.27017800961676,12.478777159631612,25.9972947271715,ab,446,5,
16,58315.46327550011,ztfr,312.45323358476423,18.57384199532934,26.0390434557454,ab,446,5,
17,58318.43934029993,ztfg,150.17046842141806,13.036875557757611,26.265963278854,ab,446,5,
18,58319.483078700025,ztfi,116.03721518091581,16.360159996737806,25.5249779692457,ab,446,5,
19,58321.43905089982,ztfg,134.3729191790182,14.64259744911745,26.2570519000646,ab,446,5,
20,58324.438298599795,ztfg,143.80121043462103,37.35077097410676,25.7924296413736,ab,446,5,
21,58324.460706000216,ztfr,234.8951219517482,29.734580954823674,26.1524099709094,ab,446,5,
