,time,band,flux,fluxerr,zp,zpsys,field,ccd,comment
0,58210.22648150008,ztfg,538.6429592180667,76.677754848648,25.8521190298722,ab,744,50,
1,58210.24571759999,ztfg,650.5972083909676,84.0511308788805,26.1114076658887,ab,744,50,
2,58210.24620370008,ztfg,404.9147277830411,85.45680955418293,25.9307573456791,ab,745,61,
3,58214.13107640017,ztfr,369.8548510442189,58.03601607304806,25.3785313971216,ab,745,61,
4,58214.15864579985,ztfr,244.98253699532023,74.93539759241183,23.8429641286296,ab,745,61,
5,58214.15958329989,ztfr,-3.0368894550459515,75.65714835993833,23.8034353008275,ab,744,50,
6,58217.1506829001,ztfr,361.8074031951341,52.94915963004252,25.7345803838654,ab,745,61,
7,58217.1689352002,ztfr,139.61253587692192,83.59047797572454,24.1816311691057,ab,745,61,
8,58217.171759299934,ztfr,88.04830161069927,80.80574028046338,25.1529209835536,ab,744,50,
9,58222.135509300046,ztfr,302.46192908822286,77.01824825455813,25.9482530585795,ab,745,61,
10,58223.13763889996,ztfr,412.39962374122524,55.68939967950467,26.2086663993203,ab,744,50,
11,58227.1822453998,ztfg,203.78507959100742,41.55798004352342,25.983953434255,ab,745,61,
12,58229.175844899844,ztfr,489.1932836071712,96.38655675367545,26.2039298303007,ab,744,50,
13,58231.157002300024,ztfr,232.52472618358377,53.48803551550169,25.9790803405561,ab,745,61,
14,58231.20250000013,ztfg,269.79590271691336,79.76152288273089,25.9500012535307,ab,745,61,
15,58232.156701399945,ztfg,294.3117181505896,87.90298463481076,25.8461229802873,ab,744,50,
16,58234.15891199978,ztfg,114.89688057552635,83.25095346080572,25.877130383963,ab,745,61,
17,58234.21552080009,ztfg,-12.176004034622238,81.47879618561457,25.9236613009193,ab,745,61,
18,58235.160497699864,ztfg,217.095853511916,85.25001926899424,26.2425944536115,ab,744,50,
19,58237.195717600174,ztfg,8.622756611450313,146.3469929256776,25.9105431321796,ab,745,61,
20,58244.163912000135,ztfr,80.96772964621819,66.17657348668344,25.8557608229956,ab,745,61,
21,58247.17883099988,ztfg,101.91743154194026,51.46521996528077,25.9146885682526,ab,745,61,
