,time,band,flux,fluxerr,zp,zpsys,field,ccd,comment
0,58654.44381939992,ztfr,667.5119316194007,86.96009192424738,25.837752241709,ab,345,1,
1,58654.482847199775,ztfg,244.23248548835463,93.27503451838155,25.948835058149,ab,345,1,
2,58662.4424883998,ztfg,161.17838771930667,16.86022522383101,25.9650671061913,ab,345,1,
3,58662.46072919993,ztfr,577.7281915473168,21.387943648679375,26.0408801947306,ab,345,1,
4,58667.44086810015,ztfg,155.11437773022138,15.25715565120661,26.0119458462989,ab,345,1,
5,58674.44557869993,ztfg,134.84116175319608,17.454037878192324,26.0872888702633,ab,345,1,
6,58674.4856480998,ztfr,363.73542601631044,22.50675319083866,26.1035496377916,ab,345,1,
7,58677.46096060006,ztfg,145.20693797229083,11.240773350820799,25.984696789944,ab,345,1,
