,time,band,flux,fluxerr,zp,zpsys,field,ccd,comment
0,58462.498101899866,ztfg,5.534981289943378,19.501326125566976,23.0025853737891,ab,369,22,
1,58469.51978009986,ztfg,-1.0501264194363706,24.143196922074495,25.973211063529,ab,369,22,
2,58472.45319439983,ztfr,185.29449656540024,44.882140950194625,26.2413354949828,ab,369,22,
3,58472.521574100014,ztfg,147.54825259307216,20.81779337452483,26.2438020035386,ab,369,22,
4,58476.50032409979,ztfr,708.5921063437986,42.576834259322744,26.274894754997,ab,369,22,
5,58482.478148099966,ztfr,1710.101889895128,44.14652040133347,26.2585414555585,ab,369,22,
6,58482.52135419985,ztfg,1575.8087320794382,41.79931399703757,26.0927010436252,ab,369,22,
7,58487.48275459977,ztfg,2276.5091472265667,24.111764879258992,26.2405578414231,ab,369,22,
8,58487.524664400145,ztfr,2203.797748551465,34.718600921115815,26.3015790044451,ab,369,22,
9,58491.47978009982,ztfg,1222.7545095573198,33.89959723388794,25.5449083408749,ab,369,22,
10,58491.52281250013,ztfr,2087.023113065767,52.93335054410464,26.1696506441992,ab,369,22,
11,58494.438171300106,ztfr,2149.0420583148466,33.905921101323976,26.2533021089726,ab,369,22,
12,58494.49957180023,ztfg,2037.864449448686,26.536903349504026,26.2599805563897,ab,369,22,
13,58503.47078699991,ztfr,1218.4044388884242,53.447881129256146,26.1095980327622,ab,369,22,
14,58503.54468750022,ztfg,840.2209865791777,90.82008017051072,25.7251144378254,ab,369,22,
15,58506.43510420015,ztfr,1267.1218940190963,245.42090302515496,26.2304870907268,ab,369,22,
16,58506.46215280006,ztfg,1332.503251580174,127.81939746627448,26.2489469886066,ab,369,22,
17,58509.5025231,ztfg,815.7143025321977,91.12120386279267,26.2586436412628,ab,369,22,
18,58512.469780100044,ztfr,255.65474932849077,29.410039142148083,24.6422964920066,ab,369,22,
19,58524.420080999844,ztfg,271.33632905669197,30.341733933064667,26.2083717317395,ab,369,22,
20,58524.45248840004,ztfr,822.7766493951568,26.608424880898593,26.2516257209786,ab,369,22,
21,58539.27457180014,ztfg,49.83294884626339,18.840843170180882,25.1996856768733,ab,369,22,
22,58539.29893520009,ztfr,183.27367455777073,27.18863973275783,25.5083656266162,ab,369,22,
