,time,band,flux,fluxerr,zp,zpsys,field,ccd,comment
0,59179.494398099836,ztfg,-8.50005134650243,24.97763475774872,26.3013032876595,ab,820,53,
1,59181.47359950002,ztfr,-18.898437472554328,78.37318661436746,26.2128437741456,ab,820,53,
2,59181.532824099995,ztfg,64.39446800409536,33.58842982347893,26.3228992661321,ab,820,53,
3,59184.44623839995,ztfg,81.33627182223265,59.60799433210536,26.2456862835754,ab,820,53,
4,59184.48964119982,ztfr,-1.7543946947790205,42.07981822173601,26.237609648503,ab,820,53,
5,59186.5344560002,ztfg,-67.28541051254257,192.9545753719975,26.341062713577,ab,820,53,
6,59188.475868099835,ztfg,8.056811831005401,46.54039296461923,26.2870001256881,ab,820,53,
7,59188.49478009995,ztfi,14.529303826102383,30.415392968684387,25.5951585907043,ab,820,53,
8,59188.51821759995,ztfr,37.28283804615988,32.95092991622883,26.2320941994237,ab,820,53,
9,59193.46981480019,ztfg,25.82834193540552,27.318831626998936,26.2680811775742,ab,820,53,
10,59193.52555559995,ztfr,-31.550522511234977,19.741314278041497,26.2156731663501,ab,820,53,
11,59195.490590299945,ztfr,10.445098149682131,28.89191087767284,26.0591071682266,ab,820,53,
12,59195.53608800005,ztfg,-36.153548205131955,33.62298019852503,26.0427472949128,ab,820,53,
13,59198.4462036998,ztfr,76.36235705322181,32.28656324863542,26.2242812821913,ab,820,53,
14,59198.533946800046,ztfg,57.642877571610626,22.338845990088565,26.3612127572069,ab,820,53,
15,59199.49418980023,ztfi,27.563721650103396,39.02788872102432,25.552856631291,ab,820,53,
16,59200.45505789993,ztfg,41.523980300332376,30.72991802689862,25.0019393258796,ab,820,53,
17,59200.53359950008,ztfr,143.55182962721847,28.17010228787287,25.8383384876535,ab,820,53,
18,59202.466550900135,ztfi,152.90129053324196,33.27353336977227,25.5610073927779,ab,820,53,
19,59203.4040045999,ztfg,345.0673204625837,47.09255345749262,26.2637847518933,ab,820,53,
20,59203.46901619993,ztfr,390.6116714351685,40.347165776685486,26.210870263964,ab,820,53,
21,59205.41109950002,ztfi,26.02168550712877,18.090087483395838,23.569543599646,ab,820,53,
22,59206.41151619982,ztfg,196.38428493963238,32.723958317764996,24.9169485984802,ab,820,53,
23,59206.496134299785,ztfr,105.14431866629715,34.55947693103385,24.52350427691,ab,820,53,
