,time,band,flux,fluxerr,zp,zpsys,field,ccd,comment
0,58234.39956020005,ztfg,13.966013300913465,78.12521654144118,24.8694030960843,ab,334,53,
1,58246.43842589995,ztfr,-122.38081007563001,63.51633643847087,26.2446386119679,ab,334,53,
2,58246.46039350005,ztfg,-67.33173341658419,66.41509227066283,26.2530919617106,ab,334,53,
3,58249.45921299979,ztfr,73.68418193092623,93.41720064586856,26.1928831577776,ab,334,53,
4,58256.41225690022,ztfr,1790.616588731172,39.059138901996754,26.2537475300288,ab,334,53,
5,58259.3968055998,ztfg,118.81158153475877,20.064837025235054,22.9844815928165,ab,334,53,
6,58262.37533560023,ztfr,3873.895437763722,59.04391767582693,26.2273985230771,ab,334,53,
7,58262.40170140006,ztfg,3610.238488394977,50.3871397318009,26.2347309917108,ab,334,53,
8,58273.403206000105,ztfr,4320.210827269115,83.92328752974376,26.2612542624959,ab,334,53,
9,58273.44033560017,ztfg,3607.693844051552,69.7442111376338,26.276632249736,ab,334,53,
10,58276.417083300184,ztfg,3038.592868379047,55.40331785534175,26.2710793656507,ab,334,53,
11,58280.41400460014,ztfg,2376.4096744464005,34.71094776720853,26.3105881502647,ab,334,53,
12,58283.39829860022,ztfg,1910.538801815166,34.57102411262553,26.3357985472206,ab,334,53,
13,58286.334907399956,ztfr,1622.9769867367997,29.354278421370463,25.8526403093072,ab,334,53,
14,58286.39925929997,ztfg,1350.380729901958,41.46941617687984,26.3050728168234,ab,334,53,
15,58289.32446759986,ztfr,2090.5311058158554,57.10324159253353,26.227242234212,ab,334,53,
16,58289.396018499974,ztfg,1055.1258289287393,70.93825295363014,26.2563717837827,ab,334,53,
17,58292.31366899982,ztfr,2025.4068443574865,53.196992805415405,26.2619937369134,ab,334,53,
18,58295.29253470013,ztfr,1998.074028820765,75.75538497254549,26.2358605956506,ab,334,53,
19,58299.43986110017,ztfg,605.6694742135708,111.08065927036309,26.0983745806414,ab,334,53,
20,58302.354907399975,ztfr,1490.5934591162436,85.45723136581682,26.3195286827215,ab,334,53,
21,58305.354861100204,ztfr,1051.9212540520696,74.89021655269744,26.1668016354107,ab,334,53,
22,58305.44269679999,ztfg,246.47734197691108,62.998242864897094,25.8697717165435,ab,334,53,
