,time,band,flux,fluxerr,zp,zpsys,field,ccd,comment
0,58505.1587731,ztfg,90.96817336498204,81.40439219127668,26.2340446057711,ab,649,6,
1,58507.15980320005,ztfg,-9.723641032038216,22.199873175728843,26.2433012443497,ab,649,6,
2,58507.160717600025,ztfg,-11.126377431688226,24.86503983332313,26.2463979090909,ab,649,6,
3,58509.17568290001,ztfg,44.87709277312288,66.21360276670615,26.1797930584444,ab,649,6,
4,58510.11837959988,ztfr,-10.459933371285706,27.575855803261863,26.1187475094381,ab,649,6,
5,58510.13896990009,ztfg,-6.099091818771926,33.391725850592465,26.1765221761773,ab,649,6,
6,58510.139884300064,ztfg,30.498344952699213,33.39167967730317,26.1665206748459,ab,649,6,
7,58511.11557869986,ztfr,-15.378762730985308,39.044335034006224,26.096320087683,ab,649,6,
8,58511.1412037001,ztfg,20.181619743654707,32.11094158992039,26.2140576122922,ab,649,6,
9,58514.17446759995,ztfg,0.8155938485394465,16.579942223873463,26.0663825429172,ab,649,6,
10,58522.13914350001,ztfg,-66.93190511207172,25.22160679927565,26.1600534164425,ab,649,6,
11,58523.1239120001,ztfg,34.68216201723415,19.384850409164187,26.2023476952454,ab,649,6,
12,58523.155567099806,ztfr,70.43274905476143,28.329599924725862,26.1225762580071,ab,649,6,
13,58539.140451400075,ztfg,2185.6518370230615,46.144079562739705,25.9636172688881,ab,649,6,
14,58540.11694440013,ztfr,2058.6888409890958,37.980393233223644,26.0812936892702,ab,649,6,
15,58540.117870400194,ztfr,2085.057566918168,34.18034904864659,26.0771771231248,ab,649,6,
16,58540.134386599995,ztfg,2443.898936543578,30.871458052764055,26.0326038671494,ab,649,6,
17,58540.135300899856,ztfg,2388.7953185874467,31.749278875844304,26.0256549898833,ab,649,6,
