,time,band,flux,fluxerr,zp,zpsys,field,ccd,comment
0,58820.08152779983,ztfr,-124.22394230692386,98.3673772617133,22.7195527410573,ab,588,51,
1,58820.08640050003,ztfr,-157.9343265762371,109.27840703022302,23.6737608998392,ab,588,51,
2,58861.56128469994,ztfr,516.3786524970734,197.88007614276415,25.9969295453006,ab,588,51,
3,58861.56609949982,ztfr,883.2010057507009,205.55889009396108,26.0183477841261,ab,588,51,
4,58861.57091439981,ztfr,510.6105176642569,214.3748766934027,26.0340375093199,ab,588,51,
5,58861.57572920015,ztfr,234.05411184719355,203.9954038872591,26.0499942779838,ab,588,51,
6,58863.5619907002,ztfr,570.0522507542761,60.99728374265975,26.0258239502882,ab,588,51,
7,58863.56697920011,ztfr,689.4141862915627,51.630689654903456,26.0581766258523,ab,588,51,
8,58863.57196759991,ztfr,659.1610025316974,50.27734651298514,26.0679349763268,ab,588,51,
9,58863.5769675998,ztfr,584.1459004857379,60.1546604934395,26.0893709652771,ab,588,51,
10,58871.56482640002,ztfr,497.9290771469886,73.8405066111326,26.1003940621713,ab,588,51,
11,58871.56994209997,ztfr,382.7630758773461,115.77958070183632,26.0933795520451,ab,588,51,
12,58871.575057900045,ztfr,404.4569385114679,156.93835604754315,26.1249988862678,ab,588,51,
13,58873.56350689987,ztfr,451.041197782168,33.631868714277296,26.1071997581835,ab,588,51,
14,58873.568518499844,ztfr,469.2406438680534,37.30599654099121,26.1263674491117,ab,588,51,
15,58873.57355319988,ztfr,465.47518578015615,40.481387947724684,26.1394508409236,ab,588,51,
16,58888.51789350016,ztfr,310.0074846757105,268.28863418790473,26.0985920426553,ab,588,51,
17,58892.53961810004,ztfr,240.84327621773622,43.853009583843665,26.1415392964194,ab,588,51,
18,58892.549872700125,ztfg,84.33224609311252,58.47650869614056,26.1626770965733,ab,588,51,
19,58895.51046299981,ztfr,162.10887842419157,56.17943507477906,26.0858806603365,ab,588,51,
20,58895.543333299924,ztfg,81.20777754522636,49.04109299904856,26.1809003353021,ab,588,51,
21,58900.504467600025,ztfr,117.53456183048283,34.43300415532783,24.9356728966639,ab,588,51,
