,time,band,flux,fluxerr,zp,zpsys,field,ccd,comment
0,58475.14057870023,ztfr,1.0690592515619193,32.03923084869945,26.1516302149062,ab,646,49,
1,58482.1240393999,ztfg,5.419287358703293,34.194750553283704,26.2423236107226,ab,646,49,
2,58487.13295139978,ztfg,-11.118030714504998,19.522564500829933,26.2337671767749,ab,646,49,
3,58491.143472199794,ztfg,26.945354738727975,21.96690118257139,26.1974460827515,ab,646,49,
4,58494.09434030019,ztfr,219.73092073182434,38.62081713440389,26.1509204538774,ab,646,49,
5,58494.133541699965,ztfg,166.54288910166753,23.97242888398295,26.173607090475,ab,646,49,
6,58503.157835599966,ztfg,1833.3602027084837,117.84736235362288,26.0941069504475,ab,646,49,
7,58510.13381939987,ztfg,2158.0106597650015,51.92388502217393,26.0287244643752,ab,646,49,
8,58522.099768499844,ztfr,1689.250909414927,86.12975936609764,26.0762350584709,ab,646,49,
9,58522.104560200125,ztfr,1576.0077767349835,55.85368041336248,26.059314819493,ab,646,49,
10,58523.10206020018,ztfr,1351.8102760604663,48.42476987078636,25.9194155420669,ab,646,49,
11,58523.106921299826,ztfr,1484.6177802991117,53.903648410105085,26.0025984922564,ab,646,49,
12,58523.11178239994,ztfr,1389.7227824216905,45.34983151365289,26.0150419404879,ab,646,49,
13,58523.11664350005,ztfr,1243.0364097953009,57.92061672377452,25.8808745900508,ab,646,49,
