,time,band,flux,fluxerr,zp,zpsys,field,ccd,comment
0,58634.20942129986,ztfg,19.74079965547581,14.16410172501501,26.0453976037208,ab,322,54,
1,58634.251898100134,ztfr,17.3819704399476,15.277548914303145,25.9975592180393,ab,322,54,
2,58638.21005789982,ztfr,14.462678311328148,20.325525793116366,26.0366306010822,ab,322,54,
3,58641.18097219989,ztfg,-2.9629423083848323,17.098074898746546,25.4222289095042,ab,322,54,
4,58641.272708300035,ztfr,96.86697613709421,19.092683494310638,26.0249744409303,ab,322,54,
5,58644.167963000014,ztfg,381.19349752751634,54.7099308936784,26.1337964593935,ab,322,54,
6,58644.25190970022,ztfr,255.81761909563392,33.23244773618013,26.0520293998642,ab,322,54,
7,58649.18975690007,ztfg,1154.7342437198263,107.18008279588939,26.045569266573,ab,322,54,
8,58649.21249999991,ztfr,657.032587926957,59.48165376519178,26.0260560832705,ab,322,54,
9,58653.21059030015,ztfr,961.6190347341926,37.9042274486935,26.0110134282971,ab,322,54,
10,58653.25337960012,ztfg,1302.1835159716982,63.20426201344243,25.921651029853,ab,322,54,
11,58662.17103009997,ztfr,1175.4534126831275,53.48581072183542,26.0918754595628,ab,322,54,
12,58662.19292820012,ztfg,1312.5239293257448,28.056289941672397,26.0872646770355,ab,322,54,
13,58669.17194439983,ztfr,774.3314655043266,35.56106215154243,26.0685015723198,ab,322,54,
14,58669.19739580015,ztfg,762.6535813905776,25.724435731413095,26.0372742878145,ab,322,54,
15,58672.17274310021,ztfg,476.1023129998725,48.9982026740732,26.0328975641203,ab,322,54,
16,58672.19013890019,ztfr,724.7286413055333,32.96205480648869,26.0071990383894,ab,322,54,
17,58676.17041670019,ztfg,418.1565823389942,64.90604548418419,26.0603664705335,ab,322,54,
18,58676.189699099865,ztfr,656.3580868161333,53.29275986940676,25.9958555277243,ab,322,54,
