,time,band,flux,fluxerr,zp,zpsys,field,ccd,comment
0,58210.207361099776,ztfg,448.6196333298121,58.137237975777886,25.9851204662057,ab,837,38,
1,58210.22743060021,ztfg,545.8478775403804,65.25063855455605,25.8841670380418,ab,837,38,
2,58215.206747699995,ztfr,436.0021358131182,72.38544444038777,25.4876417862404,ab,837,38,
3,58218.2077314998,ztfr,1041.2556415028514,50.764730334577926,26.1440273130786,ab,837,38,
4,58224.13796300022,ztfr,455.05215806272787,60.98177336237387,24.922252689936,ab,837,38,
5,58227.17993059987,ztfg,727.4261871868107,31.471147809264703,26.1278507544363,ab,837,38,
6,58231.159317099955,ztfr,845.9649118711444,45.27149602655542,26.2112749090169,ab,837,38,
7,58234.17144680023,ztfg,464.2837298156479,64.14181415937485,26.1748059011513,ab,837,38,
8,58237.15862269979,ztfg,247.51360276996843,130.7738932293976,26.1069135149869,ab,837,38,
