,time,band,flux,fluxerr,zp,zpsys,field,ccd,comment
0,58793.47047450021,ztfr,27.636121309017348,42.49407984655676,26.0882460848445,ab,305,50,
1,58804.33467590017,ztfr,-40.98926904886964,82.04650560571596,26.1025752333478,ab,305,50,
2,58812.29344910011,ztfr,76.03587150004866,28.437020947431815,26.0661450627048,ab,305,50,
3,58812.409571799915,ztfg,80.43766981921377,21.844582019257846,26.1242174887057,ab,305,50,
4,58830.22890050011,ztfg,1162.1899894278224,169.62040478002353,26.2367927968046,ab,305,50,
5,58830.31398149999,ztfr,1238.0789421054856,70.18774629554117,26.27094370597,ab,305,50,
6,58831.28267360013,ztfr,7530.023849602705,213.00491449952182,28.2140681726743,ab,305,50,
7,58831.359479200095,ztfg,9313.982264705106,422.5294655736014,28.2377455657612,ab,305,50,
8,58835.21446759999,ztfg,815.04856310242,192.61100200423255,24.6084881477647,ab,305,50,
9,58835.41025459999,ztfr,1189.793169145473,158.7549100051415,26.1954828346174,ab,305,50,
10,58838.214224500116,ztfg,274.574061289544,62.44741065935048,25.1476119234792,ab,305,50,
11,58838.23162040021,ztfr,128.17996961464087,122.50334814190137,24.6963836427948,ab,305,50,
12,58852.12883100007,ztfg,196.5556257629606,54.95202581288253,25.5222339694138,ab,305,50,
13,58852.17856479995,ztfr,634.3706085937556,33.58470229671744,26.2330703231547,ab,305,50,
14,58860.10785879986,ztfg,50.03723495554456,118.06272443042351,26.0466839738989,ab,305,50,
15,58860.23049770016,ztfr,665.2936115514985,75.07109146666966,26.238243572918,ab,305,50,
16,58861.22425930016,ztfr,417.35254070037513,85.45537924250856,26.2409598968862,ab,305,50,
17,58863.14925929997,ztfg,142.0038818866441,34.83687149459715,26.1913514650883,ab,305,50,
18,58863.21097220015,ztfr,152.4878915542817,39.27935214494896,24.2090210619424,ab,305,50,
19,58872.256863399874,ztfr,259.18424226317927,26.691292718204323,26.2379926638487,ab,305,50,
20,58875.167638900224,ztfg,93.8801809384276,21.869992450479515,26.1986572039771,ab,305,50,
21,58878.16766199982,ztfr,284.1749725061015,133.06332859227007,26.2364628940897,ab,305,50,
22,58878.20954860002,ztfg,18.819998932548614,95.74737520166107,26.269296165268,ab,305,50,
23,58880.19405090017,ztfr,273.9034112721418,43.91218165417513,26.2441398725483,ab,305,50,
24,58881.25690970011,ztfr,149.47749935346536,54.39734808893166,26.230284486009,ab,305,50,
