,time,band,flux,fluxerr,zp,zpsys,field,ccd,comment
0,58507.191365700215,ztfg,-46.73749088751484,29.305317797206925,26.1847910993045,ab,355,17,
1,58507.24541669991,ztfr,64.68339992457855,37.29875642128213,26.1366608914088,ab,355,17,
2,58510.20631940011,ztfg,45.568773706225485,49.40619378260425,25.6918785044543,ab,355,17,
3,58510.21049770014,ztfr,-81.03536393296358,129.56720698088537,25.5786627533074,ab,355,17,
4,58514.132094900124,ztfr,18.762601114261887,16.334041870921986,26.1701591721669,ab,355,17,
5,58514.205335599836,ztfg,20.095391937893606,22.01188368887012,25.9740680341563,ab,355,17,
6,58522.1474768999,ztfg,52.227723761040345,49.35626356072334,26.1404377557485,ab,355,17,
7,58522.18968749978,ztfr,48.65043243175677,24.419368950718273,26.1658408321607,ab,355,17,
8,58523.12770830002,ztfg,-7.251332579008327,39.363318281072765,26.143702708342,ab,355,17,
9,58523.18187499978,ztfr,8.837916798934302,21.752452296902362,26.1090211550029,ab,355,17,
10,58523.18278940022,ztfr,36.792951027551524,20.34498553691377,26.1060839680551,ab,355,17,
11,58534.171759299934,ztfg,6897.507353212101,136.08927365344945,26.118658320558,ab,355,17,
12,58538.168877299875,ztfg,3798.107699691725,40.965387027859414,25.1158782201257,ab,355,17,
13,58538.16979169985,ztfg,3945.553811806925,38.93947195776223,25.1834746693814,ab,355,17,
14,58540.19160880009,ztfr,8068.8365380900905,44.683845694137396,26.1534552476414,ab,355,17,
15,58547.211458299775,ztfg,7022.690263760566,45.598786773731696,26.0051261008807,ab,355,17,
16,58558.12099540001,ztfg,3008.6491783980223,90.89971003167028,26.1118272808655,ab,355,17,
17,58558.15004630014,ztfr,3959.683880845044,78.34915465735709,26.1332846779605,ab,355,17,
18,58562.12182869995,ztfr,3205.8752806223547,95.33744574354985,25.9544829715327,ab,355,17,
19,58562.18483800022,ztfg,1578.1272701887453,159.01458406135802,25.8953594299435,ab,355,17,
20,58574.13078700006,ztfr,181.9295289181241,45.13546549841076,23.8138410732986,ab,355,17,
