,time,band,flux,fluxerr,zp,zpsys,field,ccd,comment
0,58228.4508795999,ztfr,2715.749176362579,67.94013391243003,26.1622181500661,ab,438,12,
1,58228.4818171002,ztfg,2205.0931136705426,40.75467408562126,26.2026656554259,ab,438,12,
2,58234.40187499998,ztfg,555.4167568785568,77.2153526092079,25.0790242719006,ab,438,12,
3,58237.397071800195,ztfg,1009.1121965782551,137.8369873789238,26.0610453615882,ab,438,12,
4,58246.45473380014,ztfr,1900.3942563946064,58.31982293119768,26.190012090022,ab,438,12,
5,58246.46549770003,ztfg,656.1656031931899,38.231123793694366,26.2250723317214,ab,438,12,
6,58249.439375000075,ztfr,1882.5611948866467,76.35841263553408,26.1874030484368,ab,438,12,
7,58249.475590299815,ztfr,1887.2982565059563,100.39482571044611,26.2256142828978,ab,438,12,
8,58252.43848379981,ztfg,409.0421251450609,19.002158223993106,26.2480855179093,ab,438,12,
9,58252.48207180016,ztfr,1589.6299130501664,31.38173124882365,26.2081668658189,ab,438,12,
10,58255.41856480017,ztfg,306.2301344930536,24.9427243183209,26.1123210294914,ab,438,12,
11,58255.46098379977,ztfr,1371.0039950455564,28.053159796431522,26.2202111617754,ab,438,12,
12,58258.438449100126,ztfr,1084.271602168117,37.06002367723616,26.1562719947004,ab,438,12,
13,58258.48149310006,ztfg,324.48764995748496,41.41061958899792,26.2141628953937,ab,438,12,
14,58261.45937500009,ztfg,254.36076780143694,20.706551474388846,26.1884275264643,ab,438,12,
15,58261.484502300154,ztfr,922.885066024307,33.69797813803412,26.1793381569222,ab,438,12,
16,58266.355405100156,ztfr,785.7317902312213,64.2890937910843,26.132030939642,ab,438,12,
17,58266.48002310004,ztfg,236.90328224795067,80.86665183520957,26.2133638323526,ab,438,12,
18,58269.41769680008,ztfr,770.4161261863052,72.34654571790502,26.203751195801,ab,438,12,
