,time,band,flux,fluxerr,zp,zpsys,field,ccd,comment
0,59023.45928240009,ztfr,572.9885266102094,40.18336362583867,26.1214138339122,ab,654,8,
1,59023.46415509982,ztfr,605.016854301785,33.01120524307654,26.1292410770095,ab,654,8,
2,59023.46902780002,ztfr,602.8444992646864,34.88195127387784,26.1539080495055,ab,654,8,
3,59023.4739351999,ztfr,694.4672977194506,41.134306581139036,26.1669961017699,ab,654,8,
4,59025.459710599855,ztfr,564.673948036588,37.084005712971845,26.0904588672871,ab,654,8,
5,59025.4646528,ztfr,628.100865991573,38.34609123631166,26.0991642844185,ab,654,8,
6,59025.46960650012,ztfr,181.6629003768216,30.497520914412522,24.4750769218525,ab,654,8,
7,59025.47454860015,ztfr,477.82499253596944,28.977888597576765,25.7542544932289,ab,654,8,
8,59027.45999999996,ztfr,528.1794536857478,43.686832694880486,25.9544018337415,ab,654,8,
9,59031.46071759984,ztfr,486.3323306072915,22.779229182645068,26.0718594533565,ab,654,8,
10,59031.465752299875,ztfr,482.53508068921394,25.20153376708484,26.0879499620732,ab,654,8,
11,59031.47077549994,ztfr,486.6572388031405,26.407819227363422,26.1045795117344,ab,654,8,
12,59031.475810199976,ztfr,476.8261907514896,29.447368749940132,26.1256035636156,ab,654,8,
13,59033.46476850007,ztfr,580.3150904300121,41.32193584195393,26.1724477329489,ab,654,8,
14,59033.4697106001,ztfr,545.6170185080922,41.67819578380924,26.1819924842633,ab,654,8,
15,59033.474641200155,ztfr,488.9045529570066,34.658306551747415,26.1898392128186,ab,654,8,
16,59033.479583300184,ztfr,514.8123342183703,47.26707078744536,26.1941150059327,ab,654,8,
17,59035.46586810006,ztfr,445.4270517684367,56.08641993960441,26.1675102499487,ab,654,8,
18,59035.4709954001,ztfr,403.7710338803479,59.46645195243747,26.1822468597744,ab,654,8,
19,59035.47613430023,ztfr,415.0977990428084,62.35237768760771,26.204487406462,ab,654,8,
20,59035.48126159981,ztfr,504.6892044944406,54.7832208015481,26.220767079495,ab,654,8,
21,59048.43476849981,ztfr,250.94131399507913,20.92501358486167,26.2378660288109,ab,654,8,
22,59048.47290509986,ztfg,66.78181513915416,21.582201098441196,26.3657052768475,ab,654,8,
23,59051.43032409996,ztfr,232.90873497957185,24.956373977640823,26.2090969958296,ab,654,8,
24,59051.467175900005,ztfg,61.67272320195028,27.18495065213714,26.2939275942673,ab,654,8,
25,59054.42562500015,ztfr,248.56613334331394,23.66017199722252,26.2397050173836,ab,654,8,
26,59054.46359949978,ztfg,79.0947213185819,16.265249014299663,26.3689072086223,ab,654,8,
