,time,band,flux,fluxerr,zp,zpsys,field,ccd,comment
0,59032.35598379979,ztfg,927.0436773832824,90.6164153374264,26.1915165381689,ab,284,18,
1,59037.33523150021,ztfg,683.1299377626414,108.97648896801849,26.2265362447315,ab,284,18,
2,59041.292754599825,ztfr,1146.0150417137309,33.282609494761445,26.1199063526077,ab,284,18,
3,59041.35620369995,ztfg,276.50386327210504,48.90410827393437,25.9878303690769,ab,284,18,
4,59045.27203699993,ztfg,355.9211707486641,31.29700694963902,26.1742425130826,ab,284,18,
5,59049.29412040021,ztfg,275.4765745822301,41.21170966385773,26.1888590936402,ab,284,18,
6,59049.355254599825,ztfr,816.4826912252681,33.935115696742116,26.2568299998133,ab,284,18,
