,time,band,flux,fluxerr,zp,zpsys,field,ccd,comment
0,58582.5072337999,ztfr,1256.1091591074494,38.94093072755713,25.9879062761384,ab,772,13,
1,58582.50965279993,ztfr,1267.356118273849,41.70438397851285,25.9923340390026,ab,772,13,
2,58582.51464120019,ztfr,1215.8525780248867,42.19751848847152,26.0058361933031,ab,772,13,
3,58582.51962959999,ztfr,1298.5610896731905,62.24754705610377,26.0136796674821,ab,772,13,
4,58588.49917820003,ztfr,1322.8386280337738,31.01822502143552,25.8381170149326,ab,772,13,
5,58588.503622699995,ztfr,1336.1504843407427,34.02740101261594,25.8170363354467,ab,772,13,
6,58588.50806709984,ztfr,1229.8689466273984,41.93701091405775,25.7486078828784,ab,772,13,
7,58588.51251159981,ztfr,1383.0817656448676,46.942626223959444,25.8400939225194,ab,772,13,
8,58591.49582180008,ztfr,1628.887556203235,65.43247331497894,25.9543131772149,ab,772,13,
9,58591.49965280015,ztfr,1499.7742109338722,84.14468192856992,25.9211132837346,ab,772,13,
10,58591.50349539984,ztfr,1384.8449096987151,82.1642670038124,25.8947989925245,ab,772,13,
11,58591.50732639991,ztfr,1412.1320067467825,88.84684969662263,25.8334574967731,ab,772,13,
12,58597.48922450002,ztfr,1438.390029706557,35.017662411369294,26.0142051777257,ab,772,13,
13,58597.4930786998,ztfr,1427.9692683471933,34.80158478795903,26.015743713643,ab,772,13,
14,58597.498414400034,ztfr,1425.1858899774934,37.22401486290053,26.0330655490696,ab,772,13,
15,58597.50275459979,ztfr,1519.595257644141,42.3890151787873,26.0293730979313,ab,772,13,
16,58600.48753469996,ztfr,1204.1259610022641,29.35697550608816,26.0057959782566,ab,772,13,
17,58607.47827549977,ztfg,727.9581221371075,18.501490527143147,26.0390412111735,ab,772,13,
18,58607.494062500075,ztfr,872.0685767814451,30.713133057871314,26.0264526557235,ab,772,13,
19,58618.43540510023,ztfg,51.43290091401633,28.05077968676046,23.9024546558547,ab,772,13,
20,58634.429293999914,ztfr,379.7171113206461,17.488900499019348,25.9829185597436,ab,772,13,
21,58634.47017360013,ztfg,157.21412148134274,16.40449746083574,26.0941699804892,ab,772,13,
22,58637.43089119997,ztfr,330.6963121809263,13.481748993735808,26.0045573494147,ab,772,13,
23,58637.46996530006,ztfg,143.93125310537516,14.072412321871774,26.1018944776608,ab,772,13,
24,58640.457372699864,ztfg,118.03835381188122,13.348298475542979,26.0994139096705,ab,772,13,
25,58640.47105319984,ztfr,336.0992452054023,16.723768276624718,26.07034852083,ab,772,13,
