,time,band,flux,fluxerr,zp,zpsys,field,ccd,comment
0,58998.45046300022,ztfg,3208.8449646161653,26.321623985253538,26.1897764641779,ab,548,10,
1,59002.429583299905,ztfg,1848.5951825404566,36.670368079525254,25.8126076629514,ab,548,10,
2,59014.3895717999,ztfg,1733.6348766119318,31.246498645896388,26.1788734010641,ab,548,10,
3,59018.387905099895,ztfg,1691.682997657749,22.33865817081605,26.1992845905659,ab,548,10,
4,59018.4656134001,ztfr,3287.4616871611856,25.806463260291427,26.2098985532891,ab,548,10,
