,time,band,flux,fluxerr,zp,zpsys,field,ccd,comment
0,58770.11280089989,ztfg,85.35583054313912,96.10646663491352,26.0843065374873,ab,390,15,
1,58770.24049769994,ztfr,-76.43441593696063,148.04317320391743,25.9633959741583,ab,390,15,
2,58773.187025499996,ztfg,11.912880280683233,28.54538227900186,25.6662646694446,ab,390,15,
3,58773.19249999989,ztfr,-69.75281261392037,47.76697727744268,25.3552444101934,ab,390,15,
4,58776.18343750015,ztfg,-26.113346943561147,25.343045991605088,26.0470720401531,ab,390,15,
5,58776.19072919991,ztfr,52.62294860090194,42.01132010426773,25.995840831859,ab,390,15,
6,58779.21956019988,ztfr,-24.768727959223607,28.5739033553377,25.9873489395788,ab,390,15,
7,58782.181608799845,ztfr,54.04309530985497,55.77565748485016,26.0135367569908,ab,390,15,
8,58782.21125000017,ztfg,-35.91372833263853,35.54094502915649,26.0542474394831,ab,390,15,
9,58785.23303239979,ztfr,-38.824314638127326,33.900557191563,25.9327615652825,ab,390,15,
10,58789.182152799796,ztfg,79.96998508723104,24.234272895802352,26.0364282012542,ab,390,15,
11,58789.21158559993,ztfr,64.83871258639017,47.25338390462525,25.9604171187588,ab,390,15,
12,58794.147708300035,ztfg,454.7438722973994,62.29056387799176,26.0627373762729,ab,390,15,
13,58797.14675930003,ztfg,761.0242754546994,54.268188396644376,26.0513294736479,ab,390,15,
14,58801.07214119984,ztfr,690.7446136189743,160.6760635023131,26.0193387674526,ab,390,15,
15,58804.19160880009,ztfg,834.1484090967796,87.09294438839575,25.9061189895098,ab,390,15,
16,58812.08996530017,ztfr,922.1714948669844,30.149920383174646,25.9806354448386,ab,390,15,
17,58830.10818290012,ztfg,75.80033476915139,183.72952082709122,26.1471870113508,ab,390,15,
18,58837.08932870021,ztfr,382.813942620024,64.60447890976975,26.0933632098177,ab,390,15,
19,58837.121088000014,ztfg,126.37057700788273,69.28730812922191,25.9764584473829,ab,390,15,
20,58840.08109949995,ztfr,112.01779443606507,94.60330038678082,24.3164361106914,ab,390,15,
21,58846.075694399886,ztfr,606.9646139161487,146.24598814242125,26.0889414388588,ab,390,15,
22,58846.08053239994,ztfr,331.7399569840742,98.3383211043953,26.0766193791184,ab,390,15,
23,58846.08537039999,ztfr,309.12951904842316,67.94495914281184,26.0624038740227,ab,390,15,
24,58846.09019679995,ztfr,270.9171574970336,64.33433948661602,26.0525459232985,ab,390,15,
