,time,band,flux,fluxerr,zp,zpsys,field,ccd,comment
0,59175.54327550018,ztfr,37.95399690041907,32.8552917886306,23.0173268187512,ab,372,55,
1,59175.5479629999,ztfr,-27.18321117578024,57.00146229752571,23.2864547431316,ab,372,55,
2,59175.55262729991,ztfr,80.42654527766464,46.38726403459151,23.4322381957295,ab,372,55,
3,59177.54451389983,ztfr,345.2928878843508,45.539843883624705,26.1694203383949,ab,372,55,
4,59177.54918979993,ztfr,330.45744229725165,46.67854950623442,26.1768283130806,ab,372,55,
5,59177.55583330011,ztfr,195.80165201565654,49.70402485851687,26.1963990500919,ab,372,55,
6,59179.55175929982,ztfr,269.7995778593656,53.487105935138096,26.2086293930135,ab,372,55,
7,59179.56228009984,ztfr,305.9250837341072,75.45424573510046,26.2368000941805,ab,372,55,
8,59181.5470718001,ztfr,268.81308611802393,47.89968845362498,26.2075372311774,ab,372,55,
9,59181.5517477002,ztfr,286.0197545437308,52.45900250108081,26.2080501236162,ab,372,55,
10,59181.55643519992,ztfr,284.43960299199716,56.377594227427835,26.2174067388812,ab,372,55,
11,59181.561122700106,ztfr,199.57881795616476,68.18486327070619,26.236242696339,ab,372,55,
12,59183.55093749985,ztfr,221.21184950936072,84.41867421951245,26.2003508460948,ab,372,55,
13,59183.55562500004,ztfr,118.1817877200767,110.4341263311725,26.2332760657522,ab,372,55,
14,59183.560300900135,ztfr,332.6471053544373,113.65263704350674,26.2146042939738,ab,372,55,
15,59183.564965299796,ztfr,290.1405375532504,101.94359173541788,26.2360809221596,ab,372,55,
16,59184.55031249998,ztfr,163.89845984555996,62.32706424962648,26.208432467422,ab,372,55,
17,59184.55498840008,ztfr,367.28787972628527,55.089934359573384,26.2227230855757,ab,372,55,
18,59184.55966439983,ztfr,231.6153346690954,68.64296573963803,26.2440776374989,ab,372,55,
19,59184.564351900015,ztfr,443.5409896508845,97.6435447774731,26.2291814879797,ab,372,55,
20,59195.541562499944,ztfg,31.363762454286796,58.08314959611297,25.9862721523014,ab,372,55,
21,59198.54195600003,ztfg,-2.888859834603849,38.877803226564524,26.2885512977645,ab,372,55,
22,59201.51822920004,ztfr,118.6333432559802,51.32432179337568,26.2387679779444,ab,372,55,
23,59206.52759259986,ztfg,-5.095252253366823,33.374257916916214,24.2055065805785,ab,372,55,
