,time,band,flux,fluxerr,zp,zpsys,field,ccd,comment
0,58856.30501159979,ztfr,80.0474023642298,35.47560206789758,26.2922494476999,ab,1662,18,
1,58856.3054630002,ztfr,45.4818122043099,32.60208208899914,26.3005383523357,ab,1662,18,
2,58871.26531249983,ztfr,122.19131576963409,20.698225052469464,26.289668974421,ab,1662,18,
3,58871.26576389978,ztfr,146.46987905152912,19.2481654643283,26.2864566955932,ab,1662,18,
4,58873.25026619993,ztfr,268.70782525820704,18.09610425639846,26.2897559867975,ab,1662,18,
5,58873.2702314998,ztfr,295.3548743010697,15.872095586352419,26.2895862093479,ab,1662,18,
6,58874.2678704001,ztfr,374.39099220650814,15.580175190904862,26.2930345369372,ab,1662,18,
7,58874.268321800046,ztfr,374.97781006528845,14.14419597086227,26.2971788640495,ab,1662,18,
8,58881.26163189998,ztfr,1122.0281067596602,26.89326800192488,26.2954548284181,ab,1662,18,
9,58881.262083299924,ztfr,1136.7649809093025,26.1202963994559,26.3016867776526,ab,1662,18,
10,58882.19445599988,ztfr,1063.2209757943854,47.70676646065869,26.2674965826232,ab,1662,18,
11,58882.194907399826,ztfr,1180.8590178878878,41.10067088909057,26.2591045228307,ab,1662,18,
12,58883.20706020016,ztfr,436.1820037759009,148.40737280823188,25.2641517418065,ab,1662,18,
