,time,band,flux,fluxerr,zp,zpsys,field,ccd,comment
0,58509.15600690013,ztfg,67.14713217871761,59.93203682854595,26.2715726051466,ab,652,34,
1,58510.116504599806,ztfr,-6.48562805963448,20.05710697173384,26.2830957377329,ab,652,34,
2,58510.117418999784,ztfr,49.20531775325114,21.662647194829425,26.2367038276043,ab,652,34,
3,58510.141319400165,ztfg,13.040023116022402,36.16521315295873,26.2531525836266,ab,652,34,
4,58510.14224540023,ztfg,-13.674924841208027,42.79974920539589,26.24602807128,ab,652,34,
5,58511.123692099936,ztfr,28.12051712638511,19.58430175455097,26.2671952411355,ab,652,34,
6,58511.14217589982,ztfg,-51.44774388410939,27.915342350950205,26.2620324067474,ab,652,34,
7,58514.18269680021,ztfg,-16.36265240813944,20.639182707335905,26.0541562499235,ab,652,34,
8,58522.14398150006,ztfg,-28.190358796746644,42.948076670957,26.2397843101934,ab,652,34,
9,58523.122511600144,ztfg,-35.55315202836866,31.368191400618418,26.1984949968261,ab,652,34,
10,58523.17313659983,ztfr,13.299765409499152,21.592762486354403,26.2730312155185,ab,652,34,
11,58523.178113400005,ztfr,17.00549548236979,21.222865820676674,26.2742634107156,ab,652,34,
12,58534.13379629981,ztfg,613.2262866550788,79.56710292078442,26.2220974098829,ab,652,34,
13,58534.14232640015,ztfg,619.9862642025168,114.5924841675054,26.1919606721833,ab,652,34,
14,58538.11135420017,ztfr,945.676050291573,42.61459528493793,26.1418322205232,ab,652,34,
15,58538.11891200021,ztfr,987.8194164563114,59.19445104649213,26.1625290109173,ab,652,34,
16,58538.13429399999,ztfg,661.284777987964,34.79652573500787,25.6798120188059,ab,652,34,
17,58538.14270830015,ztfg,614.5738437319056,41.039710442062685,25.5482070469694,ab,652,34,
18,58539.13392359996,ztfg,1212.3170956422182,24.905500916201476,26.2028116230149,ab,652,34,
19,58539.174328700174,ztfr,1144.8483847733294,66.8891937116225,26.2276141993728,ab,652,34,
20,58540.12210649997,ztfr,1252.7183483188844,25.732359436334445,26.2543591408557,ab,652,34,
21,58557.13974539982,ztfg,484.8093720051206,113.65371945827441,26.1130290179011,ab,652,34,
22,58557.14065970015,ztfg,388.67991029231325,117.37892286654017,26.0982982020469,ab,652,34,
23,58558.12444439996,ztfg,414.5225083514909,87.15848467975034,26.1429594874777,ab,652,34,
24,58558.15424769977,ztfr,657.9940236802685,115.89895953272145,26.2026101580068,ab,652,34,
