,time,band,flux,fluxerr,zp,zpsys,field,ccd,comment
0,58864.16780090006,ztfg,556.0610069202664,20.35420487355496,26.1117549880571,ab,255,33,
1,58864.209919000044,ztfr,456.16440351492133,25.522305072303332,26.1956524503928,ab,255,33,
2,58871.16843750002,ztfg,697.1258235584412,48.56751451813052,26.1269175163756,ab,255,33,
3,58871.2308565001,ztfr,650.2775152738909,51.267049856380105,26.2107108499067,ab,255,33,
4,58872.25731479982,ztfr,612.6582344679293,33.77579659604605,26.1986416021293,ab,255,33,
5,58875.167187499814,ztfg,654.0298284825693,24.65106616179747,26.0703527779547,ab,255,33,
6,58878.16721059987,ztfr,630.4022436765634,149.7843675849379,26.2137262603323,ab,255,33,
7,58878.198356499895,ztfg,474.3940128869024,99.71058637485149,26.1389609382941,ab,255,33,
8,58881.14678240009,ztfg,597.8939683102939,52.34898518540656,26.1471541209537,ab,255,33,
9,58881.25646989979,ztfr,526.2260576430709,57.037016000042364,26.1928887498565,ab,255,33,
10,58886.12592589995,ztfr,489.12443051157175,73.55093241601251,26.2165149286117,ab,255,33,
11,58886.16744210012,ztfg,720.2507143156718,131.09399436748956,26.1692714818408,ab,255,33,
12,58887.14460649993,ztfr,392.1309509128413,53.468698022686624,26.2342294675341,ab,255,33,
13,58887.204710599966,ztfg,319.6741670529129,90.51066467802488,26.1352105005494,ab,255,33,
14,58892.14608799992,ztfr,339.14188994436915,27.47500383877306,26.174608994118,ab,255,33,
15,58892.14753470011,ztfg,256.1705356456554,23.40303417494432,26.1204715835209,ab,255,33,
16,58895.10646989988,ztfr,250.04404673946675,43.86482263107882,26.2080567197522,ab,255,33,
17,58895.14612270007,ztfg,169.1055712803349,31.52453256801504,26.1372300508561,ab,255,33,
18,58900.129768500105,ztfg,44.10930466534199,31.931900166796353,25.8397302769758,ab,255,33,
19,58905.14637729991,ztfg,-12.212289901884645,60.849548371715606,26.105985855439,ab,255,33,
20,58905.1710994998,ztfr,245.9908839466097,103.93785019166876,26.1674503991641,ab,255,33,
21,58913.125740699936,ztfg,-28.130666731026814,57.69217979403532,25.9489791999514,ab,255,33,
22,58913.1474768999,ztfr,165.8137604021861,56.84988090918683,26.0502716949282,ab,255,33,
