,time,band,flux,fluxerr,zp,zpsys,field,ccd,comment
0,58346.14914349979,ztfg,11.007735153328836,30.18034677468509,26.1567355747096,ab,583,51,
1,58346.17108799983,ztfr,-36.54282419506729,23.479179514937304,26.0941323016528,ab,583,51,
2,58350.22329859994,ztfi,0.5784605123079324,19.90343210199925,25.3947449398592,ab,583,51,
3,58353.14697920019,ztfr,29.707316348652675,26.31606841748009,26.1179775278934,ab,583,51,
4,58353.23214119999,ztfr,-19.850004324420382,32.459694124393906,26.105786068457,ab,583,51,
5,58357.23224540008,ztfr,-89.36500269261546,66.21005655314215,26.1297349079224,ab,583,51,
6,58360.13807869982,ztfg,-183.99519463398522,73.04641009549155,26.2864222037462,ab,583,51,
7,58360.24822920002,ztfr,-93.45503154080893,49.11837421588872,26.0755349696524,ab,583,51,
8,58363.132708299905,ztfi,13.059333300987943,26.389199206090154,25.4207916113129,ab,583,51,
9,58363.15370369982,ztfg,-24.438193179915004,13.692241264345173,26.1382051948765,ab,583,51,
10,58363.22760420013,ztfr,-4.794625522644578,39.87911985161019,25.9690204457477,ab,583,51,
11,58366.20740740001,ztfg,36.51352575951348,17.20454769506843,26.1231254485799,ab,583,51,
12,58367.138761600014,ztfi,22.273422282445647,16.529563843325448,25.4190617209889,ab,583,51,
13,58369.128020800184,ztfr,192.86053142393607,28.859171675554066,26.1237538069163,ab,583,51,
14,58369.22738429997,ztfg,174.5381290961124,20.609785995397452,25.9643616055511,ab,583,51,
15,58373.126250000205,ztfr,579.7083406127542,24.91355888695619,26.1337878670617,ab,583,51,
16,58373.20490740007,ztfg,507.74377028869924,29.52694690677373,26.0976498064124,ab,583,51,
17,58379.1244212999,ztfi,379.78035525683237,18.410732301606984,25.4393620096646,ab,583,51,
18,58381.17165509984,ztfg,996.9185310760612,52.76523293121077,26.1220582487457,ab,583,51,
