,time,band,flux,fluxerr,zp,zpsys,field,ccd,comment
0,58583.259629600216,ztfr,4.403794458590231,22.198349466584265,26.2132267212681,ab,521,23,
1,58586.1693519,ztfg,9.761530583459486,25.796167649523312,26.2263129877355,ab,521,23,
2,58586.21303239977,ztfr,4.632385526203037,22.9486343473484,26.2193171262577,ab,521,23,
3,58591.18440969987,ztfg,-18.174558466135746,48.46661086630462,26.2410316403242,ab,521,23,
4,58591.357847199775,ztfr,-101.22306410407647,162.8318066491691,25.936773114542,ab,521,23,
5,58594.155509300064,ztfr,-9.348109876991055,19.146609993729392,26.2426547384104,ab,521,23,
6,58598.185648099985,ztfr,7.358620592339922,12.123977588611202,26.2464388363064,ab,521,23,
7,58598.227812500205,ztfg,1.974714542930087,9.914682765165976,26.2278992145827,ab,521,23,
8,58601.25710650021,ztfr,-16.08976269380092,17.034140634875687,26.2449251974751,ab,521,23,
9,58605.163587999996,ztfr,48.644716911814,14.615703058222241,26.2077184091295,ab,521,23,
10,58605.21091439994,ztfg,46.72308110118824,10.461017008842045,26.229520945796,ab,521,23,
11,58609.149756900035,ztfr,59.08817881803267,20.40255655142629,26.2248915092735,ab,521,23,
12,58612.17420140002,ztfg,112.41847189672974,12.520078728254973,26.207333089054,ab,521,23,
13,58612.193449100014,ztfr,116.31710725278309,15.804412489190009,26.1893791644499,ab,521,23,
14,58618.2939352002,ztfr,337.74902796248756,176.2207809903345,24.4824640559355,ab,521,23,
15,58634.1702430998,ztfr,90.36248036967986,15.119788688200991,26.1742457154282,ab,521,23,
16,58634.19392360002,ztfg,83.57822019886291,13.158151581842972,26.0991836715191,ab,521,23,
17,58637.17813660018,ztfr,82.23664312132796,17.134280710953348,26.1448869887446,ab,521,23,
18,58637.2176967999,ztfg,13.471132774606318,17.095210010747447,26.0194967072666,ab,521,23,
19,58640.1724537001,ztfg,47.02318222408312,32.02113934271018,26.0987425623944,ab,521,23,
20,58640.22105319984,ztfr,80.66020970858648,27.759229800987136,26.0875086783554,ab,521,23,
21,58645.200428199954,ztfg,-54.302776410033914,46.83633315973448,26.0232289850901,ab,521,23,
22,58648.1704051001,ztfg,-13.288919572112617,81.53155394663396,26.1155527450981,ab,521,23,
23,58648.198877300136,ztfr,168.5120759737773,100.95827063576125,26.1273339579478,ab,521,23,
