,time,band,flux,fluxerr,zp,zpsys,field,ccd,comment
0,58733.49289349979,ztfg,4258.139322158939,34.700702960536965,25.978704153125,ab,749,13,
1,58733.51098380005,ztfr,4200.758645754385,33.7035980159727,25.9873482593635,ab,749,13,
2,58736.48716440005,ztfg,3584.0711473582287,27.926806033916403,26.017473039778,ab,749,13,
3,58736.508784700185,ztfr,3394.850843522557,33.93811647876569,26.0045522915953,ab,749,13,
4,58739.46843749983,ztfr,2661.7118130578024,65.28803488240463,25.9365023764165,ab,749,13,
5,58742.51358800009,ztfg,684.9812376428742,55.56641837625244,24.9571883484041,ab,749,13,
6,58745.48740739981,ztfr,2421.1998958241415,42.09939064021223,25.9842146781631,ab,749,13,
7,58745.51307869982,ztfg,1621.1708149376254,40.45275694470928,26.0996788612082,ab,749,13,
8,58748.49500000011,ztfr,2345.278296733331,31.33842115583128,25.9973633441598,ab,749,13,
9,58748.51326389983,ztfg,1245.0169042653406,32.62249348138746,26.1070702800109,ab,749,13,
10,58751.48979170015,ztfg,862.3727095290752,19.351381479741338,26.0096904372728,ab,749,13,
11,58756.47221060004,ztfg,642.6329713255658,18.67672631102351,26.0875136416123,ab,749,13,
12,58756.514629600104,ztfr,1704.5745051500007,25.410203593534188,26.0353978837479,ab,749,13,
13,58757.4093865999,ztfg,498.7932590716947,28.892312558629126,25.9294191121471,ab,749,13,
14,58757.44299770007,ztfr,1530.5726527019299,34.16291738414735,25.9904124182919,ab,749,13,
15,58759.44968750002,ztfg,518.2795514028074,15.634365435354862,26.0345546516757,ab,749,13,
16,58759.50943290023,ztfr,1397.4441809488628,20.77975365924108,26.0419084733393,ab,749,13,
17,58763.46872689994,ztfg,472.31939680104324,15.136786667975064,26.0916483173708,ab,749,13,
18,58766.467650500126,ztfg,424.0084743574653,16.29961725895787,26.0965537608494,ab,749,13,
19,58766.53208329994,ztfr,982.3180643601346,24.259698573976067,26.0423344684162,ab,749,13,
20,58769.473286999855,ztfr,869.2488536302479,34.58037614473861,26.0172622821887,ab,749,13,
21,58769.5181828998,ztfg,412.1202890663285,35.28077295523972,26.125453944279,ab,749,13,
22,58775.42422450008,ztfg,369.02860411106286,33.8764293058988,26.0839934790903,ab,749,13,
