,time,band,flux,fluxerr,zp,zpsys,field,ccd,comment
0,58677.312326400075,ztfr,8.892285772405355,55.45032466035968,26.0471852440318,ab,285,52,
1,58677.3160184999,ztfg,48.33772472270066,50.842141804149904,26.0729846048315,ab,285,52,
2,58690.35537040001,ztfr,15.792162369671258,26.32650349472982,25.958407968159,ab,285,52,
3,58690.35627309978,ztfr,8.963622339798613,24.98742290438392,25.9617286787553,ab,285,52,
4,58693.33532410022,ztfr,67.46013567154435,31.37512661657652,25.9966205236487,ab,285,52,
5,58693.33622690011,ztfr,20.046256759720546,37.62527565395104,25.9945498799752,ab,285,52,
6,58694.31362270005,ztfg,78.87534231513236,20.714257682792724,26.097544319898,ab,285,52,
7,58694.33481479995,ztfr,42.68379047676171,26.492372039223103,26.0483137852444,ab,285,52,
8,58706.24935190007,ztfg,1750.9998001417778,59.73921323098466,26.0895898090083,ab,285,52,
9,58710.21901619993,ztfg,2086.307505270899,127.64009596305482,26.1397537585846,ab,285,52,
10,58715.332361099776,ztfr,1823.4607022714888,54.10640243960687,26.0248635903883,ab,285,52,
11,58722.24098380003,ztfg,1382.355547825045,37.71300792365856,26.0563475015931,ab,285,52,
12,58722.30443290016,ztfr,1234.2867023340636,37.117915534214795,25.9664191884751,ab,285,52,
13,58725.16752310004,ztfg,1045.1668958841833,55.50828032868305,26.0466636939927,ab,285,52,
14,58737.14687500009,ztfg,596.1406163413097,138.07991670005126,26.115860096908,ab,285,52,
15,58748.20340280002,ztfg,95.30014877963521,61.55462318519646,25.6972561461114,ab,285,52,
16,58751.126585599966,ztfr,502.88311959232345,61.68365307730602,25.9727102288533,ab,285,52,
17,58751.203252300154,ztfg,180.8513642557121,36.86280485693667,25.923714324261,ab,285,52,
18,58758.1958912001,ztfg,133.43222261021964,51.78595419283682,25.9883882956769,ab,285,52,
