,time,band,flux,fluxerr,zp,zpsys,field,ccd,comment
0,58745.468009300064,ztfr,-3.590953363147304,41.66547679257938,26.0768659007733,ab,1344,30,
1,58745.46936339978,ztfr,35.20370559592912,44.67154589210468,26.0625024653795,ab,1344,30,
2,58746.471469900105,ztfg,17.59661146615165,35.55864340138133,26.0747879704288,ab,1344,30,
3,58746.50270830002,ztfg,2.8712607724597285,27.297267231617884,26.0777229392813,ab,1344,30,
4,58748.46623839997,ztfr,39.39499831074936,22.64625880510412,26.0549161763259,ab,1344,30,
5,58748.46668979991,ztfr,-27.310645486371328,22.240871781127243,26.0453045268283,ab,1344,30,
6,58749.472395800054,ztfg,0.4324437627196453,18.549334935984763,26.0582458686544,ab,1344,30,
7,58749.4728472,ztfg,-19.248732680599886,18.083545040856727,26.0606339413383,ab,1344,30,
8,58767.400891200174,ztfg,874.5745711925942,91.3521546093114,26.0585820979743,ab,1344,30,
9,58767.40134260012,ztfg,915.2326699343603,110.39782127411709,26.0575697719279,ab,1344,30,
10,58768.400335600134,ztfg,1122.3873484172102,51.30327016764964,26.0440293663431,ab,1344,30,
11,58768.40078700008,ztfg,1121.8505642240962,50.648056803883456,26.0777210866946,ab,1344,30,
12,58773.34134260006,ztfr,1538.3390866139755,43.27445352660412,26.0541174308159,ab,1344,30,
13,58773.34179400001,ztfr,1400.7541323184169,41.05429473176091,26.0300276382409,ab,1344,30,
14,58776.42520829989,ztfr,1519.3058296324602,50.70198488132003,26.0730447468685,ab,1344,30,
15,58776.426562500186,ztfr,1554.7969192164287,53.145423631352,26.0696808978865,ab,1344,30,
