,time,band,flux,fluxerr,zp,zpsys,field,ccd,comment
0,58557.13334489986,ztfg,-111.40823679180228,97.68192812564926,26.2219233439247,ab,700,47,
1,58560.13168979995,ztfr,249.8920606012825,55.15081225236344,26.2477884462102,ab,700,47,
2,58560.18201390002,ztfg,77.00353702450965,70.58202510277063,26.1476229500309,ab,700,47,
3,58568.18471059995,ztfg,1164.485122175228,53.11890790562362,25.7530687841623,ab,700,47,
4,58574.137337999884,ztfr,1734.901243994834,49.02718876971027,25.5880800346101,ab,700,47,
5,58574.15903940005,ztfg,581.0238282784998,37.55246744499358,24.4169903841477,ab,700,47,
6,58584.13534720009,ztfr,2591.385006183973,127.91629429527666,26.1008436403718,ab,700,47,
7,58584.13974539982,ztfr,2537.27447914409,120.10632373722973,26.0808462285838,ab,700,47,
8,58584.1441434999,ztfr,2168.45312036415,139.62746875196515,26.0685632950739,ab,700,47,
9,58584.148541700095,ztfr,2447.771009989916,115.21765718985651,26.0547791221811,ab,700,47,
10,58587.14005789999,ztfr,1931.4039185440174,73.3169393110053,26.007759163196,ab,700,47,
11,58587.144536999986,ztfr,1484.251097227788,88.7382983168522,25.8388553507061,ab,700,47,
12,58587.14900460001,ztfr,1640.0654213430353,79.3445411021888,25.8522453735357,ab,700,47,
13,58587.153472200036,ztfr,1930.0923383720203,83.38942257725576,25.9465435966579,ab,700,47,
