,time,band,flux,fluxerr,zp,zpsys,field,ccd,comment
0,58224.24634259986,ztfr,17.64476537216974,17.592117079916143,25.9611050740769,ab,1791,19,
1,58237.24450229993,ztfg,806.552325649048,79.07853452828242,26.2597104977265,ab,1792,30,
2,58237.244965299964,ztfg,934.912141395979,76.80842829187539,26.2375833468514,ab,1792,30,
3,58237.24731480004,ztfg,928.685346410429,54.25098297787321,26.2363462831014,ab,1791,19,
4,58237.24776619999,ztfg,947.3680195098308,54.752419183580095,26.2270732178305,ab,1791,19,
