,time,band,flux,fluxerr,zp,zpsys,field,ccd,comment
0,58369.49631940015,ztfg,2035.0346018758094,28.733552424345227,26.080939212898,ab,664,9,
1,58372.51513889991,ztfr,1697.6053551665484,43.0833110383605,26.1655931987343,ab,664,9,
2,58375.469444400165,ztfg,1203.2937559507404,26.10777467548381,26.1025972866521,ab,664,9,
3,58375.51428239979,ztfr,1511.9098658563553,29.77884774903163,26.1702127392607,ab,664,9,
4,58378.492916699965,ztfg,992.8351952874831,26.721769830766018,26.2150982102863,ab,664,9,
5,58378.50979170017,ztfr,1364.1889398662192,29.21318225469872,26.1689728874195,ab,664,9,
6,58382.52387729986,ztfr,1244.5027280347977,35.82160866051046,26.1945693804515,ab,664,9,
7,58384.4568403,ztfg,460.365530683978,57.66797710852761,26.0563016972006,ab,664,9,
8,58384.45730319992,ztfg,440.96796159891824,56.55753362891791,25.9855449453008,ab,1661,37,
9,58385.4925694,ztfg,595.5500447164911,54.949799122678286,26.2017034833634,ab,664,9,
10,58385.52677079989,ztfr,1226.6602981013743,60.13653893643128,26.2141043790169,ab,664,9,
11,58387.483703699894,ztfr,1015.4145872343679,52.239075432479,26.1170333013422,ab,664,9,
12,58388.47358800005,ztfg,421.5143352989099,39.59953125199764,26.1880047007394,ab,664,9,
13,58388.47450229991,ztfg,399.1504328192795,40.107367430004764,26.2021409771986,ab,664,9,
14,58388.51881940011,ztfr,1078.9713877153479,29.838568930640346,26.1673308313742,ab,664,9,
15,58388.51973380009,ztfr,995.0966508818158,28.270464016091825,26.1728602488815,ab,664,9,
16,58389.471469900105,ztfg,372.7978932581953,38.0474694399176,26.135611992509,ab,664,9,
17,58389.51762730023,ztfr,1012.1261354850465,26.582537860087736,26.1737112938852,ab,664,9,
18,58390.504247699864,ztfr,992.0888808473874,48.065816979524925,26.1832610342351,ab,664,9,
19,58397.48197920015,ztfg,283.1300202824059,18.795700170161087,26.2718970584123,ab,664,9,
20,58397.51483799983,ztfr,579.3857758709261,18.32862914993147,26.06976327091,ab,664,9,
