,time,band,flux,fluxerr,zp,zpsys,field,ccd,comment
0,58468.55493059987,ztfr,273.8049486867723,36.25654768011072,26.2060963688863,ab,376,43,
1,58468.559780099895,ztfr,224.23653377156256,35.816940104023075,26.2220507226105,ab,376,43,
2,58468.56460649986,ztfr,289.97393490735277,35.72836941041254,26.2291239873782,ab,376,43,
3,58468.56944439979,ztfr,283.17523459169314,44.91397648380654,26.2549713294432,ab,376,43,
4,58469.56356480019,ztfr,139.59425748512427,53.57009597469722,25.166430773063,ab,376,43,
5,58469.56834489992,ztfr,56.610432433215564,54.538834244060446,24.4076095276078,ab,376,43,
6,58471.55556710018,ztfr,289.3128128197474,45.289489374952204,26.2458961794813,ab,376,43,
7,58471.56052079983,ztfr,287.4331939924198,39.95025672343092,26.2562301324715,ab,376,43,
8,58471.56547449995,ztfr,281.397997823519,48.68575448309382,26.265792186317,ab,376,43,
9,58471.570428200066,ztfr,256.8795603811218,62.22178881064572,26.2760396538038,ab,376,43,
10,58472.557256899774,ztfr,251.050258861679,44.71955842140732,26.2523532184669,ab,376,43,
11,58472.56206020014,ztfr,229.04109258543966,46.09055411128337,26.2458755314444,ab,376,43,
12,58472.56687500002,ztfr,246.12639004852352,50.447759803858915,26.2655528904975,ab,376,43,
13,58472.571342600044,ztfr,317.57643115481295,75.14296430527547,26.283053377926,ab,376,43,
14,58476.5614467999,ztfr,151.0835393191776,48.3976837884718,26.2417572385601,ab,376,43,
15,58476.56631939998,ztfr,49.7897154672678,57.46017243988719,26.2602771389001,ab,376,43,
16,58476.5712036998,ztfr,291.1915233417135,54.79890348305895,26.268189320218,ab,376,43,
17,58476.57608800009,ztfr,134.39220085452024,78.87037670220067,26.2866919139434,ab,376,43,
18,58481.54486110015,ztfr,175.36096875044421,89.11010639526134,26.2405177147001,ab,376,43,
19,58482.56130790012,ztfr,153.75750232161502,71.5630446202624,26.1019045699823,ab,376,43,
20,58482.56553239981,ztfr,123.90991224633703,45.006875295306884,26.2838916626168,ab,376,43,
21,58482.571330999956,ztfr,-61.6642410994142,69.62101211352226,26.2914543993823,ab,376,43,
22,58482.576203700155,ztfr,339.01870027226016,89.56791832221579,26.2960963508603,ab,376,43,
23,58493.50773150008,ztfr,103.02474753797293,25.63339427270267,26.2355994572807,ab,376,43,
24,58493.545925899874,ztfg,34.292412612922014,18.06879153571479,26.1704100415584,ab,376,43,
