,time,band,flux,fluxerr,zp,zpsys,field,ccd,comment
0,58776.12057870021,ztfg,2.629259112171449,16.21499762525881,26.1822172343528,ab,726,56,
1,58779.09711810015,ztfr,-8.550116825485231,24.882468245207495,26.1371586570873,ab,726,56,
2,58779.121157399844,ztfg,31.588413599598713,18.17046272129062,26.1958399783595,ab,726,56,
3,58782.11652779998,ztfr,-10.79590657903706,27.72860063105704,26.1247448927233,ab,726,56,
4,58785.0953819002,ztfr,-10.63304704581091,21.92291100040414,26.1096705627744,ab,726,56,
5,58785.11959489994,ztfg,41.34406715849473,18.095964194622443,26.1813793315158,ab,726,56,
6,58789.118437500205,ztfg,42.58623670307192,38.70721415825709,26.1669047991714,ab,726,56,
7,58792.104606499895,ztfg,15.112628019641505,24.730634206866693,26.1196777047632,ab,726,56,
8,58792.12069439981,ztfr,-4.454992962099748,30.521099480779423,26.0482488837377,ab,726,56,
9,58795.121157399844,ztfg,195.44170217195324,47.630487666589545,26.1291404021864,ab,726,56,
10,58798.10160879977,ztfg,371.73070098363206,54.189581944892076,26.17096180056,ab,726,56,
11,58801.09146990022,ztfg,573.9725497303738,32.85700662000326,25.8689036742755,ab,726,56,
12,58804.09762729984,ztfg,1154.44313422962,48.81528395719116,26.1328354769812,ab,726,56,
13,58812.11387730017,ztfg,1516.6079408233384,37.12883156554889,26.0499902751348,ab,726,56,
