,time,band,flux,fluxerr,zp,zpsys,field,ccd,comment
0,58871.56530090002,ztfr,4272.461273979536,124.6550320528923,26.2705371318595,ab,638,34,
1,58871.570416700095,ztfr,4532.101465506752,201.50616908993547,26.2782045985355,ab,638,34,
2,58871.57554400014,ztfr,4832.670695781691,267.94309598968414,26.2918559979894,ab,638,34,
3,58875.56151620019,ztfr,6481.762809461214,115.60396257651347,26.2800500221366,ab,638,34,
4,58875.56651620008,ztfr,6674.220339132898,134.19713158059247,26.2934610779816,ab,638,34,
5,58875.57151619997,ztfr,6944.872587667266,182.3856791568483,26.3019695955822,ab,638,34,
6,58875.576539400034,ztfr,6593.574988732372,235.79098532119494,26.2981208130594,ab,638,34,
7,58892.52635420021,ztfr,4653.723513018019,96.546445802744,26.2919231592852,ab,638,34,
8,58892.56136569986,ztfg,4333.160998741204,82.91482787518213,26.2367635556949,ab,638,34,
9,58895.51936340006,ztfr,4046.6272088390606,62.681015380418394,26.2908064196022,ab,638,34,
10,58895.53472220013,ztfg,3299.131035499264,53.739978569328734,26.2123149763418,ab,638,34,
11,58900.51491900021,ztfr,2511.647226795907,42.71930388416976,25.8129674662527,ab,638,34,
12,58912.48756940011,ztfr,2906.6463048082387,44.9102529547117,26.3013173325069,ab,638,34,
13,58912.52858800022,ztfg,1010.6995759712087,26.632071277420003,26.2531694257349,ab,638,34,
14,58915.48697920004,ztfg,602.6355980207748,86.08975627896592,26.0168680961414,ab,638,34,
15,58915.524409700185,ztfr,2428.7512079740595,42.40246389583958,26.2528974032272,ab,638,34,
