,time,band,flux,fluxerr,zp,zpsys,field,ccd,comment
0,58890.2179744998,ztfg,65.42473947752673,199.1331209748032,26.2052837618665,ab,698,25,
1,58891.1002894002,ztfr,-23.117884728238725,44.97173992684112,26.3197742369874,ab,698,25,
2,58892.210266199894,ztfg,64.00034712910184,62.10732859615341,27.7002821345134,ab,698,25,
3,58892.2351505002,ztfr,-38.820848079697235,90.82678952390216,27.7329599192138,ab,698,25,
4,58893.1591897998,ztfg,-8.780359610909127,18.60242067171693,26.2513486638534,ab,698,25,
5,58896.12423609989,ztfr,-16.16830651873588,20.913427468658288,26.3084880470619,ab,698,25,
6,58896.17935189977,ztfg,27.793489893546656,22.31250584213139,26.2387958787614,ab,698,25,
7,58899.119398099836,ztfr,0.14615194052147426,21.42222889076285,26.3045866491384,ab,698,25,
8,58899.163032399956,ztfg,-13.098625166576907,20.771150813334565,26.251076408417,ab,698,25,
9,58904.1376852002,ztfg,58.47901399456799,24.500503865277107,26.2035224555465,ab,698,25,
10,58904.18486109981,ztfr,49.510413611037634,33.261389582245506,26.2188802592963,ab,698,25,
11,58913.11822920013,ztfg,3775.8034043043626,45.29264917597814,26.1314516766782,ab,698,25,
12,58913.162199100014,ztfr,2371.792151335791,61.091394523630065,26.0231195527646,ab,698,25,
13,58917.177534699906,ztfg,1764.9244869252411,152.95526368305258,25.1011847615005,ab,698,25,
14,58940.13612269983,ztfr,1950.0901767658197,90.93459666549808,25.8636115457456,ab,698,25,
15,58940.14053239999,ztfr,135.19049885952842,186.0520499846022,24.3103532336573,ab,698,25,
16,58940.14494210016,ztfr,419.97861598072507,218.93573513920734,24.3773275944954,ab,698,25,
