,time,band,flux,fluxerr,zp,zpsys,field,ccd,comment
0,58772.292604200076,ztfg,188.2079188329087,165.04678392601855,25.2914426762382,ab,248,24,
1,58772.361585599836,ztfr,437.79386733205456,263.0828249593482,25.5276562524069,ab,248,24,
2,58773.344976900145,ztfr,16.855896203410623,37.02685738931031,26.0787171442989,ab,248,24,
3,58775.28239580011,ztfr,-12.638301749108424,30.456422948407383,26.0766222480814,ab,248,24,
4,58779.29254630022,ztfr,21.90237146026534,26.392625324934453,26.1311314920195,ab,248,24,
5,58779.37524309987,ztfg,-55.78362761780712,31.970105272463364,25.9792851766815,ab,248,24,
6,58782.33136569988,ztfr,8.5769693160074,29.305316253515684,26.1047910421121,ab,248,24,
7,58785.3147454001,ztfg,35.37786452843048,43.86583857822177,26.0026701291458,ab,248,24,
8,58789.27168980008,ztfr,85.30182556938624,48.85717116735614,26.0948056183435,ab,248,24,
9,58789.334919000044,ztfg,109.86452998151239,29.04204371728373,25.9648832770867,ab,248,24,
10,58794.29400460003,ztfr,993.2510823863033,56.52900997443296,26.0700383852899,ab,248,24,
11,58797.21040510014,ztfg,1741.1792929231342,103.86683668786672,25.9953948709591,ab,248,24,
12,58797.314699099865,ztfr,1745.7533209922176,99.36461809200583,26.0845241356842,ab,248,24,
13,58800.209143499844,ztfg,2012.435639043591,75.02312297809512,25.9020525032552,ab,248,24,
14,58805.230254599825,ztfr,520.7019365232629,22.883271261172375,24.2321099900307,ab,248,24,
15,58830.12623840012,ztfg,632.4894363658166,75.93543939220125,26.1901904900651,ab,248,24,
16,58830.2308565001,ztfr,1431.9423943210822,96.3732050761192,26.2231754141102,ab,248,24,
17,58837.1258911998,ztfg,423.39204230360366,37.018734354268695,26.1766453877612,ab,248,24,
18,58837.23233800009,ztfr,1055.368007199231,87.82056496287136,26.1646943609935,ab,248,24,
19,58847.08421299979,ztfr,5.5486836630222385,90.91595144960533,23.2635748564835,ab,248,24,
20,58851.08377309982,ztfr,380.2579612500894,150.45059742039226,24.5904264137001,ab,248,24,
21,58851.1275231,ztfg,70.5573054569612,75.43952866433241,25.6095272356099,ab,248,24,
22,58854.12585650012,ztfr,524.510128590594,106.43897194612208,26.2312026005293,ab,248,24,
