,time,band,flux,fluxerr,zp,zpsys,field,ccd,comment
0,59167.48019680008,ztfr,21.720254016140064,48.13044434878432,26.3434746887886,ab,262,34,
1,59168.5229282002,ztfr,6.3925034844847675,40.68378590059108,26.3509784112426,ab,262,34,
2,59169.522743099835,ztfr,-49.525122183165294,88.80568674943757,26.3485269535755,ab,262,34,
3,59170.48041669978,ztfg,-50.735718918497454,34.16595412107068,26.2314088942632,ab,262,34,
4,59171.48039350007,ztfr,-11.280217864253633,30.45299959029289,26.3365002024702,ab,262,34,
5,59171.5069213002,ztfg,10.54709459359328,30.987600642847564,26.2653948865857,ab,262,34,
6,59174.5061458,ztfg,-57.76937141084245,36.454572991565,25.1818050496376,ab,262,34,
7,59174.54506940022,ztfr,-63.119648688623435,66.21236470406966,25.2397727571477,ab,262,34,
8,59176.4849537001,ztfg,43.325016452604274,24.197673459910803,26.187133367667,ab,262,34,
9,59176.52353010001,ztfr,13.100157538702746,45.27670476313293,26.2944843699916,ab,262,34,
10,59177.50569440005,ztfg,170.38705865890591,50.743202755742686,26.244864835287,ab,262,34,
11,59179.45931709977,ztfg,648.5109861352513,64.61966821293935,26.2409362326936,ab,262,34,
12,59181.460810199846,ztfr,1144.2636725401692,94.66785721933684,26.3470906572487,ab,262,34,
13,59183.46047449997,ztfr,223.6161120478224,337.5190139687276,24.1879815379223,ab,262,34,
14,59185.44149310002,ztfg,3168.2306503436193,98.29789525598684,26.2389383192412,ab,262,34,
15,59185.46452549985,ztfr,2430.623851400298,78.21261360256717,26.3443506280688,ab,262,34,
16,59188.43906249991,ztfg,4453.205212483353,95.14870710461341,26.2576325807661,ab,262,34,
17,59193.44734949991,ztfg,5179.802670629717,53.24776741493427,26.2087392819397,ab,262,34,
18,59193.48142360011,ztfr,4066.4270030343855,53.41049443688168,26.306324542879,ab,262,34,
19,59195.464583300054,ztfr,1029.7758086221158,77.36105083173413,24.6947046529244,ab,262,34,
20,59198.42594909994,ztfr,4317.874122738864,69.26185732508324,26.3424941984349,ab,262,34,
21,59200.43403939996,ztfg,2691.620132976612,38.797489310744496,25.5838691483797,ab,262,34,
22,59200.503287000116,ztfr,1104.5541848409214,129.193319620177,24.7802353373138,ab,262,34,
23,59204.39809030015,ztfr,3556.3209608313505,44.18685935846426,26.3210617192767,ab,262,34,
24,59206.37565970002,ztfg,1120.6294838621582,47.44950362399623,24.9322180483494,ab,262,34,
