,time,band,flux,fluxerr,zp,zpsys,field,ccd,comment
0,58556.123645800166,ztfg,68.71280589229428,74.25401899969823,26.2342249228891,ab,1744,38,
1,58556.132141199894,ztfg,7.974699556885865,75.36041703995451,26.2702832437167,ab,745,11,
2,58556.176990699954,ztfr,-38.05201843646168,54.47685375802477,26.1679550545875,ab,745,11,
3,58559.16113429982,ztfg,72.23054479876063,75.77573303274681,26.3362503765912,ab,745,11,
4,58559.17834489979,ztfr,-31.98919829265231,44.0823801140626,26.1680875985493,ab,745,11,
5,58561.25471059978,ztfg,-47.69999445642439,111.68796033331236,26.127440910446,ab,1744,38,
6,58562.13200230012,ztfr,24.85359648698595,56.5328455898697,25.7881771265722,ab,745,11,
7,58562.17224540003,ztfg,-131.73042436928,107.20615715136644,26.272974332909,ab,745,11,
8,58567.135578699876,ztfr,-31.997100765867028,15.687419035972804,26.1363037543457,ab,745,11,
9,58567.15944440011,ztfg,-36.48549040947553,30.522010400222733,26.2789578508368,ab,745,11,
10,58572.15452549979,ztfg,55.41210552268615,31.275927527208818,25.6642242117935,ab,745,11,
11,58575.178657399956,ztfg,38.253556660533306,21.755508772104037,24.9342987440102,ab,745,11,
12,58581.13942130003,ztfr,280.8815102364915,26.43209659634916,25.606528948903,ab,745,11,
13,58581.17609950015,ztfg,362.4261586520911,25.47064050590934,25.9014471465677,ab,745,11,
14,58584.201597199775,ztfg,514.4813504024603,59.53353289197955,26.1194333522498,ab,745,11,
15,58587.181550899986,ztfg,512.9484134415069,46.88620906351471,25.8536221085156,ab,745,11,
16,58592.145138899796,ztfg,740.0738185536388,63.726616620882886,26.2021768297213,ab,745,11,
17,58592.218981499784,ztfr,764.9210964392804,74.74912807108716,26.040313528148,ab,745,11,
18,58598.217754600104,ztfg,454.67179180780937,26.96776629965687,25.9639810372437,ab,745,11,
19,58602.200127299875,ztfg,368.2891957654726,30.872505924155135,26.0714621176559,ab,745,11,
20,58608.17793980008,ztfg,248.08730147876378,28.103530165635487,25.9915159931495,ab,745,11,
21,58617.15638889978,ztfr,325.01640057059956,49.96099610024151,25.992083187761,ab,745,11,
22,58617.15975689981,ztfr,305.8233433615847,44.54671983981465,25.9845346571063,ab,745,11,
23,58617.16312499996,ztfr,136.3442719696152,87.34748241085047,24.8591907685178,ab,745,11,
24,58617.166493100114,ztfr,331.4847429991259,57.422799827341116,25.9762694330084,ab,745,11,
