,time,band,flux,fluxerr,zp,zpsys,field,ccd,comment
0,58277.21271990007,ztfg,-13.811352624869757,13.168964671886169,26.1663040923293,ab,425,54,
1,58277.25387729984,ztfr,19.206720554994213,16.10744868624424,26.1249919020444,ab,425,54,
2,58280.23162040021,ztfg,-10.855590840737321,11.806798314988493,26.267755372434,ab,425,54,
3,58281.18335650023,ztfi,15.159968068354619,16.861939140488168,25.5046938045315,ab,425,54,
4,58283.18891200004,ztfr,12.35559579596198,18.482520821753745,26.1943280211666,ab,425,54,
5,58283.23178240005,ztfg,-2.208914960782846,14.30157381063916,26.2858845904585,ab,425,54,
6,58286.17335649999,ztfi,-44.39815064714862,24.812217301116757,25.5240889508043,ab,425,54,
7,58286.235370399896,ztfg,-18.936225181890677,17.320620466645487,26.2538336244449,ab,425,54,
8,58286.278182900045,ztfr,-5.112785488316802,25.76345773381489,26.1749353848441,ab,425,54,
9,58289.173402800225,ztfg,22.267461276309056,52.066759390113056,26.2488263814366,ab,425,54,
10,58289.211932899896,ztfr,33.309029279988444,41.85522596054483,26.1617992379973,ab,425,54,
11,58293.173240699805,ztfg,-21.681653120567994,50.41113734634605,26.2836961371939,ab,425,54,
12,58293.233275500126,ztfr,-14.889036053709157,49.945790689294974,26.1834956931053,ab,425,54,
13,58296.23269680003,ztfr,101.9438122215521,56.3183301585816,26.1721017627014,ab,425,54,
14,58299.172870399896,ztfg,275.5799971434376,37.117877035841495,26.2419564110661,ab,425,54,
15,58302.190219900105,ztfg,673.0672989760444,18.79570940248577,26.1939189785671,ab,425,54,
16,58305.177245399915,ztfr,1023.6657663534512,31.38581551013333,26.014737500781,ab,425,54,
17,58305.19200230017,ztfg,917.4959778821917,22.694405261026297,25.9347162366322,ab,425,54,
18,58338.17438660003,ztfg,177.09751095699727,21.295895592320015,25.970192127472,ab,425,54,
