,time,band,flux,fluxerr,zp,zpsys,field,ccd,comment
0,58534.413391199894,ztfr,5.062747574830981,66.58134824880578,26.0658011974899,ab,1761,10,
1,58558.2963657002,ztfr,631.4150594053285,75.78302142321292,26.0169587053782,ab,1761,10,
2,58574.31031250022,ztfr,7.971978554976922,24.464043339744254,21.777778395556,ab,1761,10,
3,58580.371157399844,ztfr,260.2260006090676,19.70835619748497,26.1143298669126,ab,1761,10,
4,58589.28935190011,ztfr,34.163464332310284,98.67597220385598,25.3021478789553,ab,1761,10,
5,58593.30636569997,ztfr,178.55535485449883,44.09223092822312,26.1113758602138,ab,1761,10,
6,58602.30277779978,ztfr,126.75924041926086,16.231457475718535,26.0961692448878,ab,1761,10,
7,58606.28334489977,ztfr,106.6428219507946,16.39999551542228,26.0629360575093,ab,1761,10,
