,time,band,flux,fluxerr,zp,zpsys,field,ccd,comment
0,58879.50782410009,ztfg,1613.3937750461846,163.6896881709967,26.0876186106064,ab,636,12,
1,58886.48428239999,ztfg,1093.9271159338382,82.5706016532388,26.1342480784063,ab,636,12,
2,58886.57064810023,ztfr,1478.1844434112425,42.672479050550756,26.2580085274433,ab,636,12,
3,58892.539166700095,ztfr,1020.7915248428634,35.604294697736385,26.2215739013313,ab,636,12,
4,58892.55033560004,ztfg,969.5943786275016,42.3899944678856,26.2818181458887,ab,636,12,
5,58895.51091440022,ztfr,833.2216536982785,39.00406833152522,26.1629164923808,ab,636,12,
6,58895.54378469987,ztfg,652.531991758399,35.52610860948605,26.3135947958572,ab,636,12,
7,58900.4849537001,ztfr,463.44189892536804,25.314482563583976,25.6139287799325,ab,636,12,
8,58904.534942099825,ztfr,855.9566793050953,34.09098148931556,26.2327586723463,ab,636,12,
9,58904.553460599855,ztfg,246.65484100411456,51.34265139132104,26.3123996789123,ab,636,12,
10,58908.50365740014,ztfr,744.7826051370089,22.2879063624719,26.2101590964286,ab,636,12,
11,58908.54663190013,ztfg,245.94064585475627,21.850418639207593,26.3249807706094,ab,636,12,
12,58911.50515050022,ztfr,695.1635885639,69.48459824850211,26.2006356685155,ab,636,12,
13,58911.54349539988,ztfg,192.42967878834327,61.04892726107877,26.2965502176554,ab,636,12,
14,58914.49124999996,ztfg,30.35204569905941,30.653085731276253,24.7993125211839,ab,636,12,
15,58914.52288189996,ztfr,565.7170999269134,17.289795948955945,26.2305363961204,ab,636,12,
