,time,band,flux,fluxerr,zp,zpsys,field,ccd,comment
0,58335.439999999944,ztfr,1091.5258056881248,23.23944484187709,26.2869440851112,ab,1492,23,
1,58335.44045139989,ztfr,1059.7015083887309,25.046625152243987,26.2828056724853,ab,1492,23,
2,58344.415161999874,ztfg,859.7247623493813,16.297036094530583,26.2055888749069,ab,1492,23,
3,58353.36247690022,ztfr,703.1158692587471,27.586898690061627,26.2759929938369,ab,1492,23,
4,58360.42274310021,ztfg,274.7140984985979,71.13117507270792,26.2732475468217,ab,1492,23,
5,58361.430439800024,ztfg,208.0089070416921,34.54933013255806,26.2862618410336,ab,1492,23,
6,58362.37917819992,ztfr,502.9896604075858,22.266050863771532,26.2918464513137,ab,1492,23,
7,58363.37231480004,ztfg,188.49538948473534,33.33776483464841,26.2297407965337,ab,1492,23,
8,58363.45599539997,ztfr,463.04113204929,30.758993308407717,26.258435776694,ab,1492,23,
9,58372.34848379996,ztfr,373.78656886080455,25.22752178837421,26.3112960261934,ab,1492,23,
10,58384.327106500044,ztfg,140.99930533130188,69.9942499460305,26.2387674400582,ab,1492,23,
11,58388.37245369982,ztfg,36.1702267754339,49.641206270438815,26.2346405244426,ab,1492,23,
12,58389.328356499784,ztfr,172.80426205036218,26.34417750283268,26.2761245748583,ab,1492,23,
13,58390.3432407002,ztfg,47.867817802390746,30.446567474961952,26.2997560693625,ab,1492,23,
