,time,band,flux,fluxerr,zp,zpsys,field,ccd,comment
0,58749.12740739994,ztfg,44.58530425293832,27.887359935832663,26.0109435159772,ab,381,39,
1,58757.15174769983,ztfg,14.359250628255612,35.52198294811875,25.9932108790099,ab,381,39,
2,58765.107997700106,ztfr,561.8413511493652,57.547150748143466,26.1233414960894,ab,381,39,
3,58774.121134299785,ztfg,341.85105366330595,79.12150432524437,25.8776519216124,ab,381,39,
4,58782.08825229993,ztfr,977.8032934027218,77.34716942998635,26.0963035141493,ab,381,39,
5,58782.093275499996,ztfr,744.775600297655,83.68986382630388,26.0838000004448,ab,381,39,
6,58782.09829859994,ztfr,789.2633730850545,70.87407014367169,26.0990161013087,ab,381,39,
7,58786.08091440005,ztfr,465.4338877764342,123.43055841724151,26.0524928092988,ab,381,39,
8,58786.08575229999,ztfr,692.0251973241122,96.95977954025375,26.0383141918717,ab,381,39,
9,58786.0906134001,ztfr,554.0077093988067,60.02892524184238,26.0090210310894,ab,381,39,
