,time,band,flux,fluxerr,zp,zpsys,field,ccd,comment
0,58507.15453700023,ztfg,-16.25296561849992,17.573869266355477,26.1095934891408,ab,739,14,
1,58510.120763900224,ztfr,-41.589416799239494,19.189358332494415,26.005076142661,ab,739,14,
2,58510.17192129977,ztfg,-43.05858472670953,30.796459914279787,26.008677002736,ab,739,14,
3,58514.12337959977,ztfr,1.0046028776800597,13.65978996205224,25.9860350646535,ab,739,14,
4,58514.178368099965,ztfg,-3.330223726754359,12.676794843625984,25.8949486656657,ab,739,14,
5,58523.159814800136,ztfr,47.43347016588407,24.26923658134446,25.8987851829501,ab,739,14,
6,58534.12332180003,ztfr,747.9401875303492,69.55470648385744,25.9509196089862,ab,739,14,
7,58534.15569439996,ztfg,865.4479696270541,85.53256729660437,25.9974879674643,ab,739,14,
8,58538.11225689994,ztfr,852.8670167177023,37.98773761727428,25.83196970268,ab,739,14,
9,58538.14179399982,ztfg,582.6382511634108,26.211925123121038,25.185028855613,ab,739,14,
10,58547.13822920015,ztfr,1089.332016831417,38.985953041989625,25.9505525854617,ab,739,14,
11,58557.1374884001,ztfg,375.88184443624147,160.21529543531867,25.5778860880213,ab,739,14,
12,58560.154999999795,ztfg,559.5927391185935,129.87352481618737,25.8792441816821,ab,739,14,
13,58572.12936339993,ztfr,266.21389356057523,77.1542666355542,25.441805871374,ab,739,14,
14,58572.13435189985,ztfr,336.0177721683067,114.01735521420343,25.1883989240994,ab,739,14,
15,58572.13934030011,ztfr,12.54550937857988,153.4361973919008,25.0315505760238,ab,739,14,
16,58575.132129599806,ztfr,25.680335598051016,122.00186797508647,24.5027623177086,ab,739,14,
