,time,band,flux,fluxerr,zp,zpsys,field,ccd,comment
0,58475.50501159998,ztfg,541.7363610051799,290.26586740601726,26.2444149353422,ab,412,7,
1,58480.43747689994,ztfr,-149.63145935404714,64.47856622542425,26.1609634401795,ab,412,7,
2,58480.476157399826,ztfg,22.050233469359103,73.61162530577027,26.1747910279152,ab,412,7,
3,58487.45195600018,ztfg,28.444268644768112,29.00318532519475,26.2335392550001,ab,412,7,
4,58491.420925899874,ztfg,-7.318361238491274,38.37689709500599,26.1461870439862,ab,412,7,
5,58495.26384259993,ztfg,256.42030198080244,27.661186971134086,26.201694384204,ab,412,7,
6,58503.247569399886,ztfg,182.52933200709094,479.092176513743,26.2080065664735,ab,412,7,
7,58503.290011600126,ztfr,552.5218980442595,237.92825278714113,26.0170428330654,ab,412,7,
8,58506.443391200155,ztfg,1072.7085008958966,255.44657931765468,26.1039028921176,ab,412,7,
9,58509.233020800166,ztfg,1444.6157578236355,67.23394904607925,26.2063669997931,ab,412,7,
10,58509.26646990003,ztfr,1420.140749361875,58.43235431987128,26.1862709639407,ab,412,7,
11,58523.23446760001,ztfg,736.1225663039751,18.24462168609269,26.2036427930027,ab,412,7,
12,58534.22690969985,ztfr,322.016101485584,137.21115927186466,26.1776730912466,ab,412,7,
13,58534.23276619986,ztfg,336.1257173287349,168.15236600253718,26.2008025446192,ab,412,7,
14,58539.19460650021,ztfr,541.3919464358981,43.65472264408882,26.1596029928056,ab,412,7,
15,58539.213136599865,ztfg,188.55216414526674,22.20703687732112,26.1867170960249,ab,412,7,
16,58540.26060190005,ztfr,622.8519737330439,29.671392772311794,26.2061522596012,ab,1405,35,
17,58543.2276504999,ztfg,140.10166727007476,23.777788059045488,26.1047593571892,ab,412,7,
18,58558.17732639983,ztfr,317.4113179123471,137.43682409250522,26.2314399854836,ab,1405,35,
