,time,band,flux,fluxerr,zp,zpsys,field,ccd,comment
0,58619.153750000056,ztfr,-90.63718447317642,174.6463632835704,24.8728238773814,ab,369,14,
1,58638.18129630014,ztfg,1331.8659518921343,25.494459958652662,25.8522196144181,ab,369,14,
2,58638.21187500004,ztfr,1123.1866157733211,31.174907522839266,25.7907042226518,ab,369,14,
3,58642.16813659994,ztfg,2297.3548196663987,48.21786437395661,25.9631595331133,ab,369,14,
4,58642.212789400015,ztfr,1753.4593594161965,28.105130486173795,25.8582862215684,ab,369,14,
5,58646.16914349981,ztfg,1332.4493968606253,79.36287297292546,25.306831729652,ab,369,14,
6,58646.21118059987,ztfr,1711.3883953969773,71.79880804997643,25.7462612961774,ab,369,14,
7,58649.17193289986,ztfg,2100.9378092364827,72.58305005770453,25.8031727922132,ab,369,14,
8,58649.21434029983,ztfr,1624.0332567826968,68.68945648741847,25.6864387197225,ab,369,14,
