,time,band,flux,fluxerr,zp,zpsys,field,ccd,comment
0,58941.230752300005,ztfg,883.2632506160334,52.63841590450633,26.0222132170529,ab,266,48,
1,58956.252210599836,ztfr,444.08736912722924,27.83055876701767,25.9454896617212,ab,266,48,
2,58964.16755789984,ztfg,197.2018106085349,21.872498495179553,25.9362342775329,ab,266,48,
3,58964.23292820016,ztfr,292.0752527468264,30.58033694243349,25.9250149725616,ab,266,48,
4,58967.16747689992,ztfr,399.9797777491147,23.777587672551405,25.9685555318369,ab,266,48,
5,58967.209062499925,ztfg,154.06922692650883,24.496569410650956,25.9596359490454,ab,266,48,
6,58970.18513889983,ztfr,328.3278740475442,44.90034626791502,25.9934199835347,ab,266,48,
7,58970.21065969998,ztfg,131.57529532471412,40.32977161463639,25.9751990586472,ab,266,48,
8,58973.146863400005,ztfr,361.20253379756673,90.78381274135634,25.9894094109402,ab,266,48,
9,58973.189317100216,ztfg,124.94736580174508,75.30721368787694,26.0079933765709,ab,266,48,
