,time,band,flux,fluxerr,zp,zpsys,field,ccd,comment
0,58556.355463000014,ztfg,1.8209758414874866,56.24061699295488,26.1125502021055,ab,366,37,
1,58559.24549769983,ztfr,93.29901989402146,43.25012370024651,26.167326004415,ab,366,37,
2,58559.29328700015,ztfg,-71.88091876684607,70.68502603072203,26.1007277225717,ab,366,37,
3,58562.251365699805,ztfg,-124.8342073310557,162.2995555745168,26.1131593533834,ab,366,37,
4,58562.335532399826,ztfr,-194.2217141340664,210.67078004456766,26.1363796626034,ab,366,37,
5,58568.212789400015,ztfg,384.1603147495929,18.4765691349957,26.0400837979172,ab,366,37,
6,58568.27435189998,ztfr,374.6285848243228,22.03583324139632,26.1382757147218,ab,366,37,
7,58573.22385419998,ztfg,831.0423384468926,35.251850253066486,26.0702578417317,ab,366,37,
8,58573.25278940005,ztfr,750.5370656022084,27.910101223581414,26.1202874066371,ab,366,37,
9,58581.23157409998,ztfr,1076.7286052754898,26.01042238760507,26.107269320684,ab,366,37,
10,58584.1681597,ztfr,913.3066315467547,41.36305134480843,26.1254201979177,ab,366,37,
11,58584.22839119984,ztfg,1076.4550772847294,36.64532956552503,26.086551549789,ab,366,37,
12,58587.21156249987,ztfg,878.2854453316254,36.386548162020716,26.0982072086706,ab,366,37,
13,58587.25484950002,ztfr,923.8878633341952,35.987944052625025,26.1043678264046,ab,366,37,
14,58592.17019680003,ztfg,547.4252233259198,89.61349847137333,25.7037102924453,ab,366,37,
15,58592.24621530017,ztfr,705.6546899830508,62.84896993047974,26.1373841091591,ab,366,37,
16,58596.188518499956,ztfg,402.87801042119725,32.39858043613184,26.1360626015857,ab,366,37,
17,58599.18172449991,ztfg,246.53764459628258,17.760955442629857,25.7701696616282,ab,366,37,
18,58608.18979169987,ztfg,160.41715301228828,19.844496879634367,26.0470823080225,ab,366,37,
19,58608.21089120023,ztfr,400.28832870749227,26.304681066346845,26.0546293637098,ab,366,37,
20,58617.23197920015,ztfr,327.75517670789907,54.85104135301778,26.0282524183625,ab,366,37,
