,time,band,flux,fluxerr,zp,zpsys,field,ccd,comment
0,58369.501597200055,ztfr,1123.1972077304977,24.116274259975143,26.0417415552805,ab,254,51,
1,58370.5218055998,ztfr,1168.6327505725596,45.701628395382684,26.0481678962174,ab,255,62,
2,58372.50172450021,ztfr,1118.3978260183826,29.485749015335458,26.1174728674328,ab,254,51,
3,58373.521643499844,ztfg,513.816226869602,43.09208114824918,26.1008779401744,ab,255,62,
4,58375.500798599795,ztfr,985.5477946184461,31.591250964927248,26.112420565686,ab,254,51,
5,58376.521574100014,ztfr,873.7451383472624,26.03024876800327,26.0372372152187,ab,255,62,
6,58378.48006939981,ztfg,454.4068347742167,31.471106050615813,26.14071372481,ab,254,51,
