,time,band,flux,fluxerr,zp,zpsys,field,ccd,comment
0,58462.512604199816,ztfg,265.8559657199765,21.24240144011991,22.9069971497458,ab,720,18,
1,58472.488298600074,ztfg,2918.080384197893,53.92380672130566,26.0518269217012,ab,720,18,
2,58475.49535880005,ztfr,2506.872303699983,50.01013790500602,26.1806195792105,ab,720,18,
3,58480.53439809987,ztfg,1590.5386105724394,59.27572885544804,26.176586995358,ab,720,18,
4,58487.508333299775,ztfg,931.4415688096391,18.17382901001761,26.2101844678443,ab,720,18,
5,58487.55010419991,ztfr,1962.2426823437777,23.110027015412047,26.231470178949,ab,720,18,
6,58491.512569400016,ztfg,639.0858902879569,22.23232931505931,26.0863421535781,ab,720,18,
7,58494.52982639987,ztfg,580.4382145455664,14.888884269143691,26.2366295726777,ab,720,18,
8,58502.486805600114,ztfg,394.5442792313814,55.00476565979166,26.1371840846679,ab,720,18,
9,58505.48724539997,ztfg,352.54987711876896,181.93180260018303,26.2461637050697,ab,720,18,
10,58505.5511690001,ztfr,997.5009484139498,56.01207042694539,26.2518041333695,ab,720,18,
11,58508.492928199936,ztfr,836.7839524928046,49.971971628980704,26.2255045861158,ab,720,18,
12,58511.51231480017,ztfg,258.94044307160544,21.365883988701643,25.863159733736,ab,720,18,
13,58511.554814800154,ztfr,645.3173158022388,20.59926305055838,26.1348924845119,ab,720,18,
