,time,band,flux,fluxerr,zp,zpsys,field,ccd,comment
0,58852.50090279989,ztfg,7.20073570714269,17.284537189776724,26.2415693992869,ab,269,42,
1,58852.54334490001,ztfr,-88.01009773573129,46.070402027449134,26.3259800160507,ab,269,42,
2,58887.422106499784,ztfg,7594.353137023031,97.63820494533185,26.2463687176906,ab,269,42,
3,58892.375949100126,ztfg,5519.089026348489,69.80992041200018,26.1971636588547,ab,269,42,
4,58892.50342589989,ztfr,4747.387368128479,73.03136352547281,26.2439759146591,ab,269,42,
5,58895.3968055998,ztfg,4546.0747883078075,44.0063502429261,26.2125347861622,ab,269,42,
6,58895.41849539988,ztfr,4146.983648072277,69.72267274666486,26.2874794522099,ab,269,42,
7,58900.35482640006,ztfg,2767.301713969717,33.43102460600848,26.1785426666593,ab,269,42,
8,58914.35503470013,ztfr,2362.743893648069,46.264209204249276,26.2637929647068,ab,269,42,
9,58914.42012730008,ztfg,893.6425334907501,48.50475954328848,26.1075486338175,ab,269,42,
