,time,band,flux,fluxerr,zp,zpsys,field,ccd,comment
0,58214.196898099966,ztfr,8.457075102154135,38.65327853887859,23.5653908516219,ab,469,54,
1,58217.21714119986,ztfr,-6.564260274266533,19.523420180954812,25.9838147638904,ab,469,54,
2,58217.245208300184,ztfr,21.677080440098262,17.34531128031073,26.1453802561668,ab,469,54,
3,58221.203877300024,ztfr,119.24954896957104,41.71084253580904,25.7680474169433,ab,469,54,
4,58221.22020829981,ztfr,-29.162121290631013,31.730948476189155,25.8211326455363,ab,469,54,
5,58224.18085649982,ztfr,9.893804065563865,18.03860920653934,25.9671504262245,ab,469,54,
6,58224.1927894,ztfr,14.524603171344964,19.53016530662375,25.7436382357863,ab,469,54,
7,58227.24487269996,ztfr,17.124448556911666,20.688723620708394,26.188721213542,ab,469,54,
8,58231.16947920015,ztfr,193.8825456572162,30.14165741782869,26.1358809147406,ab,469,54,
9,58236.18894679984,ztfg,652.2600698550837,86.38575003946346,26.2315470579342,ab,469,54,
10,58243.149791699834,ztfr,826.8316036395687,30.22205063163022,26.1837896701197,ab,469,54,
11,58243.19214119995,ztfg,910.667500939309,26.84717921906177,26.2569574233748,ab,469,54,
12,58249.17065969994,ztfg,385.82693731310695,23.56595677105741,25.6142217026747,ab,469,54,
13,58258.16061339993,ztfg,394.08337322036346,34.11142606194379,26.2566353638744,ab,469,54,
14,58258.19189810008,ztfr,528.054064705437,24.003101421317712,26.1318093935056,ab,469,54,
15,58267.166828699876,ztfg,176.51320134147488,46.984442910268626,26.2298238469763,ab,469,54,
