,time,band,flux,fluxerr,zp,zpsys,field,ccd,comment
0,58886.48292820016,ztfg,-4.308762498358559,74.40813620487563,26.1764535520707,ab,535,5,
1,58886.56077549979,ztfr,-13.525308166933648,30.50208552513793,26.3063413205377,ab,535,5,
2,58891.475567100104,ztfg,77.54905095323826,107.71292727562404,26.1862895929558,ab,535,5,
3,58894.541759300046,ztfr,577.0932997345557,33.127519375645605,26.2823466173633,ab,535,5,
4,58894.56065970007,ztfg,654.2983960668948,42.699385084999484,26.3345198992855,ab,535,5,
5,58899.5167824002,ztfr,913.055383528758,31.784403944432963,26.2778854675416,ab,535,5,
6,58904.536319400184,ztfr,980.5176666033753,36.949798711557534,26.2863112914699,ab,535,5,
7,58904.55070600007,ztfg,1022.9809350499615,48.450401137681055,26.3290551259066,ab,535,5,
8,58908.501851900015,ztfr,798.46481089491,24.451512867863762,26.1034244553831,ab,535,5,
9,58908.54481479991,ztfg,898.2997081238757,23.977340476840336,26.3370220835232,ab,535,5,
10,58911.50289350003,ztfr,773.637273590054,73.3814102053473,26.2482982996436,ab,535,5,
11,58911.54254630022,ztfg,697.5385739985808,43.52782173771096,26.3295822253621,ab,535,5,
12,58914.486574099865,ztfg,163.77929948371025,29.956170348039578,25.0022824594129,ab,535,5,
13,58914.53733799979,ztfr,690.3319204392212,18.334053113634678,26.2902164326496,ab,535,5,
14,58936.499826400075,ztfg,76.71923658568264,24.79497826458974,26.3107986014859,ab,535,5,
15,58936.50519679999,ztfr,309.3764288422457,28.434748471037263,26.2625820280088,ab,535,5,
16,58939.46287039993,ztfg,10.81106447120016,20.36930365928392,23.7782739557983,ab,535,5,
17,58939.486238399986,ztfr,76.29197573020434,27.809629166916256,23.6756143834941,ab,535,5,
18,58943.44187500002,ztfg,15.504503864518128,44.07939813400564,26.2849374912592,ab,535,5,
19,58943.50016199984,ztfr,194.55193523693745,22.796794991908115,26.2600550472813,ab,535,5,
20,58953.43384259986,ztfg,68.89775357155747,34.364646319545955,26.303526468344,ab,535,5,
21,58955.389259300195,ztfi,82.03650633611547,17.444070866519265,25.6051607267717,ab,535,5,
22,58956.46071759984,ztfg,5.555475684119774,23.833264642888707,25.496529391431,ab,535,5,
23,58956.484490700066,ztfr,34.27435635011105,24.089233639031658,25.0951556640588,ab,535,5,
