,time,band,flux,fluxerr,zp,zpsys,field,ccd,comment
0,58811.54736110009,ztfr,60.57413521020199,58.82625826301493,25.9913530740403,ab,372,21,
1,58811.552222200204,ztfr,79.56291174017869,63.88616573168987,26.0009420702869,ab,372,21,
2,58811.55708329985,ztfr,-33.624754134551964,63.60648945670117,26.0161785779273,ab,372,21,
3,58811.56195600005,ztfr,171.95998115497503,87.7067972111395,26.0050081412591,ab,372,21,
4,58830.56538189994,ztfg,175.20345145087214,52.48818630587741,26.2226042650751,ab,372,21,
5,58850.502743099816,ztfr,433.4826572974904,48.48866709426006,26.2130284370731,ab,372,21,
6,58850.54207180021,ztfg,587.4111667556855,39.76728965302317,26.1953414135943,ab,372,21,
7,58853.50333329989,ztfg,469.89630357536316,18.490962330866175,26.1858607069351,ab,372,21,
8,58853.5785416998,ztfr,361.8651485140706,52.59164847812006,26.2743250524453,ab,372,21,
9,58861.50034719985,ztfg,235.85166037853494,97.78573364256927,26.2204465761865,ab,372,21,
10,58873.41504629981,ztfg,88.22860244584913,16.357117760095605,26.0226990925735,ab,372,21,
11,58876.50436339993,ztfg,76.53523907219368,20.25007297199004,26.2054188499718,ab,372,21,
12,58876.56363430014,ztfr,235.9921682552413,18.87655607925387,26.2465246540844,ab,372,21,
13,58879.48097220017,ztfg,93.70153056516298,104.41559269040397,26.1738058388179,ab,372,21,
14,58879.52335650008,ztfr,-213.82129164338284,159.3968454212127,26.2130333001132,ab,372,21,
15,58885.481909700204,ztfr,117.13946255815446,51.52701470302832,26.2430644820253,ab,372,21,
16,58888.461342600174,ztfr,216.41712706891985,85.8599582530118,26.2604895802001,ab,372,21,
17,58888.52670140006,ztfg,-52.71809353943936,216.93624924103054,26.2381725036597,ab,372,21,
18,58894.35560189979,ztfg,42.37100871481434,36.9462746584858,26.1040089162404,ab,372,21,
19,58894.49359950004,ztfr,86.53508007149746,33.20095072777522,26.2430390348991,ab,372,21,
20,58899.41746529983,ztfg,46.9027605398495,14.958182844124062,26.1905888179881,ab,372,21,
21,58899.4391667,ztfr,60.68845477319795,28.521987361916487,26.2168370001402,ab,372,21,
