,time,band,flux,fluxerr,zp,zpsys,field,ccd,comment
0,58801.078020799905,ztfr,66.66219378068325,42.49896918513623,26.1683710016931,ab,592,45,
1,58801.08599539986,ztfg,-45.02072903063673,35.49724650660289,24.7129116770435,ab,592,45,
2,58801.086932899896,ztfg,39.93250185882182,34.131753039167734,25.4503214974087,ab,591,32,
3,58804.09296299983,ztfg,8.288616012515835,49.44697480356628,26.2227743266939,ab,592,45,
4,58804.09341439977,ztfg,7.524569712147672,54.0083921536589,26.1085781318255,ab,591,32,
5,58812.09403940011,ztfr,-17.942011120743857,56.69312496756631,26.1712510015608,ab,591,32,
6,58812.12182869995,ztfg,46.31599998065937,43.14175608205123,26.0546695584693,ab,591,32,
7,58812.122280099895,ztfg,-78.97044056439464,43.053888537024825,26.1324559661625,ab,592,45,
8,58820.14524309989,ztfg,-113.32430668523727,66.19476727472382,25.0391440455374,ab,592,45,
9,58829.09466439998,ztfg,190.03199305803304,248.63672794058016,24.6361239435625,ab,592,45,
10,58830.09543980006,ztfg,484.766294173667,186.55867954718707,26.1827367242654,ab,591,32,
11,58838.11041670013,ztfg,-84.71467517000912,144.9362039097964,24.1599041769836,ab,592,45,
12,58840.07520829979,ztfr,-109.3726901867075,149.24622521928165,23.3718493583211,ab,591,32,
13,58846.07762729982,ztfr,669.6590221226496,115.02648503643664,26.274091116551,ab,592,45,
14,58846.08247689996,ztfr,808.4169149903056,88.01276134626771,26.2696950706147,ab,592,45,
15,58846.087303199805,ztfr,846.6022241829885,83.14616938703269,26.2569528868655,ab,592,45,
16,58846.09214119986,ztfr,685.0736965683976,77.90830223089682,26.2450205787042,ab,592,45,
17,58852.079490699805,ztfr,652.5440854593122,120.79133513525977,26.1288866218845,ab,592,45,
18,58852.08449070016,ztfr,595.9216700193526,85.43572949120394,26.0696371779341,ab,592,45,
19,58852.089479200076,ztfr,544.5612132990669,77.90076609628436,26.0679985456683,ab,592,45,
20,58852.094467599876,ztfr,601.1809016703013,92.66946015070386,26.0390827093228,ab,592,45,
