,time,band,flux,fluxerr,zp,zpsys,field,ccd,comment
0,58574.468877300154,ztfr,250.9880926398762,46.23797457156984,25.3093304528047,ab,731,51,
1,58574.49050930003,ztfr,159.56132097244958,44.57863047715636,24.5943714386659,ab,732,62,
2,58574.51327549992,ztfg,39.22287238701001,29.848516524416045,23.9402057778592,ab,731,51,
3,58574.52689810004,ztfg,200.12097190918797,76.99392294970208,24.5723534176265,ab,732,62,
4,58582.46763890004,ztfr,445.055356726434,36.78094437741173,26.0510968933411,ab,731,51,
5,58582.4685531999,ztfr,401.2226257130163,35.50514717712243,25.9922511727707,ab,732,62,
6,58588.424016200006,ztfr,297.42598635680883,44.63210130896273,25.9651893218804,ab,731,51,
7,58592.40533560002,ztfr,-306.4757656511724,189.10017169443924,25.0288451417353,ab,731,51,
8,58593.42586810002,ztfr,175.93058455516092,122.31020900091579,25.9744019757936,ab,732,62,
9,58593.504467600025,ztfg,-60.809853064419144,210.23099017910508,26.1039883710885,ab,732,62,
10,58597.4508795999,ztfr,246.27168985854408,35.08255112165159,26.0617993869938,ab,731,51,
11,58601.494328700006,ztfr,207.35893829958894,22.778331050265088,26.1030202197785,ab,731,51,
12,58601.495231499895,ztfr,209.4941371291375,23.498280682877546,25.9830507193575,ab,732,62,
13,58607.36538190022,ztfr,154.14397760218444,28.971989169180095,25.916536045078,ab,731,51,
14,58607.425219899975,ztfg,63.33230706013016,18.990521415303842,26.0495163198898,ab,731,51,
15,58607.47510420019,ztfg,66.69522010838776,14.94215917502975,26.1089323932436,ab,732,62,
16,58607.48995369999,ztfr,163.72175024243208,20.63682866513828,26.0386032723186,ab,732,62,
