,time,band,flux,fluxerr,zp,zpsys,field,ccd,comment
0,58210.207361099776,ztfg,74.74657076581111,57.46959350901567,25.985804947855,ab,837,36,
1,58210.22743060021,ztfg,-109.33105082025338,61.91139603178211,25.8766807255362,ab,837,36,
2,58215.206747699995,ztfr,69.75757169317612,72.87166264448734,25.3725197310876,ab,837,36,
3,58218.2077314998,ztfr,337.16901211866013,52.54251878784512,26.1189447151825,ab,837,36,
4,58224.13796300022,ztfr,139.42652760457884,59.59388098586789,25.010163779732,ab,837,36,
5,58227.17993059987,ztfg,662.747503941557,30.871942877852717,26.1356484608401,ab,837,36,
6,58231.159317099955,ztfr,629.7881423484343,45.172146933938514,26.1820636921412,ab,837,36,
7,58234.17144680023,ztfg,575.6992832986266,61.90550011086123,26.1820037077337,ab,837,36,
8,58237.15862269979,ztfg,253.71693206969042,116.33532843181123,26.0983525839975,ab,837,36,
