,time,band,flux,fluxerr,zp,zpsys,field,ccd,comment
0,59175.50307870004,ztfr,-12.720406164954925,30.26804547515,24.3198859553059,ab,577,55,
1,59177.52775460016,ztfg,0.008875785757236406,21.657053824926205,26.2764234505887,ab,577,55,
2,59180.482222199906,ztfg,-123.05708134424243,194.0323158860461,26.1671101789929,ab,577,55,
3,59180.55900460016,ztfr,-185.33936801797552,79.48636221182117,26.2681565644239,ab,577,55,
4,59182.49880790012,ztfr,-27.249785138115747,61.6793818623421,26.2227750424843,ab,577,55,
5,59182.5599421002,ztfg,10.563209594220961,39.562204089926894,26.3406262083847,ab,577,55,
6,59185.50443289988,ztfg,24.930375363051912,43.051109046807575,26.2623775168834,ab,577,55,
7,59185.53609950002,ztfr,-13.511889749702197,31.88784282404639,26.2564674948031,ab,577,55,
8,59187.49212960014,ztfr,-176.1992584501861,91.68888915098339,26.2331962521457,ab,577,55,
9,59187.54304399993,ztfg,-13.995568450344766,73.15183778312067,26.3379537730468,ab,577,55,
10,59188.48726850003,ztfi,14.324687247754902,29.50957371167256,25.6123035551978,ab,577,55,
11,59189.468518500216,ztfr,84.93062502320109,174.26272145677757,24.4504307228426,ab,577,55,
12,59189.510300899856,ztfg,1.4328439354976186,31.86040996083773,26.2354437358107,ab,577,55,
13,59193.46511569992,ztfg,36.45582367861328,31.52898801430701,26.1868948805784,ab,577,55,
14,59193.53466439992,ztfr,46.34118117738907,20.862221980444005,26.277702232488,ab,577,55,
15,59195.50863429997,ztfr,144.0091975654757,23.02900528883604,26.0627040440617,ab,577,55,
16,59195.53041670006,ztfg,191.28139398996933,32.13872863267139,26.1126545311815,ab,577,55,
17,59198.489409700036,ztfr,273.0870507051847,28.061887792947,26.2579070998885,ab,577,55,
18,59198.52826389996,ztfg,416.0136838975601,29.79833308784861,26.3672905319699,ab,577,55,
19,59200.449849499855,ztfg,74.60198761317957,27.04458503093738,24.9723512818556,ab,577,55,
20,59200.52782410011,ztfr,236.40551582298644,32.82161413170045,25.5334816510638,ab,577,55,
21,59203.50401620008,ztfr,574.9781846238153,49.61378269345746,26.2808531023971,ab,577,55,
22,59203.54342589993,ztfg,554.3375939383947,21.58958176634869,26.3824799855219,ab,577,55,
23,59204.55295140017,ztfi,176.6371414684992,15.045535037261464,25.6149476407857,ab,577,55,
24,59206.51156250015,ztfr,9.53674129622459,38.202967340903484,24.3478007273402,ab,577,55,
25,59206.55238430016,ztfg,232.23840579899286,22.158447213491254,25.2704910915421,ab,577,55,
26,59206.553321800195,ztfg,312.0542345186659,19.966169688780962,25.5515510968664,ab,577,55,
