,time,band,flux,fluxerr,zp,zpsys,field,ccd,comment
0,59177.50283560017,ztfg,65.54290939624346,61.10685558018635,26.2926498520612,ab,261,20,
1,59179.43833329994,ztfg,78.32418937213208,115.93815427688152,26.2279909662593,ab,261,20,
2,59181.46128469985,ztfr,-77.55931017858974,96.27385578153896,26.3261959251373,ab,261,20,
3,59185.440567099955,ztfg,-252.0212333798565,117.08776737964509,26.258703823307,ab,261,20,
4,59185.46164349979,ztfr,91.8273473409316,117.0893388289336,26.368718395008,ab,261,20,
5,59188.430428199936,ztfg,-149.84470427082422,98.89861991697332,26.2854005890083,ab,261,20,
6,59190.4400231,ztfr,-19.143235831774362,157.06262852105448,23.3076071641172,ab,261,20,
7,59193.41864580009,ztfg,92.42200581125111,40.83858449891111,26.1743145400494,ab,261,20,
8,59195.46412040014,ztfr,-2.181186263858944,74.83864662326617,24.5723047151274,ab,261,20,
9,59198.37621530006,ztfg,448.5047638201613,46.089709229616034,26.1998030467601,ab,261,20,
10,59200.4349769,ztfg,430.4431351353869,38.31639968551331,25.6397230577927,ab,261,20,
11,59203.376226900145,ztfg,1208.391095518701,71.95474140958753,26.2179424122586,ab,261,20,
12,59203.41900460003,ztfr,2007.329660520583,102.99518685196492,26.3135829704409,ab,261,20,
13,59205.37600689987,ztfg,959.2206921108657,36.41379051324756,25.595144258039,ab,261,20,
14,59210.37716440018,ztfr,3082.8914624791255,85.10754641916512,26.3239740524308,ab,261,20,
