,time,band,flux,fluxerr,zp,zpsys,field,ccd,comment
0,58474.09817129979,ztfg,22.538521128018473,46.17597194341867,26.318465124679,ab,447,7,
1,58474.1296064998,ztfr,-26.508629608599666,39.70467044093664,26.2245289998779,ab,447,7,
2,58482.14437500015,ztfg,24.343882275471348,46.23888411831884,26.2399433726463,ab,447,7,
3,58482.18631940009,ztfr,-58.08713406364226,51.17679662905928,26.0001077560494,ab,447,7,
4,58487.099664399866,ztfr,16.286859279490507,17.566111861346734,26.1991141208919,ab,447,7,
5,58487.144247699995,ztfg,11.152034886336347,21.753119135831675,26.2712288567514,ab,447,7,
6,58491.131794000044,ztfg,27.84623904696379,24.243370874299583,26.2760837407787,ab,447,7,
7,58494.1456133998,ztfg,176.42110731453698,28.545676288451453,26.2016722875775,ab,447,7,
8,58503.15371529991,ztfg,866.2874979950327,123.83516784681643,26.193674217736,ab,447,7,
9,58509.166215300094,ztfg,1100.4860091215285,90.45193919158339,26.0068815728039,ab,447,7,
10,58522.10030090017,ztfr,889.663811122541,69.67182794633253,26.1013192088075,ab,447,7,
11,58522.10509259999,ztfr,757.2976158005399,46.93981610916955,26.0762427677261,ab,447,7,
12,58523.10151620023,ztfr,768.633747187371,46.78351583697055,26.1030975200235,ab,447,7,
13,58523.10638889996,ztfr,614.3005291833816,56.89255324978659,26.0855800133543,ab,447,7,
14,58523.111250000075,ztfr,726.2125357211435,48.109711384775665,26.0855677940752,ab,447,7,
15,58523.116111100186,ztfr,808.5003655499394,54.73806978642486,26.0821479984591,ab,447,7,
