,time,band,flux,fluxerr,zp,zpsys,field,ccd,comment
0,58332.46951390011,ztfg,3887.31134607993,47.32483800231472,25.8351277352195,ab,1695,39,
1,58336.478148099966,ztfr,10646.28090448208,44.90184163080063,26.2896043602885,ab,1695,39,
2,58336.47859949991,ztfr,10676.732527328073,45.03566208398688,26.2873684132752,ab,1695,39,
3,58344.45278939977,ztfr,6787.067590298158,35.53807656905259,26.2330086275888,ab,1695,39,
4,58345.50725689996,ztfr,6555.3636285469975,37.03053004728087,26.2249258912398,ab,1695,39,
