,time,band,flux,fluxerr,zp,zpsys,field,ccd,comment
0,58847.08648149995,ztfr,9.880420977245231,33.634183947796146,22.3343772484411,ab,396,10,
1,58852.10702549992,ztfg,37.33076017077098,33.15692828649166,26.2588607357695,ab,396,10,
2,58852.15125000011,ztfr,2.853224231527213,30.608943292091677,26.152045852774,ab,396,10,
3,58855.190798600204,ztfr,48.3810500900505,74.55684660338974,26.0986438387479,ab,396,10,
4,58860.14407410007,ztfr,123.58605747552113,76.31461012382026,26.1039442354371,ab,396,10,
5,58863.089282399975,ztfr,-8.130888472575538,30.351045890477742,26.1624099664707,ab,396,10,
6,58863.10824069986,ztfg,-8.539493060210777,28.263142808303513,26.2354644744191,ab,396,10,
7,58873.091273100115,ztfr,390.6187560877558,48.03557810908368,26.1443731241645,ab,396,10,
8,58873.108020800166,ztfg,507.7770774647968,36.1822591077387,26.1882706452248,ab,396,10,
9,58886.09818289988,ztfr,676.4052004932876,83.74145851753353,26.055135922653,ab,396,10,
10,58886.10307870014,ztfr,703.6857588517067,66.42498122543532,26.0775261779046,ab,396,10,
11,58886.10797449993,ztfr,775.4528862798259,62.05535994986337,26.0910851734913,ab,396,10,
12,58886.11284720013,ztfr,850.4488082886314,68.87391931744288,26.0187306353271,ab,396,10,
