,time,band,flux,fluxerr,zp,zpsys,field,ccd,comment
0,58475.489421300124,ztfr,83.47657859229894,41.56327943886434,26.1941995285301,ab,423,59,
1,58476.49339119997,ztfr,-26.839964611384577,36.37340935910429,26.2193850366725,ab,423,59,
2,58487.52090279991,ztfg,20.405832525413754,15.179419377217815,26.3105629104085,ab,423,59,
3,58487.54321759986,ztfr,4.937680520970293,21.261739163040577,26.2364219757508,ab,423,59,
4,58491.49883100018,ztfg,57.47778952086329,24.342538601703815,26.2829660026183,ab,423,59,
5,58494.52231479995,ztfg,2.838615034016205,13.752061376091547,26.269305288005,ab,423,59,
6,58502.46149310004,ztfg,250.10745470990503,62.74128403526175,26.235631631346,ab,423,59,
7,58502.522338000126,ztfr,199.03068352782833,35.20143621524691,26.2170276567643,ab,423,59,
8,58505.46178240003,ztfg,381.18597518913305,102.22975547334879,26.3080134729748,ab,423,59,
9,58505.54328700015,ztfr,326.18325547348206,83.72724123494346,26.2203594760308,ab,423,59,
10,58507.54747689981,ztfg,527.9327375825823,57.1508018715959,26.3076369844814,ab,423,59,
11,58511.48063659994,ztfg,483.3696575000678,26.744132939002196,26.2086190855485,ab,423,59,
12,58511.542106499895,ztfr,393.0345002278498,27.673861371047717,26.1155102336943,ab,423,59,
13,58524.46062499983,ztfr,272.2549406282758,24.51235895850951,26.1808986213273,ab,423,59,
14,58539.31533560017,ztfr,30.66781226019635,25.255002618690916,25.1165595244545,ab,423,59,
15,58539.397419000044,ztfg,-23.54526551465318,29.010220857576737,25.7706561049294,ab,423,59,
16,58543.35671300022,ztfr,132.33916024863612,21.480149361872105,26.1681474936568,ab,423,59,
17,58543.3778241002,ztfg,23.70839880574786,25.38490915747197,25.2868518222795,ab,423,59,
18,58547.31258099992,ztfr,96.75711039487491,20.96977621654977,26.1751502796599,ab,423,59,
19,58547.3359375,ztfg,13.386568067907096,22.22875254596263,26.2392521119494,ab,423,59,
20,58557.35847220011,ztfr,-58.97892644930111,52.28052520010751,26.1913768299913,ab,423,59,
21,58560.25270830002,ztfg,7.986667516635135,52.94601033753409,26.1963347027609,ab,423,59,
22,58560.337511599995,ztfr,47.2033013521949,36.49223373555463,26.1992381082394,ab,423,59,
