,time,band,flux,fluxerr,zp,zpsys,field,ccd,comment
0,58468.54004629981,ztfr,1.9304018417179805,23.54542637109168,26.1371914089608,ab,425,19,
1,58468.54427079996,ztfg,-4.577474783081569,34.327403368453425,26.1665273940474,ab,425,19,
2,58469.523541700095,ztfg,5.254507107311971,27.21595152694839,24.3844838177593,ab,425,19,
3,58469.57364579989,ztfr,61.008992125930824,67.07500826800285,24.7038268480333,ab,425,19,
4,58471.51932869991,ztfg,33.871518859258494,25.43861468777512,26.0611586538867,ab,425,19,
5,58472.484143500216,ztfg,-13.373526916222687,72.5592272974973,25.9191566337382,ab,425,19,
6,58472.485057900194,ztfg,-43.97549214016165,83.27662895907493,25.9387328523453,ab,425,19,
7,58474.48354170006,ztfr,178.03664295479837,142.19199442401265,26.0595459384167,ab,425,19,
8,58476.52349539986,ztfr,37.29082432379366,40.058646354332694,26.1572527070747,ab,425,19,
9,58480.521863400005,ztfg,821.6721740350375,108.72183978822164,26.082467397673,ab,425,19,
10,58480.54348379979,ztfr,771.2358154513153,95.25577190456085,26.1469230543927,ab,425,19,
11,58487.50141200004,ztfg,2574.787136767287,26.740605914732622,26.1446776569721,ab,425,19,
12,58491.52127309982,ztfg,3154.134041043843,34.73976015981283,26.1665649246694,ab,425,19,
13,58494.52281250013,ztfg,3086.731942881556,26.499754862054107,26.1068673144502,ab,425,19,
14,58502.453275499865,ztfg,2181.4406150397303,74.83938847288653,26.0855211377182,ab,425,19,
15,58505.48034719983,ztfg,1914.1549693028942,139.32125822261722,26.1680607493765,ab,425,19,
16,58505.53993060021,ztfr,2122.0057443229553,109.58354953940196,26.1803464970992,ab,425,19,
17,58507.545648099855,ztfg,1844.4074860075887,65.67506714759858,26.2219844673379,ab,425,19,
18,58508.542638900224,ztfg,1710.4875803410555,109.07057413847409,26.1992978887471,ab,425,19,
19,58526.476412000135,ztfg,283.1041822101638,39.00787049097181,25.689239495674,ab,425,19,
20,58539.374270800035,ztfr,601.4267482163218,42.677791080761004,26.0820588346179,ab,425,19,
21,58539.397916700225,ztfg,223.11597518470336,47.458332853222416,25.6521208688261,ab,425,19,
22,58543.482511600014,ztfg,206.11721732782775,15.969627032071454,26.0856572899378,ab,425,19,
