,time,band,flux,fluxerr,zp,zpsys,field,ccd,comment
0,58363.47981479997,ztfr,611.0622663130368,40.09449775884813,26.0926965365066,ab,252,4,
1,58363.501643499825,ztfg,210.9670437035151,56.18639864933638,26.0452903137591,ab,252,4,
2,58366.48096060008,ztfr,574.8001876208058,20.823720532701675,26.1251019154224,ab,252,4,
3,58369.45898150001,ztfg,164.330294623881,18.944502808433743,26.0615621759745,ab,252,4,
4,58372.45972219994,ztfg,150.13667170714425,17.818183474358495,26.1527209809997,ab,252,4,
5,58372.500798599795,ztfr,393.14211069376177,24.145055794991084,26.180443851219,ab,252,4,
6,58375.459710599855,ztfg,134.54775252673687,19.796375434467283,26.1586642421064,ab,252,4,
7,58375.480810199864,ztfr,356.6839346951522,23.523682778527295,26.1590667245295,ab,252,4,
8,58378.46056709997,ztfg,139.77873644392986,21.511813004956533,26.1555430461178,ab,252,4,
9,58378.501875000075,ztfr,328.02895792434384,26.353697005085817,26.169551452746,ab,252,4,
10,58383.438472200185,ztfg,111.59755035098568,40.26071879725421,26.0840670589039,ab,252,4,
11,58384.44003470009,ztfg,-0.815378729457997,95.73715450269569,25.2296895693676,ab,252,4,
12,58386.41748839989,ztfr,280.80876151821116,72.80094269105763,26.1389558003616,ab,252,4,
13,58386.47754629981,ztfg,312.9951401859857,89.10464850007847,26.1210733297371,ab,252,4,
