,time,band,flux,fluxerr,zp,zpsys,field,ccd,comment
0,58482.15192130022,ztfg,-93.94342301003093,52.3739404122637,26.1552131352503,ab,346,30,
1,58482.18356479984,ztfr,-40.006990951124536,60.133522254654665,26.0052166181155,ab,346,30,
2,58487.09693290014,ztfr,25.576856301279776,21.008435624467708,26.1934092964294,ab,346,30,
3,58487.12655089982,ztfg,-13.892122862469863,19.084383533239336,26.1991203504975,ab,346,30,
4,58491.10121530015,ztfr,-22.482950335057573,36.69777687562729,26.1590244003605,ab,346,30,
5,58491.147708300035,ztfg,-3.9083300198652906,45.06581577054482,26.1420431032595,ab,346,30,
6,58505.16568290023,ztfg,344.082807643059,255.4932888910236,25.9351589999073,ab,346,30,
7,58510.128321799915,ztfg,970.7628242554135,75.32905066111799,25.9839485581792,ab,346,30,
8,58522.10170139978,ztfr,1260.5877876468574,74.80956296070833,26.072751908451,ab,346,30,
9,58523.103506899904,ztfr,1219.1290164639986,56.11931070550893,26.0654277772278,ab,346,30,
10,58523.10836810013,ztfr,1150.9416405010645,60.67775199651596,26.0751182367663,ab,346,30,
11,58523.11322919978,ztfr,1218.232546250697,55.39224839990496,26.050816360045,ab,346,30,
12,58523.1180786998,ztfr,1227.6612679213424,63.46260361168663,26.037424828342,ab,346,30,
