,time,band,flux,fluxerr,zp,zpsys,field,ccd,comment
0,58863.14701389987,ztfg,15.589633787905187,33.69230329486509,26.1362517646254,ab,253,7,
1,58875.196909700055,ztfr,31.04507162956839,51.135659980406295,26.069234674654,ab,253,7,
2,58878.146365699824,ztfr,-47.39806417306888,140.17495137422503,26.1140508268615,ab,253,7,
3,58878.18921299977,ztfg,-121.45943820820952,159.42010684075063,26.1337521285271,ab,253,7,
4,58881.10532409977,ztfr,115.82038652969487,48.92983261053563,26.1378361321838,ab,253,7,
5,58881.14864580007,ztfg,40.004943425231026,51.6976430748034,26.1583832626153,ab,253,7,
6,58885.16146990005,ztfr,64.61786140471662,145.9339215996405,25.8764492798947,ab,253,7,
7,58892.1493286998,ztfg,1016.6189727397339,30.456088911924674,26.0964038378346,ab,253,7,
8,58895.10555560002,ztfr,1219.794109512822,42.84725851535098,26.1159171725233,ab,253,7,
9,58895.12697920017,ztfg,1345.894342585639,50.944292984382436,26.1609184958406,ab,253,7,
10,58900.1333912001,ztfg,741.3581896660563,57.492230837640136,25.5476128986872,ab,253,7,
11,58900.14909720002,ztfr,750.3785364443917,66.38134726232032,25.5964719610936,ab,253,7,
12,58905.1077083,ztfr,1228.985829516402,138.49203833433305,26.1058597533157,ab,253,7,
13,58905.12672450021,ztfg,1006.2975795531556,108.77107225587528,26.0918164634785,ab,253,7,
