,time,band,flux,fluxerr,zp,zpsys,field,ccd,comment
0,59124.12668980006,ztfg,-150.15726763676753,81.32009625200273,26.0029197208537,ab,287,18,
1,59124.23113430012,ztfr,83.13191218568025,74.69369356104517,26.1406348498077,ab,287,18,
2,59126.170567099936,ztfr,-77.62632219289071,43.85052023008261,27.8723618860367,ab,287,18,
3,59126.19075229997,ztfg,-40.7078540217105,58.60667226568201,23.1572926670632,ab,287,18,
4,59128.187615700066,ztfg,-31.631665284386884,35.577459157511925,25.9252826747141,ab,287,18,
5,59131.16869209986,ztfg,54.53567076789018,34.83499745240678,26.0312894580928,ab,287,18,
6,59135.21140050003,ztfg,129.17887386789383,31.36777132304288,26.0177352222005,ab,287,18,
7,59137.16848379979,ztfr,224.348877002429,30.43895357339352,26.1847842205237,ab,287,18,
8,59139.16922450019,ztfg,304.18522154679465,33.450030444161925,25.9975362801135,ab,287,18,
9,59141.14116899995,ztfr,349.7435784098897,28.45716216860868,26.1501763892636,ab,287,18,
10,59141.18947920017,ztfg,238.09646160342965,48.53036619103367,25.6729846792851,ab,287,18,
11,59143.13138889987,ztfr,468.1993318325348,24.215359350863285,26.2207387319137,ab,287,18,
12,59143.16892360011,ztfg,462.8475569126281,24.543536057008755,26.1040360449381,ab,287,18,
13,59149.12417820003,ztfr,1021.8124310416837,313.89155002073625,26.1888676901215,ab,287,18,
14,59149.187604200095,ztfg,138.85880247258297,205.79900875112259,25.9601299556392,ab,287,18,
15,59150.106354199816,ztfr,645.6144779535939,80.70774425374974,26.2366039457713,ab,287,18,
16,59150.14900460001,ztfg,476.4101227754888,89.59186150034104,26.1524608268418,ab,287,18,
17,59151.10754630016,ztfr,640.7744928148361,55.53761679214299,26.2612245047256,ab,287,18,
18,59151.1275578998,ztfg,413.90406844233837,80.54965761951351,26.1557292577922,ab,287,18,
19,59152.107199099846,ztfg,670.004592132552,55.17902347593264,26.1772677154652,ab,287,18,
20,59153.128645800054,ztfg,413.4286465532735,70.51192738913514,26.1596520060229,ab,287,18,
21,59157.07579859998,ztfr,538.6204296105583,50.76948355148965,26.2235134204099,ab,287,18,
22,59157.14722219994,ztfg,312.83195163480116,87.4194733812835,26.087235874836,ab,287,18,
23,59158.1065508998,ztfr,442.92333332792856,54.67625398802108,26.2370265602061,ab,287,18,
24,59164.14488429995,ztfr,309.0471847553855,77.40689165134462,26.2139970362963,ab,287,18,
25,59165.07533559995,ztfr,391.6112048099527,39.17543540733582,26.2685068786816,ab,287,18,
