,time,band,flux,fluxerr,zp,zpsys,field,ccd,comment
0,58236.20943289995,ztfg,-43.912045765150346,83.0120210475004,26.1352774796288,ab,369,15,
1,58243.167384299915,ztfr,-5.044054180761316,25.7961383209953,26.0763117533249,ab,369,15,
2,58243.18984950008,ztfg,-29.201115926062187,28.138439522708715,26.1406750334351,ab,369,15,
3,58249.18842589995,ztfg,29.26528231820354,20.254209979510435,26.0037132810547,ab,369,15,
4,58257.20960649988,ztfr,1281.1611523185188,24.430239151844688,26.0110750145515,ab,369,15,
5,58260.16864580009,ztfr,2992.007740560178,37.29494803282789,26.0681890721006,ab,369,15,
6,58268.16599539993,ztfg,9287.684986605447,70.05558517207443,26.1236557100654,ab,369,15,
7,58274.21150460001,ztfg,8177.1353627021745,39.859128977998914,26.0851656776717,ab,369,15,
8,58281.19069440011,ztfr,4140.503539787767,31.82501163986531,26.0182938846851,ab,369,15,
