,time,band,flux,fluxerr,zp,zpsys,field,ccd,comment
0,59184.519895799924,ztfr,365.0298232498036,44.63607242395072,26.2467292597946,ab,874,4,
1,59184.533738399856,ztfg,370.9208636670294,58.9507412281849,26.2942001456767,ab,874,4,
2,59186.51581020001,ztfg,407.52470477576,168.65360100722256,26.2835487932714,ab,874,4,
3,59188.53258100012,ztfg,445.1722809677433,53.74287719890747,26.2979215398504,ab,874,4,
4,59193.51354169985,ztfr,509.90000582937193,42.73074068524925,26.249135440278,ab,874,4,
5,59193.54774310021,ztfg,546.4912892615932,31.529179736569695,26.3159920700566,ab,874,4,
6,59195.490046299994,ztfr,410.09415942602897,35.275450546168926,26.0941503142444,ab,874,4,
7,59195.537534699775,ztfg,326.29996890495227,38.91693071082622,25.8733255552701,ab,874,4,
8,59198.46679400001,ztfr,451.22457584416577,41.3355770056725,26.2530212841962,ab,874,4,
9,59198.50783560006,ztfg,460.679239856572,29.770041280689355,26.317035673475,ab,874,4,
10,59200.47626159992,ztfg,154.17898423498906,85.96639425167979,25.6307961452842,ab,874,4,
11,59200.535486099776,ztfr,234.6952681478437,30.92033844392929,25.8346432115776,ab,874,4,
12,59203.46846059989,ztfr,329.2453896613286,45.42317093986894,26.2540900183518,ab,874,4,
13,59203.536562500056,ztfg,369.98589556664524,45.36544945892007,26.296068460081,ab,874,4,
14,59206.444004599936,ztfr,68.49832846061202,45.593298755931166,24.6913579390421,ab,874,4,
15,59206.53384259995,ztfg,21.325920360031574,44.47935224144155,22.9373448685386,ab,874,4,
