,time,band,flux,fluxerr,zp,zpsys,field,ccd,comment
0,58831.0712036998,ztfr,3.67927016493931,38.34642701504831,26.2567372711915,ab,498,37,
1,58835.08640050003,ztfr,205.0574141373957,112.96843086900984,26.0798177519626,ab,498,37,
2,58835.13082179986,ztfg,68.92789182442318,152.24556046269407,25.9937866040914,ab,498,37,
3,58838.09298609989,ztfr,7.426426405055418,34.351922342266484,25.9973026241018,ab,498,37,
4,58838.12521990016,ztfg,-36.70818162376655,42.68181858182715,25.6130322996252,ab,498,37,
5,58847.086932899896,ztfr,65.07337759013538,30.167201355019166,25.265569415195,ab,498,37,
6,58852.099664399866,ztfg,359.3007395067315,33.91162772650917,26.1631530973507,ab,498,37,
7,58852.15216440009,ztfr,318.76895130850187,35.16680991220629,26.2401478665219,ab,498,37,
8,58855.19125000015,ztfr,648.5673955836808,81.897685380562,26.1924636405701,ab,498,37,
9,58860.14317130018,ztfr,1221.8219563283612,65.94327343660004,26.1807883587032,ab,498,37,
10,58863.09108800022,ztfr,1450.2186021366927,35.104353618985115,26.2278383414554,ab,498,37,
11,58863.121307900175,ztfg,2023.2930939293735,31.7792517036994,26.1713575356923,ab,498,37,
12,58872.15591439977,ztfg,1391.3094510454578,41.14925348728857,26.0145187347161,ab,498,37,
13,58875.09894679999,ztfr,464.3730480416052,47.59741565580397,25.2523010087065,ab,498,37,
14,58875.1326156999,ztfg,1195.715319339372,33.905133307818474,26.0531064854332,ab,498,37,
15,58886.09773149993,ztfr,679.1566329570975,81.90987190271866,26.150945058834,ab,498,37,
16,58886.10262730019,ztfr,893.9557863207795,59.535322301143445,26.1653668978947,ab,498,37,
17,58886.107523099985,ztfr,793.501481139838,69.87226630994307,26.1644759984481,ab,498,37,
18,58886.11240739981,ztfr,717.6434437078785,64.04020200050462,26.1376025544148,ab,498,37,
