,time,band,flux,fluxerr,zp,zpsys,field,ccd,comment
0,58830.432118100114,ztfr,-30.81534524936178,36.09004701811448,26.4008936304869,ab,1664,41,
1,58830.43256939994,ztfr,-37.89910438894005,33.03437249293354,26.3848401647078,ab,1664,41,
2,58837.45081020007,ztfr,12.932973932980136,76.72107212793317,26.3797116688219,ab,1664,41,
3,58837.451261600014,ztfr,-98.79013958056143,81.50275303115029,26.355355707722,ab,1664,41,
4,58846.42162040016,ztfr,339.9777431795271,21.28309045473049,26.3825056991263,ab,1664,41,
5,58846.4220718001,ztfr,321.7430456898912,19.344330325062355,26.393206280116,ab,1664,41,
6,58852.521226900164,ztfg,1304.4748610847728,21.7059863152432,26.3907855609285,ab,1664,41,
7,58854.43673609989,ztfr,992.4964489135842,87.8699280143009,26.3748816425943,ab,1664,41,
8,58854.43718749983,ztfr,1115.9877131204016,77.53886163324287,26.3755671767803,ab,1664,41,
9,58898.24090280011,ztfg,138.07044460511514,12.770753540071238,26.3444453464268,ab,1664,41,
10,58898.24135420006,ztfg,152.8355403592162,11.825723366252422,26.3537589559431,ab,1664,41,
11,58899.263148100115,ztfr,386.95536529296203,17.66118690649441,26.3779236222774,ab,1664,41,
12,58899.264050900005,ztfr,363.8902152527359,17.39457137683216,26.3774261993578,ab,1664,41,
13,58900.240891200025,ztfr,397.8505413031777,18.645684337560798,26.366493864635,ab,1664,41,
14,58900.24134259997,ztfr,315.05323091058597,17.91430428552545,26.3552943562612,ab,1664,41,
15,58903.30792819988,ztfg,113.4024123306651,15.188826412922452,26.3403926676832,ab,1664,41,
16,58903.308379599825,ztfg,122.70492473442279,13.32688863046302,26.3514986000225,ab,1664,41,
