,time,band,flux,fluxerr,zp,zpsys,field,ccd,comment
0,58725.31513890019,ztfg,-27.54456109839996,24.02782985180648,26.0592113806353,ab,288,47,
1,58733.29859950021,ztfg,-24.22271806509833,38.36427425412276,26.0072424782525,ab,288,47,
2,58743.205266200006,ztfg,11.780925427893955,50.52545584169607,25.895365610477,ab,288,47,
3,58743.25119209988,ztfr,4.021866279246073,73.06189156076337,26.0261740385174,ab,288,47,
4,58747.250671300106,ztfr,257.6294417472783,71.08094850494048,26.0837079471185,ab,288,47,
5,58747.29983799998,ztfg,156.5339822841221,42.21735589418951,25.8621295051754,ab,288,47,
6,58750.25216440018,ztfr,282.93695083861627,63.03915178822214,25.9797623966479,ab,288,47,
7,58757.16165510006,ztfg,820.5320460037801,25.987315406399055,26.0600365125329,ab,288,47,
8,58757.21006939979,ztfr,709.552560572291,35.43511623871597,26.1126011189729,ab,288,47,
9,58760.25193289993,ztfr,769.4151168768244,50.78603820777844,26.0677935738262,ab,288,47,
10,58766.18577549979,ztfr,740.1340473832703,135.76931778600309,26.1059997655043,ab,288,47,
11,58766.189351900015,ztfg,586.070799070177,119.6518119909394,26.0377539563444,ab,288,47,
12,58769.12395829987,ztfr,756.8995337496417,100.32921997746965,26.0752940988791,ab,288,47,
13,58769.18930559978,ztfg,584.441191514959,98.84579283594005,25.9992518202294,ab,288,47,
14,58773.18237269996,ztfg,289.89045781937267,47.88624564190467,25.3475326724288,ab,288,47,
15,58773.18979169987,ztfr,254.82897089307573,124.03597685012723,25.3496852103348,ab,288,47,
16,58776.18208329985,ztfg,387.9854706667731,32.6417218768753,25.988950717731,ab,288,47,
17,58776.18982640002,ztfr,394.01045584732935,80.98266567754975,26.0720628764435,ab,288,47,
18,58782.1825116002,ztfr,422.0493656392907,58.89022752040234,26.092671118323,ab,288,47,
19,58785.08023149986,ztfr,291.36463274085474,54.41901214799833,26.1059008810489,ab,288,47,
20,58785.181585600134,ztfg,121.24443541710545,34.32388878845515,25.9729430476076,ab,288,47,
21,58789.18305560015,ztfg,197.81386253076576,46.077930010074475,25.9309175520736,ab,288,47,
22,58794.10535879992,ztfr,213.90380203436953,54.15565660992338,26.0534632652468,ab,288,47,
23,58794.12660880014,ztfg,177.14685296185792,66.90419299258078,25.9292522538085,ab,288,47,
24,58797.08442129986,ztfr,277.51525701352057,58.32187137378065,26.0858310448462,ab,288,47,
25,58797.12758099986,ztfg,163.62179712803675,79.08070706902446,26.0014716523574,ab,288,47,
