,time,band,flux,fluxerr,zp,zpsys,field,ccd,comment
0,58939.206701400224,ztfr,25.958697804060293,18.791239139875465,26.3323135595302,ab,1619,40,
1,58964.208217599895,ztfg,1255.190485033858,20.214347366015936,26.3021291916419,ab,1619,40,
2,58964.20866899984,ztfg,1248.4246503127629,19.25891942098925,26.2950027482905,ab,1619,40,
3,58967.24019679986,ztfg,1515.2647566888484,23.942275988913256,26.3326207881741,ab,1619,40,
4,58967.24064810015,ztfg,1522.7562987096355,23.14360084326627,26.3423970829146,ab,1619,40,
5,58968.247303199954,ztfg,1636.4784437787787,22.612742067885627,26.3768730514056,ab,1619,40,
6,58973.24394680001,ztfg,1519.552966547881,49.91797506307947,26.3735535830661,ab,1619,40,
7,58973.247222200036,ztfg,1608.2120140668615,50.74143365511849,26.3449190774944,ab,1619,40,
8,58986.20861109998,ztfg,819.4247696895432,17.684919009533232,26.3490771360959,ab,1619,40,
