,time,band,flux,fluxerr,zp,zpsys,field,ccd,comment
0,58617.21327550011,ztfr,-55.056370689770986,42.75622653950016,25.9949234345143,ab,567,56,
1,58617.21372690005,ztfr,-22.914853446233064,37.09648908283175,25.9107570325795,ab,616,2,
2,58638.1675809999,ztfr,854.340977263481,61.65627706238206,25.8436738442586,ab,616,2,
3,58638.17086810013,ztfr,724.194630937307,51.01046890932942,25.8391375100158,ab,616,2,
4,58638.17414350016,ztfr,812.1429784671769,55.166372069333995,25.8284570346284,ab,616,2,
5,58638.1774420999,ztfr,882.7357756975593,34.30237926325071,25.8144875474624,ab,616,2,
