,time,band,flux,fluxerr,zp,zpsys,field,ccd,comment
0,58855.25440970017,ztfg,-191.67201145041957,629.671756822081,28.0952060953712,ab,258,31,
1,58855.2685647998,ztfr,-457.43219226208475,439.0863962615924,28.1437791077224,ab,258,31,
2,58856.25258099986,ztfg,12.778912184199719,401.4200378896988,28.1063963797476,ab,258,31,
3,58856.26905089989,ztfr,-63.767427135829706,221.70357292361487,28.1517057802496,ab,258,31,
4,58861.2952083,ztfr,34.8035233781948,138.94343878163113,26.194126081499,ab,258,31,
5,58861.33679400012,ztfg,848.6713499960371,250.1580361893185,26.1028516859869,ab,258,31,
6,58871.25083329994,ztfr,259.10193706741944,45.818365883069404,26.1892929849526,ab,258,31,
7,58872.22478009993,ztfg,243.6638424474482,29.494859516390406,26.1169903779783,ab,258,31,
8,58872.25461809989,ztfr,219.9092087636927,36.37007592222011,26.1916114612999,ab,258,31,
9,58875.22987269983,ztfr,313.8812855870366,47.32769231065907,26.144883059514,ab,258,31,
10,58875.31453699991,ztfg,100.81606589132204,90.53505433471598,25.9872241510782,ab,258,31,
11,58878.2332175998,ztfg,249.80176763692813,104.82382091571593,26.116849721159,ab,258,31,
12,58878.27261570003,ztfr,129.98202665023814,111.54404792077905,26.1741917636503,ab,258,31,
13,58881.20959489979,ztfg,183.43869079498194,52.615622321178314,26.1142536609672,ab,258,31,
14,58881.25150460005,ztfr,228.64033175429068,61.172764863142945,26.188047516139,ab,258,31,
15,58885.18833329994,ztfr,141.96095154949472,153.44360103847964,25.8717242642201,ab,258,31,
16,58885.25226850016,ztfg,-31.49580321910271,213.26381297922484,25.5495534192514,ab,258,31,
17,58888.2467939998,ztfg,170.26231035912082,193.06921499944818,26.1314391629635,ab,258,31,
18,58891.188229199965,ztfg,95.56774894424989,36.67680796188636,26.1128681414068,ab,258,31,
19,58891.25170140015,ztfr,103.67641833531775,67.26391737564319,26.1640125239854,ab,258,31,
20,58894.18539350014,ztfg,36.04989835071591,26.866121605300908,26.0928044459527,ab,258,31,
21,58894.2098495001,ztfr,84.85437786858752,48.02514267878751,26.1561337900706,ab,258,31,
22,58905.16837960016,ztfr,267.09372219699384,119.35070931609755,26.1489646878556,ab,258,31,
23,58913.14603010006,ztfg,-6.080126262766134,49.91190497900921,25.9723994794026,ab,258,31,
24,58913.18662039982,ztfr,-107.71536328047353,73.58176450700347,25.6337667816169,ab,258,31,
