,time,band,flux,fluxerr,zp,zpsys,field,ccd,comment
0,58283.48057870008,ztfr,1769.2282266403768,65.32491703961564,26.1581444580907,ab,397,21,
1,58286.443784699775,ztfg,1893.4084841335725,37.10457637475765,26.0119998876908,ab,397,21,
2,58289.46479169978,ztfr,1514.176427088983,29.90242384405967,26.1644709419297,ab,397,21,
3,58294.47964120004,ztfr,1131.6645844554407,35.34416000421055,26.2092748979002,ab,397,21,
4,58297.424317100085,ztfr,1046.133762541977,75.29608727150175,26.1339169880333,ab,397,21,
5,58300.418877299875,ztfr,908.6741907876713,50.81750117901733,26.0626577905178,ab,397,21,
6,58300.459965299815,ztfg,616.4866889386248,47.55740830868387,26.1164826082516,ab,397,21,
7,58312.44129629992,ztfr,492.50347736149496,18.66696105183065,26.0464338002428,ab,397,21,
8,58312.47894679988,ztfg,226.1942394395939,16.836773304449196,26.051228721477,ab,397,21,
9,58315.44116900023,ztfg,173.7530339692708,14.327939162891095,25.8943995342857,ab,397,21,
10,58315.465104199946,ztfr,401.95326238213454,17.703362043446052,26.0085227709664,ab,397,21,
11,58318.44122690009,ztfg,190.41984644738457,13.99781031348323,26.1454927828144,ab,397,21,
12,58321.441365700215,ztfg,144.30998817003444,14.662447666112786,26.1602491503708,ab,397,21,
13,58321.481655099895,ztfr,374.9894092453845,18.671992534680534,26.2249829007141,ab,397,21,
14,58324.438807900064,ztfg,127.0588647036554,36.543318195154015,25.9260709849592,ab,397,21,
15,58324.48175929999,ztfr,312.2675382336791,17.382484631262493,26.1216402526453,ab,397,21,
16,58327.41877309978,ztfr,-37.10808205881423,103.08129211182579,25.2593283253128,ab,397,21,
17,58330.39697920019,ztfr,336.0517825525083,76.85104663596388,26.1376438421264,ab,397,21,
18,58334.438518499956,ztfr,251.55413429877248,28.859162445524976,26.2011943291482,ab,397,21,
19,58334.4631829001,ztfg,99.87569711188227,29.937066990964695,26.1456798487919,ab,397,21,
20,58335.44593749987,ztfr,258.68552162981393,22.27738099646375,26.2309639552508,ab,397,21,
21,58335.446388899814,ztfr,238.08847091143974,22.214875431325854,26.2182079322497,ab,397,21,
