,time,band,flux,fluxerr,zp,zpsys,field,ccd,comment
0,58643.43850689987,ztfg,2809.9640018667833,33.77126632300585,26.0973699785258,ab,287,54,
1,58643.47997689992,ztfr,2383.221204181877,52.07252969562797,26.0962022035139,ab,287,54,
2,58646.41802080022,ztfg,2683.920218892947,27.106627773069953,25.980319303912,ab,287,54,
3,58646.4800809999,ztfr,1407.6917158180997,39.328615557645804,25.4657996481423,ab,287,54,
4,58650.42076390004,ztfr,2745.7742378720736,51.20996764744988,26.1027000985353,ab,287,54,
5,58657.397685199976,ztfr,2090.1772585412646,47.48877963148521,26.0897130988715,ab,287,54,
6,58657.480208300054,ztfg,2203.6606337737153,91.4826362958999,26.0880169263551,ab,287,54,
7,58661.42038189992,ztfr,1693.475566373266,33.01044576520804,26.106670084105,ab,287,54,
8,58661.480763900094,ztfg,1625.5861042454726,59.662474726627785,26.0855879788007,ab,287,54,
9,58667.43722219998,ztfg,1067.699344735436,21.79905445263326,26.1195215887119,ab,287,54,
10,58667.48033560021,ztfr,1369.48001595358,62.71065877586836,26.0789974420538,ab,287,54,
11,58674.42203699984,ztfg,577.936552917048,19.07817452576041,26.0992882887531,ab,287,54,
12,58674.460532399826,ztfr,1227.3183935354784,29.666584119032414,26.0609435639332,ab,287,54,
13,58684.439710599836,ztfr,897.2214783296295,89.99518272357841,26.0631970969796,ab,287,54,
14,58690.29395829979,ztfg,189.24934144166357,17.16636847264833,25.9358807927241,ab,287,54,
15,58690.29671300016,ztfg,212.07582552429366,16.504439081035077,25.9464333275931,ab,287,54,
16,58690.38478010008,ztfr,614.2583947336491,25.217777284928733,25.9806711236724,ab,287,54,
17,58690.38568289997,ztfr,654.3832008041702,24.150918115458918,25.9934209390891,ab,287,54,
18,58692.35391200008,ztfr,280.868477785536,40.02342918242402,25.1489249815559,ab,287,54,
19,58693.31314809993,ztfg,266.9915828611168,19.34667207035016,26.0778337226075,ab,287,54,
20,58693.32913189987,ztfg,225.2647284698314,23.169818846749646,26.0714795528503,ab,287,54,
21,58693.3384953998,ztfr,546.9578441479027,28.731853032133504,26.0684379126326,ab,287,54,
22,58693.33939810004,ztfr,594.166872426833,28.205412862318415,26.0565418001595,ab,287,54,
23,58695.329444400035,ztfr,509.6826993988214,22.846643055228608,26.0485642643373,ab,287,54,
24,58695.38546299981,ztfg,203.98696362173038,20.149530665388358,26.0404094188211,ab,287,54,
25,58698.33128469996,ztfg,39.83658635522589,19.06605891472379,23.6526170997411,ab,287,54,
26,58698.39853010001,ztfr,428.914751320327,32.91680988284219,25.9641701669822,ab,287,54,
