,time,band,flux,fluxerr,zp,zpsys,field,ccd,comment
0,58336.1554744998,ztfi,-39.05809073967091,29.787076323244328,25.7624947063572,ab,583,23,
1,58336.20832179999,ztfr,-30.592652015946886,24.208343247456472,26.3173376821821,ab,583,23,
2,58339.15359950019,ztfr,13.631231573607801,32.691587141339234,26.2235150248937,ab,583,23,
3,58340.15189810004,ztfi,20.634439402753927,25.50003685550849,25.5537770311536,ab,583,23,
4,58343.15218750015,ztfr,-36.51513099605316,23.936712071413822,26.2450862503574,ab,583,23,
5,58343.17128469981,ztfg,23.85450646127424,13.709122048930288,26.1899491179973,ab,583,23,
6,58345.15707179997,ztfi,-12.200439591920166,27.39244742003165,25.6915021025675,ab,583,23,
7,58346.14914349979,ztfg,33.76967223032521,32.23400771385046,26.2182107746057,ab,583,23,
8,58346.17108799983,ztfr,44.09504089821005,20.267764162034556,26.2444396162125,ab,583,23,
9,58350.22329859994,ztfi,28.72806785461286,19.331618838636707,25.6729158777079,ab,583,23,
10,58353.14697920019,ztfr,1.904804457120271,30.87507291071799,26.2896340859437,ab,583,23,
11,58353.23214119999,ztfr,-11.155726223986818,33.15878824440114,26.2572561151938,ab,583,23,
12,58357.23224540008,ztfr,334.84259961334925,69.48862852513898,26.2648463225595,ab,583,23,
13,58360.13807869982,ztfg,978.7054038497203,55.18180842422142,26.3531329870256,ab,583,23,
14,58360.24822920002,ztfr,793.6628389339363,45.70886653538281,26.2190730973625,ab,583,23,
15,58363.132708299905,ztfi,710.6664889558791,36.04554707938343,25.6984475429228,ab,583,23,
16,58363.15370369982,ztfg,1538.2479529641778,24.05236441142239,26.1981547693847,ab,583,23,
17,58363.22760420013,ztfr,1382.8965718233098,49.487142510057566,26.1407969004148,ab,583,23,
18,58366.20740740001,ztfg,1979.866778605823,25.67201157883103,26.1503744628797,ab,583,23,
19,58367.138761600014,ztfi,875.9767844717086,26.841925142543456,25.7030640036658,ab,583,23,
20,58369.128020800184,ztfr,2292.842666398715,31.39628602766114,26.2733809107366,ab,583,23,
21,58369.22738429997,ztfg,1899.3407800946816,26.970975500154747,25.9779003383749,ab,583,23,
22,58373.126250000205,ztfr,2401.1772334036946,34.31303016488827,26.2915951124608,ab,583,23,
23,58373.20490740007,ztfg,2033.4236559887559,37.77087347958791,26.135503183858,ab,583,23,
24,58379.1244212999,ztfi,529.1840969060058,24.738460763047204,25.7212764021929,ab,583,23,
25,58381.17165509984,ztfg,1307.4696345699178,46.86846999565165,26.1338976849995,ab,583,23,
