,time,band,flux,fluxerr,zp,zpsys,field,ccd,comment
0,58876.154432899784,ztfg,-0.8761294045704726,14.336985284124532,26.3685696095123,ab,506,4,
1,58877.14218749991,ztfr,9.691538557864929,28.02487496292394,26.2762842198476,ab,506,4,
2,58877.1895486,ztfg,31.739604471401044,18.114421840733552,26.3224862038012,ab,506,4,
3,58880.131782399956,ztfg,-0.17068373516819116,22.186127893738743,26.3526287913051,ab,506,4,
4,58880.16494210018,ztfr,30.88087245470281,42.78541817912684,26.27566446355,ab,506,4,
5,58884.12337959977,ztfg,91.45425101177557,139.82718991270545,26.3614040853027,ab,506,4,
6,58884.146215300076,ztfr,-38.832637267603744,112.71300509221268,26.2773600829857,ab,506,4,
7,58886.17755790008,ztfg,60.569792412008724,78.50555022826632,26.3246759153879,ab,506,4,
8,58887.129745400045,ztfr,36.35783516006982,29.744583505101154,26.3009447412103,ab,506,4,
9,58887.169803199824,ztfg,-31.143906780366436,50.34783452627332,26.342377001266,ab,506,4,
10,58890.22432869999,ztfg,-148.88668139347578,151.99117635551735,26.2019689004612,ab,506,4,
11,58893.16329859989,ztfg,13.098293570791315,17.644598156218525,26.3183230229199,ab,506,4,
12,58896.13807869982,ztfr,170.59643480528243,24.280228652784622,26.2586713855753,ab,506,4,
13,58896.185705999844,ztfg,157.76791315302876,22.168091937327205,26.2835617634573,ab,506,4,
14,58899.12354170019,ztfr,375.16850817976365,21.871137075666418,26.2750372468058,ab,506,4,
15,58899.15194439981,ztfg,433.74442295897666,18.74913965944876,26.3278433970567,ab,506,4,
16,58904.17534720013,ztfr,777.9953893308827,28.47126624982407,26.2016722628902,ab,506,4,
17,58913.1233333,ztfg,1132.3746118562326,37.05546378015675,26.1427633120204,ab,506,4,
18,58913.15251159994,ztfr,972.587011390739,40.437761570263525,26.0607190899552,ab,506,4,
