,time,band,flux,fluxerr,zp,zpsys,field,ccd,comment
0,59166.491238399874,ztfg,-18.173606213729613,27.78170331010252,26.0467640830249,ab,316,38,
1,59166.53687500022,ztfr,22.627724188655645,28.040734961155778,26.256794871208,ab,316,38,
2,59168.50076390011,ztfg,19.824192613218315,27.160935536223448,26.1486048760854,ab,316,38,
3,59169.485046300106,ztfg,135.924596339939,40.19239954445393,26.1141849983357,ab,316,38,
4,59171.486550900154,ztfr,166.6062146600826,36.65635712102135,26.2539383901466,ab,316,38,
5,59174.55791669991,ztfr,125.60936342524975,84.61504428381252,25.203446580931,ab,316,38,
6,59176.54752309993,ztfr,770.1380299069507,38.328041588520996,26.2662102200454,ab,316,38,
7,59179.523263900075,ztfr,1136.5872501174908,47.28474289722247,26.3057458248003,ab,316,38,
8,59181.48673610017,ztfr,1479.6929526885247,87.11613697947898,26.2819132907943,ab,316,38,
9,59181.504189800005,ztfg,1525.1055086858767,121.97261575116596,26.223848430991,ab,316,38,
10,59185.48430560017,ztfg,1671.5050767962416,64.86417759555331,26.1814893214184,ab,316,38,
11,59187.461736099795,ztfr,1619.2119534025808,192.773126320684,26.2663255520504,ab,316,38,
12,59188.50447920011,ztfr,1692.4581047028605,64.62480677438391,26.3173402257402,ab,316,38,
13,59194.523206000216,ztfg,1503.8785219812394,35.826960210960394,26.2489253229,ab,316,38,
14,59194.524166699965,ztfg,1438.2163603383874,43.349252167710965,26.2449476421222,ab,316,38,
15,59195.48184029991,ztfr,957.4963631224894,44.06183051678412,25.8420105722775,ab,316,38,
16,59196.50228009978,ztfr,1345.2159084397358,63.05914447238821,26.2850970917278,ab,316,38,
17,59196.50321759982,ztfr,1539.0020619587533,111.62624687977961,26.286908439481,ab,316,38,
18,59199.45160879986,ztfr,1167.736832878138,38.97284854196922,26.2796745402842,ab,316,38,
19,59199.52373840008,ztfg,1120.1630883907042,48.62340733017611,26.2491022251547,ab,316,38,
20,59202.48034719983,ztfg,993.3341519848638,29.585985896292097,26.2421651603127,ab,316,38,
21,59202.52293979982,ztfr,1051.9010370663793,82.60833519470518,26.2965636993262,ab,316,38,
22,59204.41821759986,ztfr,969.8462862735925,25.49990758247418,26.253653558515,ab,316,38,
23,59204.4607406999,ztfg,753.6181511771313,22.77868951936712,26.2188892275309,ab,316,38,
24,59206.418229199946,ztfg,286.75645511442855,26.439752592416305,25.1500140143941,ab,316,38,
25,59206.48086810019,ztfr,247.1449389370966,33.98620861485879,25.0921914352726,ab,316,38,
