,time,band,flux,fluxerr,zp,zpsys,field,ccd,comment
0,58941.230752300005,ztfg,647.7495897050574,74.0451651818265,26.1286384934645,ab,266,1,
1,58956.252210599836,ztfr,1796.6516867581577,34.02682200301153,26.0709978781902,ab,266,1,
2,58964.16755789984,ztfg,1049.1157314144343,24.89868955936763,26.0151840949832,ab,266,1,
3,58964.23292820016,ztfr,1139.0024284460462,33.13838068001502,26.0174935742494,ab,266,1,
4,58967.16747689992,ztfr,1104.1857865846332,24.63641971115939,26.0850758059412,ab,266,1,
5,58967.209062499925,ztfg,852.7359209218362,29.077951636125466,26.0398519796081,ab,266,1,
6,58970.18513889983,ztfr,998.2961198323362,44.687379231121405,26.1070228498312,ab,266,1,
7,58970.21065969998,ztfg,590.1648909765958,44.4109398036754,26.0561502894844,ab,266,1,
8,58973.146863400005,ztfr,1003.2819464073067,100.96296200164747,26.1094759872838,ab,266,1,
9,58973.189317100216,ztfg,337.3451296321918,111.68929792733158,26.093756496055,ab,266,1,
