,time,band,flux,fluxerr,zp,zpsys,field,ccd,comment
0,58210.23699070001,ztfg,-4.3170803045980835,54.095717245419124,26.0401706161681,ab,466,58,
1,58210.25620369986,ztfg,-38.99626602898303,49.85948426992799,25.9916099862582,ab,466,58,
2,58214.18157410016,ztfr,20.608911608048878,44.68369274873814,24.0723284633603,ab,466,58,
3,58214.193159699906,ztfr,-12.181940875206475,47.77778215112505,24.215020025735,ab,466,58,
4,58217.19743059995,ztfr,128.3264797674244,25.330503929277068,25.9088323314363,ab,466,58,
5,58217.21481479984,ztfr,109.97433849335056,25.08431468836856,26.0747637383908,ab,466,58,
6,58223.18083330011,ztfr,344.30389370507726,20.72512813157317,26.1827201078463,ab,466,58,
7,58227.16472220002,ztfr,418.5440090514675,29.059255187482048,26.2098805619607,ab,466,58,
8,58234.18724540016,ztfg,333.8916517642432,97.70653797257785,25.5604992555915,ab,466,58,
9,58234.227638899814,ztfg,330.75787387405285,74.9636914558321,26.2489847142329,ab,466,58,
10,58237.20774309989,ztfg,192.88204709647195,71.50725171220559,26.2479235744973,ab,466,58,
11,58244.155451400205,ztfr,315.55007060717537,31.075538221232893,26.2014615917105,ab,466,58,
12,58244.19387729978,ztfg,182.3555069497353,29.33332474322934,26.2060880424917,ab,466,58,
13,58247.186423600186,ztfg,178.8583186408631,16.84378694848062,26.2821195728998,ab,466,58,
14,58247.217951400205,ztfr,259.1264546087427,22.959976121168534,26.1578914137365,ab,466,58,
15,58254.17041670019,ztfr,213.6818915219176,33.35584658000825,26.1986190087026,ab,466,58,
