,time,band,flux,fluxerr,zp,zpsys,field,ccd,comment
0,58357.20890050009,ztfr,-148.32757777571612,151.07622941932905,26.205415353618,ab,385,49,
1,58357.29351849994,ztfr,-3.1144913124028974,79.02737789889213,26.1918689419334,ab,385,49,
2,58360.13335649995,ztfg,62.37427839873527,61.52955722996256,26.2501344855715,ab,385,49,
3,58360.230763900094,ztfr,34.48441696205722,39.68982409529697,26.2141229461521,ab,385,49,
4,58363.18811339978,ztfg,70.6378318061532,28.972067520440987,26.1923737325118,ab,385,49,
5,58363.230104200076,ztfr,13.189620245648543,37.44188474330385,26.1708192659875,ab,385,49,
6,58366.12858799985,ztfr,19.619236982612026,54.308102635575416,26.1545865860736,ab,385,49,
7,58366.18952549994,ztfg,-4.147448249094852,24.08115300231092,26.27161820345,ab,385,49,
8,58369.16752310004,ztfr,-21.234082387339157,29.238398337887723,26.1823089571985,ab,385,49,
9,58369.25084490003,ztfg,-6.822077683275253,24.119983664763577,26.14336590935,ab,385,49,
10,58372.16934029991,ztfr,8.705076661577273,29.41717048187804,26.2380596881959,ab,385,49,
11,58372.23026619991,ztfg,-1.211993741061863,30.12108208467649,26.2543367936275,ab,385,49,
12,58377.14668980008,ztfr,144.2731722846782,35.47314390421661,26.1916010643311,ab,385,49,
13,58377.210543999914,ztfg,126.15108049546727,29.300526745277114,26.1825769479115,ab,385,49,
14,58386.16780090006,ztfg,641.1896619970105,112.41061642465242,26.3200982462253,ab,385,49,
15,58386.209363400005,ztfr,594.2880064544383,75.26175107335008,26.1589520413463,ab,385,49,
16,58389.16922450019,ztfg,672.1071803873849,42.43954564515166,26.1474754824371,ab,385,49,
17,58389.211087999865,ztfr,682.5663228890558,41.662328709986205,26.1309431214472,ab,385,49,
18,58424.085219900124,ztfr,91.63270011903849,92.71867922508937,24.1949727296199,ab,385,49,
