,time,band,flux,fluxerr,zp,zpsys,field,ccd,comment
0,58423.50231479993,ztfr,125.72681085208362,56.4556506217608,26.1566935528005,ab,361,52,
1,58426.478715300094,ztfg,-11.581585556773542,17.241226559862483,26.2372149839448,ab,361,52,
2,58426.50251160003,ztfr,-5.161569822947143,21.00043042690274,26.161572523834,ab,361,52,
3,58429.4004861,ztfr,46.57145540098551,20.583169421333956,26.0995697488122,ab,361,52,
4,58429.44060190022,ztfg,49.29906157279949,15.456471292065906,26.1816840668138,ab,361,52,
5,58432.44328700006,ztfg,190.40942870398283,20.43958079066204,26.2000893144329,ab,361,52,
6,58432.501921299845,ztfr,196.80756531633267,39.81846750608846,26.1759285097695,ab,361,52,
7,58439.37332180003,ztfr,562.737585828042,32.1180556289612,25.9861437515228,ab,361,52,
8,58439.46962960018,ztfg,495.7615523568532,19.762734518256575,25.8745157704277,ab,361,52,
9,58442.3820369998,ztfr,391.9207059720218,70.39806097307718,25.4790984709318,ab,361,52,
10,58443.43701389991,ztfr,782.8949702696949,43.49730664126086,26.1849766159313,ab,361,52,
11,58443.484768500086,ztfg,838.993795957753,39.94218221162808,26.2623603461271,ab,361,52,
12,58448.4499189998,ztfr,976.9649900426297,116.4422670715048,26.1870948064015,ab,361,52,
13,58449.44677079981,ztfr,750.2675638305861,110.94858836221927,26.0846421394655,ab,361,52,
14,58464.314988399856,ztfg,205.41298854040258,33.39267819803155,26.1541429498106,ab,361,52,
15,58472.46741899988,ztfg,62.15168744522195,53.771989081622685,26.2490507420952,ab,361,52,
16,58475.503645800054,ztfg,49.75953362424475,122.17982886660846,26.2241807432712,ab,361,52,
17,58480.41836810019,ztfr,309.9746950896147,55.432880688304856,26.1582045883967,ab,361,52,
18,58480.46126159979,ztfg,167.19715909547148,74.34229989650204,26.2040710407541,ab,361,52,
19,58487.450127299875,ztfg,72.68730584356953,22.780509955439967,26.2198072794719,ab,361,52,
20,58491.42797450023,ztfg,32.7420347760532,38.73178576983958,25.7752035893301,ab,361,52,
21,58495.25399310002,ztfg,40.207529240611905,36.22901964396934,25.9919832286348,ab,361,52,
