,time,band,flux,fluxerr,zp,zpsys,field,ccd,comment
0,58861.227511600126,ztfr,1134.6939240367713,73.743026286564,26.1884531573412,ab,1445,19,
1,58861.22796300007,ztfr,1160.359440795897,79.51197468500399,26.1927607142757,ab,1445,19,
2,58882.09675930021,ztfg,830.5507572320009,50.85033595270675,26.2535060905398,ab,1445,19,
3,58882.097661999986,ztfg,808.7472013235127,52.877785642496285,26.2483770729514,ab,1445,19,
