,time,band,flux,fluxerr,zp,zpsys,field,ccd,comment
0,58847.077094899956,ztfr,-19.041563887154126,37.1967276591494,26.1736868483079,ab,394,45,
1,58851.08149310015,ztfr,-17.960265076043203,93.82255457463998,25.0481931448963,ab,394,45,
2,58854.12474540016,ztfr,-304.0475654407453,167.93457618975273,26.2102753173325,ab,394,45,
3,58860.129467600025,ztfr,-208.19356447077163,103.7524799662672,26.117334239824,ab,394,45,
4,58863.090185199864,ztfr,32.09516271560747,48.73309506314889,26.1928344022705,ab,394,45,
5,58863.10915509984,ztfg,111.2743931089588,49.86964812732672,26.1189801346109,ab,394,45,
6,58872.09113429999,ztfr,1009.4673390448731,71.55712987641633,26.165671254433,ab,394,45,
7,58872.09613429988,ztfr,960.9826120355631,71.86673210441754,26.1507632434404,ab,394,45,
8,58872.10113430023,ztfr,1056.9610070651063,80.5964743841276,26.1391138766177,ab,394,45,
9,58872.10612270003,ztfr,1031.0353626058115,101.28413974069133,26.1324427260127,ab,394,45,
10,58874.09568289993,ztfr,588.640456469932,96.50117240119388,25.422894934122,ab,394,45,
11,58874.10062499996,ztfr,969.8893884725244,64.30952013726684,25.750067643634,ab,394,45,
12,58874.10555560002,ztfr,810.4036951998525,56.663995158738786,25.7278136616562,ab,394,45,
