,time,band,flux,fluxerr,zp,zpsys,field,ccd,comment
0,58567.25260420004,ztfg,6.795325801089055,13.75660046627282,26.0737028213977,ab,370,38,
1,58567.356319400016,ztfr,5.8847693566135915,36.83341660816706,26.1630300237833,ab,370,38,
2,58573.2730556,ztfr,-19.697554400100614,29.339365641574727,26.1560518097154,ab,370,38,
3,58573.2958217999,ztfg,17.09932041000388,43.84310316512457,26.1021782244279,ab,370,38,
4,58581.25336810015,ztfr,33.21112978961743,20.404624556553276,26.1617320224093,ab,370,38,
5,58581.29596060002,ztfg,-13.803790242573626,17.449876118781795,26.1419022199711,ab,370,38,
6,58584.25237269979,ztfg,10.308949596938971,24.038323786550826,26.0995130344004,ab,370,38,
7,58584.29605320003,ztfr,5.043396039229316,25.97341877120699,26.162805904588,ab,370,38,
8,58587.23158559995,ztfg,51.330811897650555,43.04448260881206,25.9899467077881,ab,370,38,
9,58587.25258099986,ztfr,104.35348707317875,37.00604175493515,26.1531830540034,ab,370,38,
10,58592.25143520022,ztfr,283.66210413724326,104.26880638897154,26.1896208791266,ab,370,38,
11,58596.209340299945,ztfg,690.8843417483032,26.153756346878705,26.1438192257621,ab,370,38,
12,58599.20960649988,ztfg,457.10409136895674,16.704843160658786,25.5594061785851,ab,370,38,
13,58607.23162040021,ztfr,813.9324201148547,29.642255542401053,26.1307107169066,ab,370,38,
14,58607.29885420017,ztfg,715.2477580110619,18.640022222427223,26.0373458495683,ab,370,38,
15,58619.25111109996,ztfg,110.56623400782337,126.57770691200561,25.952004484769,ab,370,38,
16,58619.31445599999,ztfr,510.08371541230565,316.3330157349562,25.7974562786967,ab,370,38,
17,58635.1891319002,ztfg,105.80594452692435,30.923209601061334,26.0461219653372,ab,370,38,
18,58635.231655099895,ztfr,280.3060540855837,15.57271049042302,26.0920338009275,ab,370,38,
19,58638.211412000004,ztfr,218.51206024348556,28.696734834294567,26.0977597905413,ab,370,38,
20,58642.167685199995,ztfg,122.20042673658702,50.36518851792786,26.1305816092521,ab,370,38,
21,58642.211886600126,ztfr,207.31548286667322,20.27202767031701,26.1613159582696,ab,370,38,
22,58647.236238399986,ztfr,101.57572164600747,67.65136257492868,26.1100538829746,ab,370,38,
23,58650.18605320016,ztfg,3.612056379338604,48.363539724006024,26.0169371188426,ab,370,38,
