,time,band,flux,fluxerr,zp,zpsys,field,ccd,comment
0,58913.20416670013,ztfr,4.158393154268679,25.72988350042648,26.1135195603888,ab,1709,15,
1,58913.205069399904,ztfr,-41.647564492374315,29.95241359880054,26.1085045710095,ab,1709,15,
2,58939.15668979986,ztfr,812.6707445898577,19.599979274262097,26.122106260512,ab,1709,15,
3,58939.1571411998,ztfr,812.3292278926325,19.293135068077277,26.1329529729404,ab,1709,15,
4,58971.17913189996,ztfr,307.011613289439,28.485002142218,26.1990014360074,ab,1709,15,
5,58971.17960650008,ztfr,363.1502462646933,27.515985905559166,26.1891799036894,ab,1709,15,
6,58978.16702549998,ztfr,197.01003852647608,14.032487422411899,26.1608688729433,ab,1709,15,
