,time,band,flux,fluxerr,zp,zpsys,field,ccd,comment
0,58538.35671300022,ztfr,-22.0021483355824,48.328267168213095,25.5079280698245,ab,421,62,
1,58538.39762730012,ztfg,79.90508355332314,48.484367133109714,25.4314293386733,ab,421,62,
2,58543.29425929999,ztfg,-23.688694239762857,20.51616088909157,25.0476652512729,ab,421,62,
3,58543.335821799934,ztfr,-42.026892251584954,22.848525689976928,25.9845704665632,ab,421,62,
4,58547.334583300166,ztfg,6.688092681715462,15.173035406981356,26.1301061890153,ab,421,62,
5,58556.335185199976,ztfg,159.1539835564096,48.53782918072898,26.1447951964051,ab,421,62,
6,58559.313194400165,ztfg,354.1371774997426,39.37103784851589,26.1389949529786,ab,421,62,
7,58567.27353010001,ztfg,994.3671350435632,25.516482668105812,26.0721340357544,ab,421,62,
8,58567.35677079996,ztfr,558.9529987587764,43.39267649010376,26.0579641555116,ab,421,62,
9,58572.29339119978,ztfr,389.2235943425211,24.243393470191634,25.3869534569015,ab,421,62,
10,58572.31425930001,ztfg,667.4856203281447,18.52319553904803,25.6853565841913,ab,421,62,
11,58575.23291670019,ztfr,221.07102727503008,20.409466836392376,24.7852403211076,ab,421,62,
12,58580.251296299975,ztfg,585.3906120293694,19.335594417264023,26.1155475401828,ab,421,62,
13,58580.275590300094,ztfr,552.863714410688,19.10607086379184,26.0533869497226,ab,421,62,
14,58583.25121530006,ztfg,406.7117028354825,35.69495600670039,26.059403129986,ab,421,62,
15,58583.25322919991,ztfr,429.54773585450926,27.653317580985227,25.9990099440499,ab,421,62,
16,58586.23038189998,ztfr,357.9482012119077,23.482702695475048,25.990200579138,ab,421,62,
17,58586.25289350003,ztfg,322.8538617309586,28.652035092648433,26.0957338059136,ab,421,62,
18,58592.17246530019,ztfg,103.31314980030906,149.235002995425,25.5716757832778,ab,421,62,
19,58592.25233800011,ztfr,354.9806071333822,79.86531444255773,26.0490071699122,ab,421,62,
20,58596.20979169989,ztfg,142.47312271075958,23.50804608311797,26.1242248853218,ab,421,62,
21,58599.21005789982,ztfg,82.25930440989676,14.805413947576987,25.7432347042761,ab,421,62,
22,58602.231875000056,ztfr,6.987484759744546,20.436942683439327,22.3221959412777,ab,421,62,
23,58607.23207180016,ztfr,150.2597205228901,22.749478113230715,25.9764475370431,ab,421,62,
24,58612.17053239979,ztfg,68.09069406109616,12.339541799610537,26.0701958008837,ab,421,62,
25,58612.20931709977,ztfr,117.31964202739302,18.152525389909293,25.9741478099626,ab,421,62,
26,58619.1542014,ztfr,-1.0387448026264963,232.36323281711768,25.0327799860101,ab,421,62,
