,time,band,flux,fluxerr,zp,zpsys,field,ccd,comment
0,58954.18350689998,ztfg,24.898964418321295,21.68253811609137,26.1677003071312,ab,467,60,
1,58955.18410879979,ztfg,1.7280780949187382,16.048372894602586,26.2010025281258,ab,467,60,
2,58955.18637729995,ztfg,-2.746583281170335,17.108347913660666,26.2004451944499,ab,467,60,
3,58955.21178240003,ztfr,35.3387109791922,17.605681459037548,26.0815571105089,ab,467,60,
4,58955.21268519992,ztfr,-5.3475484727875315,19.55337048054521,26.0854790833202,ab,467,60,
5,58956.1870833002,ztfr,-22.32055705924162,15.569098076616765,26.088083646998,ab,467,60,
6,58956.227361099795,ztfg,11.03858020821961,13.99970949294105,26.1727225702282,ab,467,60,
7,58962.17123840004,ztfr,68.07911824424838,21.184629847511115,26.0993331348914,ab,467,60,
8,58963.19258099981,ztfg,141.76178001173022,15.954961042770652,26.1858912501169,ab,467,60,
9,58963.23238429986,ztfg,116.91084191566051,16.567053312535656,26.1507761486596,ab,467,60,
10,58963.24510420021,ztfg,122.77047873769332,17.30074850697052,26.1320726005468,ab,467,60,
11,58964.18717590021,ztfg,211.94203908526467,15.5932650453219,26.1136055518228,ab,467,60,
12,58964.2270717998,ztfr,167.54747054854514,20.15126915369367,26.0449310438999,ab,467,60,
13,58966.16953699989,ztfr,306.1589034003857,21.477028451214693,25.8075536606008,ab,467,60,
14,58966.17043979978,ztfr,237.13056027757358,23.71655267550438,25.8256400296007,ab,467,60,
15,58966.2126042,ztfg,403.1677757746909,19.170691095579173,25.8018327016419,ab,467,60,
16,58967.18774309987,ztfr,486.9814729299737,20.628281676507665,26.0817402940948,ab,467,60,
17,58968.18688660022,ztfr,588.9128718691741,23.67135921355529,26.1161689383234,ab,467,60,
18,58968.21150460001,ztfg,814.4127580224491,23.39427879801958,26.1909974523617,ab,467,60,
19,58972.17153939977,ztfr,1101.4713279846944,40.63915229192651,26.1071068452698,ab,467,60,
20,58972.22946760012,ztfg,1424.5085105665205,52.553632469059906,26.1314875319247,ab,467,60,
21,58981.154930599965,ztfg,1922.7016060537771,35.441834939571855,26.2017575642368,ab,467,60,
22,58981.21296299994,ztfr,1517.935127648285,32.62933298849751,26.0615448893389,ab,467,60,
23,58987.1590741002,ztfr,1375.118625120205,29.242576516123716,26.1190870137502,ab,467,60,
24,58987.20137730008,ztfg,1478.1768221636007,22.0787770750938,26.1512412177322,ab,467,60,
