,time,band,flux,fluxerr,zp,zpsys,field,ccd,comment
0,58908.31546299998,ztfg,-11.076265810965497,16.97133368985097,26.2617149424126,ab,471,20,
1,58911.23234950006,ztfr,122.71331551187403,57.06877328549093,26.1784213541597,ab,471,20,
2,58911.3790972,ztfg,-9.531218249515904,46.109066842293046,26.2568908434248,ab,471,20,
3,58914.356932899915,ztfr,-46.18035723569884,32.36440670086385,26.0625941358646,ab,471,20,
4,58940.2338657002,ztfr,516.4198326870217,34.37892268802487,25.6536243979948,ab,471,20,
5,58940.354027799796,ztfg,251.73033719175217,26.894954279584464,24.6117387693457,ab,471,20,
6,58954.25629629986,ztfr,639.2991835201258,19.111983435157157,26.2387031511995,ab,471,20,
7,58954.27434029989,ztfg,508.6143242945132,16.944826995336594,26.2336359866718,ab,471,20,
8,58962.20924769994,ztfg,216.78907217432607,13.47402060345304,26.2480890000576,ab,471,20,
9,58962.25225690007,ztfr,569.3017815461823,21.965574569503662,26.2518736932087,ab,471,20,
10,58965.2093055998,ztfg,155.47699177680457,14.873043737248109,26.2648871451287,ab,471,20,
11,58968.20693290001,ztfr,449.4427624984387,17.97542649143926,26.3073810398343,ab,471,20,
12,58968.23063659994,ztfg,101.87031274446555,15.637539071024888,26.2962504939053,ab,471,20,
13,58971.188599499874,ztfr,378.9387733609112,30.40259256611339,26.2907897350971,ab,471,20,
14,58974.18883100012,ztfg,24.393202166743727,53.55129644439108,26.2271536180387,ab,471,20,
15,58977.16946760006,ztfg,58.85857440869911,44.52302720872751,25.966594232241,ab,471,20,
16,58977.23049770016,ztfr,63.809944872752205,136.51908214768696,24.7351734806275,ab,471,20,
17,58980.169305600226,ztfg,67.9743008749921,10.066893383696263,26.2468336835534,ab,471,20,
18,58980.253576400224,ztfr,126.90013718607815,12.931409434437562,26.2597255859023,ab,471,20,
19,58986.193414399866,ztfg,72.48924870442038,12.413570156071916,26.2672359921669,ab,471,20,
20,58986.25013889978,ztfr,160.4336974694867,17.788175190540993,26.2397496437769,ab,471,20,
21,58992.194618099835,ztfg,49.74319664615279,12.904632073108292,26.2468259268678,ab,471,20,
22,58992.23520829994,ztfr,121.15232848662103,17.942377336445407,26.2250022960035,ab,471,20,
23,58995.17011569999,ztfg,23.932357938540164,15.747981692346944,26.2437685117484,ab,471,20,
24,58995.2124073999,ztfr,105.63067374377599,15.88993395496194,26.2549060785182,ab,471,20,
