,time,band,flux,fluxerr,zp,zpsys,field,ccd,comment
0,58482.47768520005,ztfr,21.724234587012493,41.44095164018221,26.2109993105579,ab,421,27,
1,58482.52181709977,ztfg,59.859728423375174,44.02313412880652,25.8566274057015,ab,421,27,
2,58482.544652800076,ztfg,-21.201869349302445,36.613703371643865,26.2065341577179,ab,421,27,
3,58487.52511569997,ztfr,18.62875091390708,19.216284383744508,26.2465985540264,ab,421,27,
4,58491.48024309985,ztfg,-47.47004251641213,32.499950547887295,25.517131761226,ab,421,27,
5,58491.54289350007,ztfr,71.5069297871455,33.876058927817084,26.1821572099794,ab,421,27,
6,58493.49228010001,ztfr,-17.2194238201226,15.467080500386349,26.2309458755299,ab,421,27,
7,58494.43862270005,ztfr,-22.218103075199906,22.02114071399339,26.2045245409536,ab,421,27,
8,58494.50003470015,ztfg,-1.8444915266644568,13.723233907132316,26.2310661752958,ab,421,27,
9,58502.459560200106,ztfg,318.3440194299485,49.72669875432479,26.1585403519535,ab,421,27,
10,58505.50231479993,ztfr,689.8150950470667,205.77893047807967,26.2398071868593,ab,421,27,
11,58509.50343749998,ztfg,1144.995835613984,71.50396377901735,26.2028704448098,ab,421,27,
12,58512.4562615999,ztfr,111.38355964233786,23.21812618349155,23.6544520801278,ab,421,27,
13,58512.49834490009,ztfr,194.2500023331154,28.75291581887721,24.3130485145889,ab,421,27,
14,58524.42053239979,ztfg,1002.5874005107069,36.48620106926896,26.1710373917963,ab,421,27,
15,58524.4520370001,ztfr,1027.8916998602015,25.288822453772866,26.2173384326905,ab,421,27,
16,58538.35671300022,ztfr,468.3070466924635,56.23674330895663,25.6817067098047,ab,421,27,
17,58538.39762730012,ztfg,157.26614059190658,39.614128980438885,25.3439491408883,ab,421,27,
18,58543.29425929999,ztfg,65.84117973338351,16.52234876981293,24.9600748340948,ab,421,27,
19,58543.335821799934,ztfr,475.59714897039584,34.74460625823056,26.1127509820093,ab,421,27,
20,58547.334583300166,ztfg,118.58230843629033,18.771303406804314,26.1406221560679,ab,421,27,
21,58556.335185199976,ztfg,37.646260143332896,80.16465115169203,26.1859119185011,ab,421,27,
22,58559.313194400165,ztfg,33.21573349720353,45.90450421751702,26.1878580606812,ab,421,27,
23,58567.27353010001,ztfg,77.78998727750039,22.26926455627936,26.0927683412125,ab,421,27,
24,58567.35677079996,ztfr,258.49591603778555,33.48790386208688,26.1447992693136,ab,421,27,
