,time,band,flux,fluxerr,zp,zpsys,field,ccd,comment
0,58380.522719900124,ztfg,1849.9362464741928,55.706963664558515,26.0979325275975,ab,569,38,
1,58385.52627310017,ztfr,1594.3092274308058,73.31298949006104,26.2047555508593,ab,569,38,
2,58389.5299769002,ztfr,1241.962634439998,45.60325812164701,26.2095851715453,ab,569,38,
3,58425.49857639987,ztfr,328.75254914248404,40.80724704453706,26.2587433891148,ab,569,38,
4,58425.540648099966,ztfg,89.54928257107161,25.23814023386883,26.2559185798379,ab,569,38,
5,58427.55103009986,ztfg,127.26852849784805,38.16161271042388,26.2149147728342,ab,569,38,
6,58428.51960649993,ztfr,223.85235096344826,25.903887026772754,26.2454383041614,ab,569,38,
7,58428.541504600085,ztfg,107.9102097769865,20.52012650679432,26.2447711565605,ab,569,38,
