,time,band,flux,fluxerr,zp,zpsys,field,ccd,comment
0,58456.14380790014,ztfr,0.9228938635693701,63.15480421415047,26.1884409936478,ab,544,8,
1,58469.14359949995,ztfg,-83.82955135692123,65.99019912075836,25.8361236078825,ab,544,8,
2,58472.1320369998,ztfg,71.11441235201958,73.59650289401485,26.1826816744651,ab,544,8,
3,58482.11428239988,ztfg,6573.349104988942,100.12267396550952,26.1171882220993,ab,544,8,
4,58487.0806481,ztfr,7861.238334478818,62.75571463089773,26.1793329370411,ab,544,8,
5,58487.08550930023,ztfr,7875.068668768282,55.91648461474854,26.17388066892,ab,544,8,
6,58487.09037039988,ztfr,7821.597740543308,49.79196630469481,26.1721914417279,ab,544,8,
7,58487.0952198999,ztfr,7707.940599120531,51.17802000086965,26.1510906041925,ab,544,8,
8,58488.08105320018,ztfr,7916.081463649544,59.46638556667308,26.1496053522726,ab,544,8,
9,58488.08592589991,ztfr,4818.4619888995585,57.762831479671,25.616495109062,ab,544,8,
10,58488.09079860011,ztfr,2436.298757981582,56.02012788153441,24.8565292068052,ab,544,8,
11,58488.09565970022,ztfr,692.3876483350301,81.15371313143571,23.4815913525682,ab,544,8,
12,58490.08508099988,ztfr,8431.706818133744,118.33494846172235,26.1555813715408,ab,544,8,
13,58490.089884299785,ztfr,8236.45026986097,138.31589598798817,26.140722008326,ab,544,8,
14,58490.09468750004,ztfr,8119.062379376833,113.05003195569068,26.1318156538774,ab,544,8,
15,58490.09947919985,ztfr,7898.617843791323,110.84745289451872,26.1281686576253,ab,544,8,
16,58491.0868286998,ztfr,8169.05273425593,72.14883574582004,26.1332596907629,ab,544,8,
17,58491.09171300009,ztfr,8274.072348730951,58.46396227212227,26.1367701164281,ab,544,8,
18,58491.0965741002,ztfr,8183.987091532635,64.85536476833629,26.1237056644271,ab,544,8,
19,58492.08380790008,ztfr,1138.342997594374,111.47267611141228,23.7985399293824,ab,544,8,
20,58492.088784699794,ztfr,1617.634407951295,99.7656867430256,24.2716627367541,ab,544,8,
21,58493.08285879996,ztfr,2235.890585431838,254.34007733863123,24.3088922095824,ab,544,8,
22,58493.08765049977,ztfr,2972.7008223695784,124.16808997396849,25.0254169068906,ab,544,8,
23,58493.092442099936,ztfr,7960.4834588050835,69.42071585152786,26.1028519562292,ab,544,8,
24,58493.09723380022,ztfr,4216.72475107684,108.57820232382632,25.3756303332545,ab,544,8,
