,time,band,flux,fluxerr,zp,zpsys,field,ccd,comment
0,59061.35614580009,ztfr,42.188922421780795,29.653314081635916,26.1868425602777,ab,1722,11,
1,59090.18584490009,ztfr,677.1855560960114,27.018657613823088,26.1916815599696,ab,1722,11,
2,59090.18631940009,ztfr,648.1849836040197,28.387716426883937,26.1937746713347,ab,1722,11,
3,59107.11928239977,ztfr,225.21500950260557,22.166134581042776,25.7776974749701,ab,1722,11,
4,59107.119756899774,ztfr,250.86136946752362,21.960987585538703,25.7671929171123,ab,1722,11,
