,time,band,flux,fluxerr,zp,zpsys,field,ccd,comment
0,58492.24076389987,ztfg,-6.6924673632640825,22.99397454372496,23.161460126401,ab,1451,1,
1,58493.225891199894,ztfg,-9.867508904768986,18.231612767720808,26.2694877309061,ab,407,44,
2,58493.265393500216,ztfr,-45.56790104437585,23.48112234626112,26.2842221393338,ab,407,44,
3,58495.24530090019,ztfg,-2.248880541311245,20.550753534306203,26.1894943877804,ab,407,44,
4,58495.24621530017,ztfg,-47.85278127590269,25.70717933676446,26.2125610789854,ab,1451,1,
5,58503.22760420013,ztfg,143.98403033480486,415.2018225289047,26.2230731387919,ab,407,44,
6,58503.25456020003,ztfr,-512.3966676328307,287.7662009866018,26.3050244693185,ab,407,44,
7,58505.221238399856,ztfg,-105.60331935247501,99.25301479225864,26.2392842789684,ab,1451,1,
8,58505.2216897998,ztfg,-96.89779283499551,108.28698393321974,26.2938656550419,ab,407,44,
9,58506.23248839984,ztfr,-54.351444979369845,73.16314104380825,26.2881558667353,ab,407,44,
10,58509.18883100012,ztfg,-19.46975491063344,39.99182228668485,26.2819646240257,ab,407,44,
11,58509.253888899926,ztfr,9.169091406563615,61.603818711613755,26.2712348478886,ab,407,44,
12,58514.13255790016,ztfr,124.84885193559774,16.806035877210203,26.2574411012654,ab,407,44,
13,58514.20578699978,ztfg,98.72343842837549,21.911933849825726,25.9079931264202,ab,407,44,
14,58523.12907409994,ztfg,747.612211749766,26.586953942563326,26.2314458079938,ab,407,44,
15,58523.18232640019,ztfr,584.4507639930116,20.414782953107604,26.2740220018438,ab,407,44,
16,58534.16664349986,ztfg,970.376194892764,99.67633004453826,26.2276320703081,ab,407,44,
17,58534.19194439985,ztfr,676.2671182457626,98.85636536895736,26.2485208320576,ab,407,44,
18,58542.13521989994,ztfg,481.63692347656854,20.583159263167367,26.2969125433138,ab,407,44,
19,58547.12825229997,ztfr,393.3301015491284,22.610655095055854,26.2569168101664,ab,407,44,
20,58547.211909700185,ztfg,284.5412092887399,47.055570310556796,26.1387914964831,ab,407,44,
21,58557.15071759978,ztfg,306.4465124155791,240.43522163549088,26.2197350056291,ab,407,44,
22,58557.20423609996,ztfr,-30.800713548943293,275.93351603202314,26.1990983808706,ab,407,44,
23,58561.19398149988,ztfg,75.38327031912537,169.13637715729675,26.0377727153276,ab,407,44,
24,58574.131238400005,ztfr,-39.526476096469736,44.05988754488724,24.6060991799218,ab,407,44,
25,58574.15359950019,ztfg,7.8443513254655315,33.42534159546454,22.5274683636791,ab,407,44,
