,time,band,flux,fluxerr,zp,zpsys,field,ccd,comment
0,58940.23613430001,ztfr,112.2551273136932,44.41760128527902,25.1216333913312,ab,422,51,
1,58954.25579860015,ztfr,1703.5910517562875,25.418826747954814,26.0960665519257,ab,422,51,
2,58962.23023150023,ztfg,1774.0729619850488,24.81574254652391,26.1914777283141,ab,422,51,
3,58962.279386600014,ztfr,1644.7228168416839,27.129671518863244,26.1234184813522,ab,422,51,
4,58965.23002310004,ztfg,1503.5739693195862,21.09455339363864,26.2130606605969,ab,422,51,
5,58965.288044000044,ztfr,1364.7607816157526,22.891488085873668,26.1340668409135,ab,422,51,
6,58968.202719899826,ztfr,1173.9558989499137,22.121309597048086,26.1461074329379,ab,422,51,
7,58968.25084490003,ztfg,1250.5195796059045,21.951359917335072,26.2395096200362,ab,422,51,
8,58971.21009259997,ztfr,1032.7019096693941,33.02698266706103,26.1615261213312,ab,422,51,
9,58971.25160880014,ztfg,949.5647896266232,34.78745862860188,26.2469283137775,ab,422,51,
10,58975.20208329987,ztfr,1021.6863782981253,90.93936845963053,26.1835078766426,ab,422,51,
11,58978.19252309995,ztfg,489.4110748603107,22.02612614014489,26.221754117487,ab,422,51,
12,58978.24978009984,ztfr,958.7059916317446,29.470123610594573,26.1567412857822,ab,422,51,
13,58981.168333299924,ztfg,421.7908113661513,19.90471211893923,26.2068745524544,ab,422,51,
14,58986.19009259995,ztfg,325.69472332898414,15.1604014548892,26.2121173265041,ab,422,51,
15,58986.255092599895,ztfr,779.5483965505689,21.295947777263176,26.1390720871449,ab,422,51,
16,58992.19180560019,ztfg,230.74538278769901,15.145567971582103,26.2017741096505,ab,422,51,
17,58992.23380789999,ztfr,539.4182512512967,17.767749309317143,26.1171052825,ab,422,51,
18,58995.16871530004,ztfg,169.08710532841903,28.078257585794855,26.2365449054385,ab,422,51,
19,58995.21100689983,ztfr,484.287395596311,19.50735164938422,26.1320177250235,ab,422,51,
20,58998.18400460016,ztfg,160.62516046716672,20.155645685748762,26.2194078374578,ab,422,51,
21,58998.224699100014,ztfr,454.23089037975865,20.969186700492024,26.1232805744903,ab,422,51,
22,59005.18723380007,ztfg,95.76893208265693,49.11220074274054,26.1999861777679,ab,422,51,
23,59005.2546064998,ztfr,361.84445396054537,50.379523655403844,26.1417866836027,ab,422,51,
