,time,band,flux,fluxerr,zp,zpsys,field,ccd,comment
0,58971.16091440013,ztfr,829.4478179564354,23.17288637455997,26.2444765814556,ab,1790,7,
1,58971.161851900164,ztfr,939.9529230511735,23.704829090433243,26.2471804247692,ab,1790,7,
2,58972.203796300106,ztfr,849.3062575124316,29.264688137704127,26.2197748532681,ab,1790,7,
3,58972.20425930014,ztfr,853.6080635945134,28.86679338189701,26.2400786915129,ab,1790,7,
4,58972.24574070005,ztfg,936.0625175051457,32.857774914985896,26.3261659067753,ab,1790,7,
5,58972.24621530017,ztfg,975.8382668898673,31.50593732658145,26.3229427968604,ab,1790,7,
6,58976.28722220007,ztfr,657.8336934015255,47.943058993809615,26.0841277534945,ab,1790,7,
7,58976.287696800195,ztfr,650.4967174774824,49.86618435281856,26.1668916773556,ab,1790,7,
