,time,band,flux,fluxerr,zp,zpsys,field,ccd,comment
0,58835.48077550018,ztfr,-30.60418383669935,107.32291053291397,26.123775483919,ab,317,51,
1,58835.50550930016,ztfg,-30.42993887857034,82.6665201197445,26.1801838329677,ab,317,51,
2,58838.48069440015,ztfg,34.16079417162675,34.94142129828229,24.1132658035898,ab,317,51,
3,58838.501574099995,ztfr,92.06723543460933,67.481480203551,25.1986009823468,ab,317,51,
4,58850.48041669978,ztfr,1103.3049720561742,47.32469991564014,26.1298834529788,ab,317,51,
5,58850.52442129981,ztfg,1310.2583383067004,35.59629126422754,26.1881253259018,ab,317,51,
6,58853.47810189985,ztfg,1329.4917040244347,22.30613547074677,26.209718364074,ab,317,51,
7,58856.38783559995,ztfr,95.09093918778613,141.28481575083026,24.2017950785872,ab,317,51,
8,58864.336620400194,ztfr,819.7774372424778,38.8097404689857,26.0321797271643,ab,317,51,
9,58864.41737269983,ztfg,781.2350660460688,35.285277753231014,26.1786398771996,ab,317,51,
10,58873.31460649986,ztfr,577.8918252871212,31.21716515304649,25.962369468314,ab,317,51,
11,58876.354050899856,ztfr,582.012255327055,24.048631129852065,26.0948934208956,ab,317,51,
12,58876.37590279989,ztfg,255.88736960862482,20.387699542451156,26.1680022386724,ab,317,51,
13,58879.35839120019,ztfr,554.4912954238295,217.02028647271413,26.1476217740632,ab,317,51,
14,58879.46704859985,ztfg,-13.225524639889898,112.69057417113633,26.1855883209319,ab,317,51,
15,58886.438472200185,ztfg,152.37864166215996,68.13445667440945,26.2180080516348,ab,317,51,
16,58892.338657400105,ztfg,83.27447606055436,59.24990983363025,26.1465156741845,ab,317,51,
17,58895.42258099979,ztfr,302.5790309525648,36.978046171380306,26.1098925926831,ab,317,51,
18,58900.27118059993,ztfr,235.43822360764827,36.01584980338717,26.0640258576788,ab,317,51,
19,58900.314085599966,ztfg,106.92632646976337,32.258802799245814,26.1616078676789,ab,317,51,
20,58905.24950229982,ztfr,269.8921481058836,45.784365563065876,26.0514880561061,ab,317,51,
