,time,band,flux,fluxerr,zp,zpsys,field,ccd,comment
0,58229.5048727002,ztfg,1558.6627152994056,68.68478365677765,26.2307570389546,ab,690,20,
1,58235.50156249991,ztfg,1002.5406604649163,79.78309527536544,26.2473943566225,ab,690,20,
2,58244.45290509984,ztfg,568.4251871948961,36.678314915290436,26.1858474814695,ab,690,20,
3,58244.48313659988,ztfr,1677.964806752329,53.54311987493329,26.1763094851908,ab,690,20,
4,58247.47211810015,ztfr,1511.1231472537158,26.484496284065003,26.2527194883826,ab,690,20,
5,58247.48387729982,ztfg,663.3632643576278,27.286225354000084,26.2497612153404,ab,690,20,
6,58252.46277779993,ztfg,589.230269046098,20.184672402714696,26.2494216065052,ab,690,20,
