,time,band,flux,fluxerr,zp,zpsys,field,ccd,comment
0,58992.25114580011,ztfr,-10.279847623225065,16.8788183397403,26.1757801084934,ab,376,12,
1,58992.31594910007,ztfg,22.90874352836469,17.516710870578418,26.2560564148408,ab,376,12,
2,58995.252696800046,ztfr,27.35385606971497,14.157304907684004,26.1848764748877,ab,376,12,
3,58995.293310199864,ztfg,-17.239821715496323,31.24785592031818,26.2844755695267,ab,376,12,
4,58998.271794000175,ztfr,-12.267315473428116,14.727124387952674,26.1877198982517,ab,376,12,
5,58998.33591439994,ztfg,-26.229727695013633,18.14742276869665,26.2344624028919,ab,376,12,
6,59001.373692099936,ztfg,62.80362379496765,54.24379440020464,25.843300163828,ab,376,12,
7,59005.26760420017,ztfr,-379.24483305335673,157.15667438134355,26.0982290577447,ab,376,12,
8,59011.199780100025,ztfg,124.99332479513646,14.590860679845633,26.1297745231296,ab,376,12,
9,59011.23173609981,ztfr,116.23366470323134,16.81667859278296,26.1717349963493,ab,376,12,
10,59014.19472219981,ztfg,198.7095052276034,17.876594541858086,26.3305235468859,ab,376,12,
11,59014.23151620012,ztfr,225.43215896725604,25.390548086167193,26.2476165641451,ab,376,12,
12,59017.21364580002,ztfg,320.21857799427676,15.498776965696148,26.320386303406,ab,376,12,
13,59017.23150460003,ztfr,304.8909959072444,17.71706327346632,26.2329930051444,ab,376,12,
14,59020.19358799979,ztfg,374.3753216670985,14.471439336498143,26.2771967128587,ab,376,12,
15,59020.232164400164,ztfr,364.6714347227901,17.4804917230469,26.1879768032899,ab,376,12,
16,59023.21067130007,ztfg,398.4713082470506,17.74548981658839,26.3146387289652,ab,376,12,
17,59026.2119907001,ztfg,401.0450801467982,36.83901983927138,26.2780946870772,ab,376,12,
18,59035.20403939998,ztfg,289.15143372586596,93.8026852809997,26.2553132666374,ab,376,12,
19,59035.293819400016,ztfr,488.99286923736963,143.89580539962202,26.0812560655129,ab,376,12,
20,59039.17076390004,ztfg,223.90957346283284,38.87035783459556,26.308911296638,ab,376,12,
21,59042.21206020005,ztfr,279.73774827518616,22.48601280614832,26.1460335522937,ab,376,12,
22,59045.19157409994,ztfr,234.17838964172412,19.89984140311071,26.232729558954,ab,376,12,
23,59045.253124999814,ztfg,108.17070214368027,23.306442237263976,26.1775054983194,ab,376,12,
