,time,band,flux,fluxerr,zp,zpsys,field,ccd,comment
0,58747.45893519977,ztfr,6.23492545735555,29.662971330205774,26.0079616408615,ab,253,8,
1,58750.438518499956,ztfg,7.1830821010730945,32.57551054258978,25.8696530882323,ab,253,8,
2,58750.462245400064,ztfr,-26.831054818084937,44.14570766620274,25.9496462184776,ab,253,8,
3,58756.438726900145,ztfg,-5.6330945747654075,25.5468309071741,26.0657675944347,ab,253,8,
4,58756.521585599985,ztfr,-34.671813260487994,36.93797753172191,26.0361077928197,ab,253,8,
5,58760.438819400035,ztfg,32.549440956742274,23.859594775873624,26.0652490410362,ab,253,8,
6,58760.503055599984,ztfr,41.329221012018664,64.20054479102222,26.0350218157243,ab,253,8,
7,58764.439421299845,ztfr,1240.5394781665118,24.84158551464946,26.0202659038209,ab,253,8,
8,58764.50238429988,ztfg,1469.8282663190669,39.86814763080919,26.0145932853532,ab,253,8,
9,58767.460196800064,ztfg,4416.430204457196,78.09149890845933,26.0413029795729,ab,253,8,
10,58767.50502309995,ztfr,3534.8114488081724,50.59771912855329,25.9700507553994,ab,253,8,
11,58770.417638900224,ztfr,7062.442288667042,83.55009452865625,26.0559360432447,ab,253,8,
12,58770.50611109985,ztfg,8074.560053196463,122.6579458683705,25.9797677678934,ab,253,8,
13,58777.41741900006,ztfr,11826.167907460436,115.86390928638409,26.0347034092784,ab,253,8,
14,58777.48158559995,ztfg,14742.039161728306,82.70434437302103,25.999058931756,ab,253,8,
15,58781.395868100226,ztfg,15091.167138331488,64.87547885215197,26.0709226281233,ab,253,8,
16,58784.37604170013,ztfr,10491.875755587409,105.59141431558739,25.9867735466552,ab,253,8,
17,58787.36771989986,ztfg,10994.036304625044,75.18741830043628,26.0519847426491,ab,253,8,
18,58790.33417819999,ztfg,8935.440613653149,42.58713562356066,26.0639868152467,ab,253,8,
19,58804.324837999884,ztfr,5142.406845413182,178.02587611736942,26.0492835718505,ab,253,8,
20,58804.377569399774,ztfg,2580.59612312422,91.13457056160084,26.0690644523769,ab,253,8,
21,58812.27195600001,ztfr,3166.548326740614,31.070715555835502,26.0176632174576,ab,253,8,
22,58812.314294000156,ztfg,1505.4283524160016,28.323258246263592,26.0493326229204,ab,253,8,
