,time,band,flux,fluxerr,zp,zpsys,field,ccd,comment
0,58522.13722220017,ztfg,-46.28430421586078,34.192984984624495,26.2122675497403,ab,350,5,
1,58523.12017360004,ztfg,-51.293248029141836,20.19325774341775,26.1904409822777,ab,350,5,
2,58539.130243100226,ztfg,1311.6569707939984,27.43976921044803,26.0911711335472,ab,350,5,
3,58540.110960599966,ztfr,1297.6119017739256,31.1372256835741,26.1393211228233,ab,350,5,
4,58540.111874999944,ztfr,1293.2605153740858,33.98189574315173,26.1467260854725,ab,350,5,
5,58540.129768500105,ztfg,1520.73228812657,27.93252094674603,26.0997439516125,ab,350,5,
6,58540.13068290008,ztfg,1504.533760077958,27.86095643431116,26.0964147862613,ab,350,5,
