,time,band,flux,fluxerr,zp,zpsys,field,ccd,comment
0,58301.173750000075,ztfr,-33.51845508164077,33.642426057724364,26.1346432772198,ab,527,12,
1,58301.255868100096,ztfg,6.957402426222676,32.79598693007226,26.1169767725009,ab,527,12,
2,58304.17730320012,ztfr,9.514054583758687,17.28114503751873,26.121356298761,ab,527,12,
3,58304.193715299945,ztfg,-15.416227774608602,13.636278283807597,26.174164649736,ab,527,12,
4,58307.173402800225,ztfr,-14.24951852529823,20.77715519133599,26.011390220038,ab,527,12,
5,58307.22884259978,ztfg,10.049658072535829,14.515506015744236,25.9520054610724,ab,527,12,
6,58325.21208330011,ztfr,222.03706368001545,56.76667395113809,25.9546886561873,ab,527,12,
7,58333.18377309991,ztfg,845.0758535626344,22.738439007291234,25.9367146195072,ab,527,12,
8,58336.17453699978,ztfg,960.7842338195492,24.601995365808452,26.0797458968952,ab,527,12,
9,58336.196411999874,ztfr,748.6053800258856,36.22761881670691,26.0233453206737,ab,527,12,
10,58349.14814809989,ztfg,522.6793297667898,75.51784226167601,25.8740699798752,ab,527,12,
