,time,band,flux,fluxerr,zp,zpsys,field,ccd,comment
0,58540.47978009982,ztfg,24.452510037483986,67.80419163360435,26.17556636745,ab,433,13,
1,58540.5439352002,ztfr,50.960810493511644,42.59517105621422,26.1608259274635,ab,433,13,
2,58557.501296299975,ztfg,22.507137259703615,53.68537379398314,26.0207641291447,ab,433,13,
3,58561.41851849994,ztfr,235.79801400577855,116.28958071741684,25.9799267744763,ab,433,13,
4,58561.49940969981,ztfg,56.70485607426629,86.9922405257636,23.835903040032,ab,433,13,
5,58569.52346060006,ztfg,10.436729903579925,67.3605761327568,22.7281261370082,ab,433,13,
6,58573.463078700006,ztfg,325.0449301358585,25.458868214723626,26.0930002241468,ab,433,13,
7,58573.529722199775,ztfr,548.7878859976503,43.029604715305,26.096567700675,ab,433,13,
8,58577.438877299894,ztfr,12.511438831724796,21.229991967320927,23.0492907014213,ab,433,13,
9,58577.49996529985,ztfg,144.14763748771617,17.91584512949187,25.4651429762012,ab,433,13,
10,58581.48093750002,ztfg,211.5610488585122,22.922911872621953,25.9563273315335,ab,433,13,
11,58584.45937500009,ztfg,189.4310616883603,22.196812160979423,26.1425842430693,ab,433,13,
12,58584.50200230023,ztfr,318.2714370296171,25.746274212745245,26.0730960135781,ab,433,13,
13,58587.37937500002,ztfr,113.20269103818211,43.60524302960904,25.4689204297625,ab,433,13,
14,58587.46003470011,ztfg,55.22124383095228,28.078391802351774,25.8379512517542,ab,433,13,
15,58591.439988399856,ztfr,224.10465380599265,63.68246982823078,26.0420493286117,ab,433,13,
16,58591.48237269977,ztfg,171.51097521433394,75.66176673838704,26.0134913260157,ab,433,13,
17,58598.43910880014,ztfg,79.40143209930551,27.00258361028076,26.1601273065605,ab,433,13,
18,58598.43956020009,ztfg,72.47503415208804,29.274143129379322,26.1686563182401,ab,433,13,
19,58598.454722200055,ztfg,20.52018879333637,27.12513076062884,26.1750235904154,ab,433,13,
20,58598.48581020022,ztfr,228.36791044027234,29.524333337473113,26.0722373191201,ab,433,13,
21,58599.337580999825,ztfg,122.34392958450164,27.042281829196686,27.2624800027464,ab,433,13,
22,58599.41861109994,ztfr,217.85124141158724,70.70752503120933,26.6254760311072,ab,433,13,
23,58606.33115739981,ztfr,149.3783030956901,31.10611970918958,26.0090969816836,ab,433,13,
24,58606.43930559978,ztfg,25.446114564113223,13.225257234145383,26.1160949002569,ab,433,13,
25,58617.33687500004,ztfr,110.74506387373034,30.021690192366684,26.0235235046626,ab,433,13,
26,58617.41689810017,ztfg,41.7202385413712,25.068924018254073,26.1121443925391,ab,433,13,
