,time,band,flux,fluxerr,zp,zpsys,field,ccd,comment
0,58210.15598380007,ztfg,13373.006048239602,110.78765728852113,27.6449520468395,ab,614,50,
1,58210.1631713002,ztfg,1235.9157497754015,27.158454659504304,25.088014595288,ab,614,50,
2,58210.19327550009,ztfg,2409.537295462441,50.931560730643994,25.8335957828083,ab,614,50,
3,58214.13564810017,ztfr,1318.8453531768682,41.02843765404573,25.5734462023228,ab,614,50,
4,58214.13658560021,ztfr,9740.125291250937,220.05978944112977,27.6762539196053,ab,614,50,
5,58214.16340279998,ztfr,684.7638934610042,47.28328346617926,24.7874883312341,ab,614,50,
6,58217.15327550005,ztfr,18436.035642823357,207.30496634634756,28.5701183700781,ab,614,50,
7,58217.160196799785,ztfr,1597.6402249457474,56.014030446166636,25.9118931920272,ab,614,50,
8,58217.18346060021,ztfr,527.6602631039195,44.58731788059399,24.5599351644105,ab,614,50,
9,58222.14408560004,ztfr,1793.610474950329,52.13508353167145,26.1886604488533,ab,614,50,
10,58231.14379630005,ztfr,1447.568977372815,57.58553539778456,26.2186139298093,ab,614,50,
11,58231.19503469998,ztfg,599.4116906874328,57.18363767364078,26.2355243322091,ab,614,50,
12,58234.164803199936,ztfg,402.05270706562374,64.07946181196094,26.0560244103305,ab,614,50,
13,58234.21137729986,ztfg,449.20325714686857,57.741946172457595,26.2194132248501,ab,614,50,
14,58237.19067130005,ztfg,168.96527641274605,108.95008151310819,26.187771876737,ab,614,50,
15,58243.15766200004,ztfr,698.0236233488364,49.78771185722384,26.1660282813056,ab,614,50,
16,58249.155567099806,ztfr,372.765230244726,49.73468452205409,25.7652517683929,ab,614,50,
