,time,band,flux,fluxerr,zp,zpsys,field,ccd,comment
0,59017.21364580002,ztfg,-15.463040763752995,14.403095802080276,26.1535646343521,ab,376,61,
1,59017.23150460003,ztfr,4.465451427980039,16.02192249229322,26.0492115769928,ab,376,61,
2,59020.19358799979,ztfg,-12.172538480299934,12.62211634566141,26.1002554583687,ab,376,61,
3,59020.232164400164,ztfr,33.123217619555,15.463548101467598,26.0106978848756,ab,376,61,
4,59023.189398100134,ztfr,4.02268936624526,16.039325701212242,26.0403902769451,ab,376,61,
5,59023.21067130007,ztfg,52.899565763962386,14.977582562554346,26.1360293165341,ab,376,61,
6,59026.2119907001,ztfg,6.397208405036318,33.836845501602895,26.1508996818414,ab,376,61,
7,59035.20403939998,ztfg,70.35003616170059,94.55122058353479,26.1564152563965,ab,376,61,
8,59035.293819400016,ztfr,258.54650140191694,132.2071931596052,25.980177444623,ab,376,61,
9,59039.17076390004,ztfg,2025.090137997738,44.635419360711296,26.1826593630658,ab,376,61,
10,59042.21206020005,ztfr,3768.7028333059684,34.03455717008293,25.9795317445324,ab,376,61,
11,59045.19157409994,ztfr,7129.143810425502,39.645690351821614,26.0667620020839,ab,376,61,
12,59045.253124999814,ztfg,7645.647224577732,41.167920187293845,26.0273219485757,ab,376,61,
