,time,band,flux,fluxerr,zp,zpsys,field,ccd,comment
0,58214.17741899984,ztfr,121.25209469611333,51.2181371343196,23.6481114669235,ab,566,8,
1,58217.1588078998,ztfr,768.0737268912515,48.12896381988767,26.0420793253831,ab,566,8,
2,58217.18207179988,ztfr,267.73630456212265,35.40043677911284,24.8016724085,ab,566,8,
3,58223.1631018999,ztfr,819.7896541067555,23.056621941645194,26.193477866939,ab,566,8,
4,58223.182685200125,ztfr,766.0006152056142,24.695626227141204,26.1816478297623,ab,566,8,
5,58227.1864120001,ztfg,577.2780360034061,31.919867785089377,26.2436758497383,ab,566,8,
6,58232.15162040014,ztfg,215.11682874146078,112.35232008407753,25.3527507918473,ab,566,8,
7,58232.19405090017,ztfr,205.90652124569496,143.33192237100434,24.4678227329326,ab,566,8,
8,58235.197210600134,ztfg,341.79088436876964,50.3031528751258,26.2515867982683,ab,566,8,
9,58238.16530090012,ztfg,243.74542804086693,114.40807318638171,26.2521095065943,ab,566,8,
10,58243.15582180023,ztfr,308.54823389963065,37.768425677919645,26.1577732831555,ab,566,8,
11,58249.154178199824,ztfr,6.8161663311651495,64.5809275304469,25.2403417036073,ab,566,8,
12,58263.16906249989,ztfr,352.51953475209643,118.98288999877778,27.2835391257941,ab,566,8,
