,time,band,flux,fluxerr,zp,zpsys,field,ccd,comment
0,58210.21460650023,ztfg,3332.200986628067,48.895823784599216,25.9080979714916,ab,415,23,
1,58210.236527800094,ztfg,3122.0877098026685,80.5613602177141,25.799257545179,ab,415,23,
2,58215.21699069999,ztfg,783.1435952212036,61.68696552579268,24.2748710126895,ab,415,23,
3,58218.19153939979,ztfr,4810.613012770517,37.2411539657042,26.223919290184,ab,415,23,
4,58218.22364579979,ztfr,4620.766068644512,34.86119644813688,26.1874572505725,ab,415,23,
5,58223.177118100226,ztfr,3946.6585439241317,32.966961688062085,26.2531379974114,ab,415,23,
6,58227.16518520005,ztfr,3067.410475633602,36.47542111185568,26.252684754218,ab,415,23,
7,58227.16936339997,ztfg,2695.5198701423933,30.184511075076625,26.2570357694553,ab,415,23,
8,58231.14905089978,ztfr,2630.9248651089047,44.30354523743289,26.2683856592377,ab,415,23,
9,58234.16771990014,ztfg,1060.9329122230151,77.32271454668306,25.9410264118514,ab,415,23,
10,58234.20900460007,ztfg,1422.3464647612382,57.44443546772463,26.2340440271692,ab,415,23,
11,58237.18831019988,ztfg,1123.0062115359556,74.83199613351265,26.2244083643711,ab,415,23,
12,58244.15590280015,ztfr,2249.892103537845,31.996537450806017,26.2406382424928,ab,415,23,
13,58247.17134260014,ztfg,602.1988557436531,18.799241561630463,26.2339817191814,ab,415,23,
14,58247.21840280015,ztfr,1909.0435909988294,31.157403687755636,26.1889612175545,ab,415,23,
15,58255.17153939977,ztfg,448.41088483990995,27.09531949713226,26.1887123722088,ab,415,23,
