,time,band,flux,fluxerr,zp,zpsys,field,ccd,comment
0,58888.517442100216,ztfr,467.3399146711467,319.34831369397546,26.2180865789035,ab,637,20,
1,58892.53870370006,ztfr,-67.81870272120635,46.38936694286231,26.2734295566268,ab,637,20,
2,58892.550786999986,ztfg,83.30828106314326,57.82415429569576,26.2326719540816,ab,637,20,
3,58895.51136570005,ztfr,-58.09583542619543,51.833117484130526,26.2224061248388,ab,637,20,
4,58895.54708330007,ztfg,19.989859532897803,36.074170508374756,26.2472013908408,ab,637,20,
5,58900.50491899997,ztfr,128.4364729848348,35.157375006175755,24.9632125086622,ab,637,20,
6,58905.525613400154,ztfg,1158.4490059614623,99.72378364633225,26.2637488673044,ab,637,20,
7,58912.48710650019,ztfr,1418.1709310940191,35.03050695869136,26.2571866336212,ab,637,20,
8,58912.52813659981,ztfg,1673.6699795940183,23.99173288819624,26.2259078590554,ab,637,20,
9,58915.486516200006,ztfg,1516.4398279132447,75.35455599047536,26.1761723590831,ab,637,20,
10,58915.523958299775,ztfr,1465.8840870564363,34.391970238134455,26.2673817822944,ab,637,20,
11,58936.494363400154,ztfg,430.29279460339717,19.420995149874397,26.2163509436197,ab,637,20,
12,58936.52953700023,ztfr,808.7852848077516,36.14332017522749,26.2969677062465,ab,637,20,
13,58939.46877310006,ztfg,53.521026543653164,24.63181841147261,24.4571544337596,ab,637,20,
14,58939.50366900023,ztfr,2.07703851112052,42.23114318431778,23.3091559681118,ab,637,20,
15,58943.44878470013,ztfg,165.88055031668662,64.59872085536956,26.2178328354152,ab,637,20,
16,58943.485173599795,ztfr,731.9113661611705,27.747052393509847,26.2824413075398,ab,637,20,
17,58953.427615699824,ztfg,161.31616814255045,41.03399359810891,26.2130030042909,ab,637,20,
18,58953.45466439985,ztfr,417.9337709098401,38.069271397560065,26.2830224504395,ab,637,20,
19,58956.46434029983,ztfg,43.065154282964066,25.533170773594595,24.92989810968,ab,637,20,
20,58961.45383099979,ztfr,213.31098205826106,39.096267811849415,26.241053453098,ab,637,20,
21,58964.44109949982,ztfr,265.53773907124565,17.88311308917512,26.2969965642668,ab,637,20,
22,58964.46296299994,ztfg,124.77274127014601,16.71211066617146,26.277749889971,ab,637,20,
23,58967.413263900205,ztfr,248.9090590327488,19.44403032973356,26.2960843838218,ab,637,20,
24,58967.43484950019,ztfg,137.85319465277632,15.043248449910982,26.2670426375015,ab,637,20,
