,time,band,flux,fluxerr,zp,zpsys,field,ccd,comment
0,59173.49265050003,ztfg,239.96376062147624,20.5749422542089,25.9881166522196,ab,862,31,
1,59173.519548600074,ztfr,79.2494746150874,21.8988349245277,25.552238704443,ab,862,31,
2,59175.5364351999,ztfg,172.26790060938552,16.289720671427087,25.1224497588477,ab,862,31,
3,59177.53853010014,ztfg,619.4842466764732,19.431767560831933,26.2787144441251,ab,862,31,
4,59180.4743170999,ztfg,762.5010832925257,122.56011427599559,26.2140700072396,ab,862,31,
5,59180.55150459986,ztfr,561.6794673885553,141.63137951314332,26.2624780062052,ab,862,31,
6,59184.52040510019,ztfr,721.418860277315,38.62637381699251,26.2395519600637,ab,862,31,
7,59184.53423610004,ztfg,902.9194036188705,50.64375009994178,26.2591796743323,ab,862,31,
8,59186.51531249983,ztfg,859.8095191949031,141.88546332854082,26.2536138359161,ab,862,31,
9,59188.45858799992,ztfg,746.8037415999071,37.40703839831701,26.2467085880403,ab,862,31,
10,59188.49384259991,ztfi,241.31016924086953,28.75968134779866,25.7334595127113,ab,862,31,
11,59193.4436458,ztfg,644.604992005621,22.193059784692316,26.2021227381269,ab,862,31,
12,59193.52658559987,ztfr,706.4584347137836,20.72285442750687,26.2393198857703,ab,862,31,
13,59195.46958329994,ztfr,305.3521803965039,39.22298081636172,25.3049940429563,ab,862,31,
14,59198.508333299775,ztfg,566.2662258621276,25.288136371009237,26.28600436159,ab,862,31,
15,59200.41896989988,ztfg,127.78495293072591,30.82088904996176,25.2034874065614,ab,862,31,
16,59200.5139930998,ztfr,281.6161272083401,40.29140197513722,25.6437554784652,ab,862,31,
17,59201.53943290003,ztfi,171.2531664287757,25.84360982659149,25.7268482994946,ab,862,31,
18,59203.404942099936,ztfg,381.9900158101542,49.312032778901084,26.2174047710318,ab,862,31,
19,59203.4919906999,ztfr,465.4456493827345,44.75284061679685,26.2538577105132,ab,862,31,
20,59204.49253469985,ztfi,141.18876279394567,17.83791148853293,25.7137386912885,ab,862,31,
21,59205.42466440005,ztfg,152.3247460664842,18.170759413197818,25.3405500442972,ab,862,31,
22,59210.43005790003,ztfr,341.3431654189825,58.4335703022148,25.9565764432395,ab,862,31,
