,time,band,flux,fluxerr,zp,zpsys,field,ccd,comment
0,58216.51421299996,ztfr,1115.5595909415613,57.89056625206432,26.0318176187255,ab,868,1,
1,58219.507685199846,ztfr,1280.6179852578236,44.88726395700602,26.0319638226628,ab,868,1,
2,58229.50724539999,ztfg,1137.4478077875237,213.9612151158754,26.2113782341343,ab,868,1,
3,58232.50400459999,ztfg,635.0210858213488,51.830256390115565,26.0317667377587,ab,868,1,
4,58242.44840280013,ztfg,429.1231042142216,96.64166248264459,26.2069626273285,ab,868,1,
5,58242.47111110017,ztfr,674.1859696581022,67.85586433950562,26.1323414764723,ab,868,1,
6,58245.47101850016,ztfg,68.38471687497585,34.433071066828425,24.0567496158134,ab,868,1,
7,58252.4689468001,ztfg,273.70665324465256,36.88847556241745,26.211922860446,ab,868,1,
8,58255.404039400164,ztfg,154.6020366375909,26.2842410552462,26.0777027888572,ab,868,1,
9,58258.45468749991,ztfr,420.7306490091801,20.488347621829345,26.0856408173889,ab,868,1,
10,58258.4849537001,ztfg,107.01127858097527,41.86850287984591,26.1551400113695,ab,868,1,
11,58263.38055559993,ztfr,326.81433527869194,44.097035007572,26.113782582383,ab,868,1,
12,58263.46782410005,ztfg,82.28043776060352,19.761562525546644,26.1782734005854,ab,868,1,
13,58267.39303239994,ztfr,207.74891861499287,89.33036660927566,26.1118520161684,ab,868,1,
14,58267.46905090008,ztfg,201.06967572322515,70.19944542835299,26.181157509615,ab,868,1,
