,time,band,flux,fluxerr,zp,zpsys,field,ccd,comment
0,58457.125798599795,ztfg,-293.0160223901565,143.8512262180787,26.2522089314889,ab,247,41,
1,58457.176944400184,ztfr,24.538804973035038,88.33839833567363,26.2727933726116,ab,247,41,
2,58469.14697920019,ztfg,2395.002446806817,69.8385098560995,26.094478786994,ab,247,41,
3,58469.14789350005,ztfg,2496.4072761793336,54.96585276688773,26.1519502686188,ab,247,41,
4,58471.09276620019,ztfg,1633.0762510831403,120.79232658487659,25.5817050092206,ab,247,41,
5,58471.16702549998,ztfr,2698.0068953779896,137.9424154509323,26.1140565666113,ab,247,41,
6,58472.12497689994,ztfr,3487.671146054094,52.97735105605419,26.2980130585033,ab,247,41,
7,58472.16729169991,ztfg,3528.9589825359967,71.44965022153815,26.2191427426459,ab,247,41,
8,58472.18637729995,ztfg,3598.873602184511,75.19912257655838,26.2020241543394,ab,247,41,
9,58474.105428200215,ztfg,3759.55733815196,72.16331623532598,26.2244162699199,ab,247,41,
10,58474.16284719994,ztfr,3798.8127972581233,57.94324402390152,26.269365359106,ab,247,41,
11,58482.15094910003,ztfg,3328.680775313242,102.25034408886194,26.1711593192577,ab,247,41,
12,58488.148611099925,ztfg,168.27220866743116,40.293295149058494,23.0523859731475,ab,247,41,
13,58492.127465299796,ztfr,185.63736521355128,74.0565326195998,23.5681950296217,ab,247,41,
