,time,band,flux,fluxerr,zp,zpsys,field,ccd,comment
0,58682.16834490001,ztfg,1.8986831975791685,28.271202175834684,26.1757857017871,ab,579,13,
1,58682.23755790014,ztfr,35.04187014267328,33.229939092949984,26.0012488739962,ab,579,13,
2,58685.18695600005,ztfg,-0.6996993743354221,12.036509832047972,26.138676448157,ab,579,13,
3,58692.19499999983,ztfg,8.210390705210388,17.914317678261774,25.9504256892892,ab,579,13,
4,58716.14527780004,ztfr,1034.753212517902,30.279293761783755,25.9751806799061,ab,579,13,
5,58716.1512616002,ztfg,1199.1384954074638,23.910958019582594,26.0023321517869,ab,579,13,
6,58720.15459490009,ztfg,1010.1279910206796,24.704901181219267,25.8569478527809,ab,579,13,
7,58726.160161999986,ztfg,700.1309583822242,36.85016576726449,25.7980201930362,ab,579,13,
8,58729.1416782001,ztfg,284.8490681926652,40.419324810441275,24.9306595720822,ab,579,13,
