,time,band,flux,fluxerr,zp,zpsys,field,ccd,comment
0,58939.167187499814,ztfr,895.7797389458909,31.11513092243841,26.324187194511,ab,415,41,
1,58939.27467590012,ztfg,484.6431605569706,42.350217433142525,25.4027279832896,ab,415,41,
2,58940.19065969996,ztfr,833.5319201355495,45.4543341358778,25.9624887997823,ab,415,41,
3,58941.148333299905,ztfg,1809.72967625182,48.83172617453195,26.3167459207246,ab,415,41,
4,58941.19030090002,ztfr,1616.1244230459795,42.094285308233545,26.3312698601762,ab,415,41,
5,58954.158749999944,ztfg,5987.345785804453,37.503020071656735,26.2765545002182,ab,415,41,
6,58955.19098380022,ztfr,5173.882821402112,35.64820801141045,26.3104773086028,ab,415,41,
7,58955.19188660011,ztfr,5098.546148462227,37.20793534873576,26.3076084455636,ab,415,41,
8,58956.15393520007,ztfr,5141.437869715276,34.951152562799834,26.3142466688788,ab,415,41,
9,58962.189375000075,ztfg,4010.2242392478897,31.755832614590727,26.2611528799694,ab,415,41,
10,58963.168807900045,ztfg,3825.750153967477,29.467226088964022,26.2606884741301,ab,415,41,
11,58963.16971059982,ztfg,3810.400220867558,29.711367481101483,26.2605605734107,ab,415,41,
12,58964.226157399826,ztfr,3244.3529511305937,35.55117366522481,26.2347181734573,ab,415,41,
13,58965.18984950008,ztfg,3180.6870647811197,29.743878814743322,26.2715115679207,ab,415,41,
14,58966.18736110022,ztfr,430.0119507009514,44.94440022678593,24.0425217305965,ab,415,41,
15,58966.213506899774,ztfg,1333.197108625352,29.582372687651674,25.4017491637103,ab,415,41,
16,58966.229039399885,ztfg,499.17128879490394,34.31268817121062,24.2989312741403,ab,415,41,
17,58967.207638899796,ztfg,2578.0534035938194,31.690003052428505,26.2042444471248,ab,415,41,
18,58969.19125000015,ztfg,1049.8804872229675,42.92753633465873,25.5039455902744,ab,415,41,
19,58971.14934029989,ztfr,2707.64698653292,41.91686683665361,26.3471748584659,ab,415,41,
20,58971.23151620012,ztfg,1751.1242140429326,64.8891291868898,26.190669842693,ab,415,41,
21,58975.16555560008,ztfr,2630.8846345024863,47.86917001638874,26.3394968488948,ab,415,41,
22,58975.212245400064,ztfg,1216.3414637624444,79.35077596910985,26.2088868137034,ab,415,41,
23,58979.209907399956,ztfg,523.7887104460831,28.236733538221245,25.670854185367,ab,415,41,
