,time,band,flux,fluxerr,zp,zpsys,field,ccd,comment
0,58439.34672449995,ztfr,725.4854962852314,23.621010375103175,25.8813050629155,ab,1848,2,
1,58439.367071799934,ztfr,799.4166202968999,19.400851868206964,25.9227466783139,ab,1821,57,
2,58442.346747700125,ztfr,282.09163171120156,51.118628665245794,25.2573852136853,ab,1848,2,
3,58442.37265049992,ztfr,207.78991280586894,52.017284284132764,24.3231381339953,ab,1821,57,
4,58448.45563660003,ztfr,671.07898371993,52.581700901669315,26.1011973004521,ab,1848,2,
5,58448.457025500014,ztfr,630.5357856251395,38.917624969244706,26.1280048134072,ab,1821,57,
6,58449.42348380014,ztfr,553.2420225280155,28.003033998461888,26.1002326731454,ab,1848,2,
7,58449.42784720007,ztfr,575.4402379094573,31.2757972633204,26.1417058276879,ab,1821,57,
