,time,band,flux,fluxerr,zp,zpsys,field,ccd,comment
0,58683.194340299815,ztfg,-7.051911728647463,21.864095226847702,26.1067537863757,ab,756,32,
1,58685.1787268999,ztfg,7.4158019595659255,12.918747393965194,26.2054760267483,ab,757,45,
2,58686.19763890002,ztfg,17.556853708911113,15.7462517014478,25.9903679840725,ab,756,32,
3,58689.1785995001,ztfr,4.97441936744846,21.731389421502723,23.6201437466599,ab,757,45,
4,58689.18488429999,ztfr,15.952730214170318,18.114817955944936,22.9625099457637,ab,756,32,
5,58692.18004629994,ztfr,2.9348402770238846,28.43833286349416,25.6321853438846,ab,756,32,
6,58692.18615739979,ztfr,13.366593464087812,35.77623819797513,25.4014116943649,ab,757,45,
7,58692.19270829996,ztfg,-9.421377282548367,16.042495223092747,25.980604807453,ab,757,45,
8,58692.22258100007,ztfg,18.819882902849248,14.165315292319892,26.0354906246227,ab,756,32,
9,58695.20717590023,ztfr,-38.27113013471661,32.13448563173087,25.204853392501,ab,756,32,
10,58695.20807870012,ztfr,5.2684477129304605,28.03712458639683,25.9067586895425,ab,757,45,
11,58698.16299769981,ztfr,-23.635386216394476,32.492036453035375,25.7268389349403,ab,757,45,
12,58698.200925900135,ztfg,3.075213975521195,33.363609707690784,23.4655976116683,ab,757,45,
13,58701.16265049996,ztfr,-10.981357115393553,29.49938746993362,25.5013113034119,ab,756,32,
14,58701.177870399784,ztfr,47.43496710323413,37.18787768349539,23.2933749911574,ab,757,45,
15,58705.15833330015,ztfr,87.5791290777471,43.36666734939344,26.1665034244378,ab,757,45,
16,58714.15681710001,ztfg,956.0666142815779,21.791970665378287,26.1177089557579,ab,757,45,
17,58716.15265050018,ztfg,1009.0628121081646,21.91291004726659,26.0324883336685,ab,756,32,
18,58720.15731480019,ztfg,1008.6209674598559,25.056451234016546,25.9722248127236,ab,757,45,
19,58720.15825230023,ztfg,968.9788039046829,23.589992066316476,25.8967285871918,ab,756,32,
20,58723.14575230004,ztfr,990.6634846181137,34.37425087636649,26.0552275199958,ab,757,45,
21,58726.14563659998,ztfr,792.773476787875,27.043234516303464,26.0134474229547,ab,756,32,
22,58726.15653940011,ztfg,741.7382128208045,27.300912436948703,25.9465874320363,ab,756,32,
23,58726.15744209988,ztfg,772.9206546626828,26.553378135549732,25.9958003908642,ab,757,45,
24,58728.13567129988,ztfg,670.6109537877574,38.172725931525605,25.9739224503727,ab,757,45,
25,58729.14025459997,ztfg,221.148808179113,27.032329693603668,25.155324206819,ab,757,45,
26,58734.1536921002,ztfg,340.2337961350642,45.19869317134604,26.0014216716024,ab,757,45,
