,time,band,flux,fluxerr,zp,zpsys,field,ccd,comment
0,58574.486840299796,ztfr,256.33680589660946,37.521400120507295,24.5573072928289,ab,593,1,
1,58574.515104200225,ztfg,155.17151648471776,34.83713287022598,23.9224802974719,ab,593,1,
2,58582.46535879979,ztfr,872.3908754382037,33.41985447929,26.0592142200053,ab,593,1,
3,58588.42219909979,ztfr,493.83731253443995,50.53499370247138,25.9375385024055,ab,593,1,
4,58593.44549770001,ztfr,529.8109795582759,68.88964266693158,26.0826038415938,ab,593,1,
5,58597.45314810006,ztfr,448.7379980791465,36.91500198815736,26.071873246372,ab,593,1,
6,58607.48628470022,ztfr,359.823275367328,16.847128344689924,26.1056007028489,ab,593,1,
7,58617.46325229993,ztfg,76.52098953987421,12.047333745888176,26.1293879200618,ab,593,1,
8,58617.48481479986,ztfr,240.65579586011518,17.784338807356406,26.1050686180345,ab,593,1,
