,time,band,flux,fluxerr,zp,zpsys,field,ccd,comment
0,59061.43521990022,ztfr,411.689289353173,23.31363474911099,25.9815600403829,ab,293,61,
1,59064.43431709986,ztfr,615.6145245299606,90.36467880312017,26.0104032514735,ab,293,61,
2,59064.47959489981,ztfg,794.6271671441406,106.40556461550213,26.038873157854,ab,293,61,
3,59099.33431709977,ztfr,542.8589478410577,37.14631124148562,25.9150850193595,ab,293,61,
4,59099.37675930001,ztfg,217.61470632434464,47.093256984905175,25.8698324716225,ab,293,61,
5,59104.392442100216,ztfr,256.8212724417876,33.71725276423857,24.9500397101171,ab,293,61,
6,59106.29314809991,ztfg,66.89484195522493,15.811707695068248,24.7148476620577,ab,293,61,
7,59107.3346644002,ztfg,68.05893129883256,17.405476208309004,25.2537008490023,ab,293,61,
8,59108.31216439977,ztfg,84.64889237648508,13.330484321735135,25.1618652115508,ab,293,61,
9,59108.37945599994,ztfr,280.234426281576,32.10482794341088,25.4972358141265,ab,293,61,
10,59109.378923600074,ztfr,205.88306620940057,44.14045112934666,25.2490309956841,ab,293,61,
11,59110.27253470011,ztfr,165.4265726608245,29.227792662244628,24.8165024718955,ab,293,61,
12,59110.3322222,ztfg,57.64439837459868,22.92880934543764,25.4737747339586,ab,293,61,
13,59111.40799769992,ztfr,358.7027941003356,40.93289165433684,25.7008367090749,ab,293,61,
14,59112.30118060019,ztfg,105.11455044493083,14.799151206983547,26.0285323383883,ab,293,61,
15,59113.292627300136,ztfr,359.58303465168666,27.650688809114772,25.8717717203262,ab,293,61,
16,59128.270995399915,ztfr,208.6813725495249,27.54543257256953,25.8653880173792,ab,293,61,
