,time,band,flux,fluxerr,zp,zpsys,field,ccd,comment
0,58981.473020799924,ztfr,818.8685001350784,65.41320489885679,26.108802617715,ab,550,34,
1,58981.47682869993,ztfr,899.1948147660589,58.60271681462552,26.1246332359179,ab,550,34,
2,58981.48062499985,ztfr,962.1795255015046,54.922409961087915,26.1406154238238,ab,550,34,
3,58981.48444439983,ztfr,851.5245593194279,78.65016757432296,26.163787509537,ab,550,34,
4,59018.389317099936,ztfg,62.08474230411107,27.535585734502586,26.0600564434496,ab,550,34,
5,59018.46935189981,ztfr,258.8946541622183,17.93643840012477,26.3354505357458,ab,550,34,
6,59024.382928200066,ztfg,8.193193590948102,17.061088762610023,25.7753950399936,ab,550,34,
7,59024.474097200204,ztfr,185.53288200218233,15.991107619787515,26.2198387340697,ab,550,34,
8,59027.370185200125,ztfg,72.64480225591151,25.873763720670024,25.9339216524631,ab,550,34,
9,59030.358692099806,ztfg,51.4492218338891,53.72275448018295,26.001519576793,ab,550,34,
10,59030.46826389991,ztfr,188.49039215900524,23.612059360683578,26.3227710313542,ab,550,34,
11,59032.48262730008,ztfg,102.43813383998335,28.8389040468375,26.3613417180212,ab,550,34,
12,59033.44953700015,ztfg,41.854951110866466,33.90758561732328,26.3489497911188,ab,550,34,
13,59035.356307900045,ztfr,175.04289687480008,73.00681772933848,26.2634845352915,ab,550,34,
