,time,band,flux,fluxerr,zp,zpsys,field,ccd,comment
0,58558.438576399814,ztfg,26.24430887617698,39.94382572431761,26.08104915638,ab,276,33,
1,58569.41774309985,ztfg,87.64458540694478,55.37369114136074,24.6656836958568,ab,276,33,
2,58574.39673609985,ztfg,46.54623468447907,23.168623965054625,25.6854820626727,ab,276,33,
3,58574.42196760001,ztfr,38.95231590898159,34.25361842659812,25.2297096623297,ab,276,33,
4,58582.3762730998,ztfg,391.94783957356077,26.935392154340917,24.8828366847824,ab,276,33,
5,58582.40152780013,ztfr,333.12092433718334,35.97393841206265,24.8335208267583,ab,276,33,
6,58585.38513890002,ztfg,1420.2087823895645,32.84473649832807,26.012070318954,ab,276,33,
7,58585.39780090004,ztfr,1495.1592760598178,30.36247882530364,26.0690265789654,ab,276,33,
8,58592.41895829979,ztfg,1934.0229042555623,185.78671033407363,26.1152545183323,ab,276,33,
9,58598.37271990022,ztfr,1564.285549067659,35.86692918030859,26.1222646428709,ab,276,33,
10,58608.3137730998,ztfg,662.3492323964746,32.83793375801189,25.9628709216464,ab,276,33,
11,58608.33640050003,ztfr,664.9030537452387,38.64018238102378,25.7714793298353,ab,276,33,
12,58617.31364580011,ztfr,869.758628379224,39.947757886681636,26.0913391555706,ab,276,33,
13,58617.380243100226,ztfg,252.82900706138167,45.797012348865614,25.9464684494311,ab,276,33,
14,58634.249768500216,ztfg,120.64253876103037,18.490152910346985,25.9114996774534,ab,276,33,
15,58634.291828699876,ztfr,393.2855482677577,20.151807741343543,26.0427854685127,ab,276,33,
16,58639.229884299915,ztfg,126.10594474923542,26.638883373389405,25.9762089966864,ab,276,33,
17,58639.27249999996,ztfr,360.91301185419474,29.457146008505614,26.0940731938157,ab,276,33,
18,58642.248749999795,ztfr,340.67967119670067,28.488878976346534,26.1661007713489,ab,276,33,
19,58642.29336810019,ztfg,121.8858406008173,23.76296969378706,26.0871275088749,ab,276,33,
