,time,band,flux,fluxerr,zp,zpsys,field,ccd,comment
0,58523.144791699946,ztfg,-25.691602412652806,26.042161765471967,26.1466175915182,ab,354,32,
1,58523.19319440005,ztfr,-7.824114150233695,23.89325886232165,26.1731134816359,ab,354,32,
2,58523.20622690022,ztfr,1.3321401104111885,25.279450936161837,26.1543441031823,ab,354,32,
3,58534.172673599795,ztfg,-171.3938044888373,109.62705762348844,26.1064966782298,ab,354,32,
4,58539.16534719989,ztfg,743.2767098985183,41.95518958299218,26.1004901839339,ab,354,32,
5,58539.16964119999,ztfr,825.9449455800703,65.02112918273923,26.1508028571043,ab,354,32,
6,58539.18673609989,ztfr,872.6164192665302,39.574066387241565,26.1282586852626,ab,354,32,
7,58556.11726849992,ztfg,1952.4407315877784,80.21974348364499,26.1010753032738,ab,354,32,
8,58557.118182899896,ztfr,2146.9006692735566,84.47033019164873,26.1385908368245,ab,354,32,
9,58557.12731479993,ztfg,1898.915121464924,87.46001355209884,26.1105180893586,ab,354,32,
10,58558.15094910003,ztfr,1862.9676414130263,87.263250381637,26.0981353076279,ab,354,32,
11,58559.18633100018,ztfr,1710.1929717511882,128.30893073306183,26.0692589938247,ab,354,32,
12,58560.16637729993,ztfg,1309.9777507602562,87.85725324366435,26.0312517333438,ab,354,32,
