,time,band,flux,fluxerr,zp,zpsys,field,ccd,comment
0,58886.48428239999,ztfg,702.8615658624666,97.83566256340004,26.0368885180002,ab,636,49,
1,58886.57064810023,ztfr,817.2521006535081,48.64515105199293,26.1959028463716,ab,636,49,
2,58892.539166700095,ztfr,721.325150469347,38.53297663420516,26.1393489875004,ab,636,49,
3,58892.55033560004,ztfg,726.7868618422053,45.8282894342505,26.1995236193684,ab,636,49,
4,58895.51091440022,ztfr,602.1944209488092,43.791707489439005,26.1222540890374,ab,636,49,
5,58895.54378469987,ztfg,665.5163513400855,41.92358804329934,26.21197664294,ab,636,49,
6,58900.4849537001,ztfr,201.23627357531618,28.297158679041694,25.467125455094,ab,636,49,
7,58904.534942099825,ztfr,382.76617743922196,38.08462548148814,26.162934898062,ab,636,49,
8,58904.553460599855,ztfg,394.89256607054284,66.02624701252687,26.2304879789537,ab,636,49,
9,58911.50515050022,ztfr,393.91699650721864,61.993008824014304,26.1203956742367,ab,636,49,
10,58911.54349539988,ztfg,207.19308684336585,79.53941541777748,26.2065630224247,ab,636,49,
11,58914.49124999996,ztfg,85.80329517295007,29.401719769870457,24.9340877718002,ab,636,49,
12,58914.52288189996,ztfr,326.04263889144215,19.613665265400332,26.1122063651117,ab,636,49,
13,58936.49571759999,ztfg,39.42300862025704,19.835648491813984,26.1789081218094,ab,636,49,
14,58936.50929399999,ztfr,112.53468422616957,30.396781358318652,26.1322763108563,ab,636,49,
15,58936.52863429999,ztfr,136.5235133371496,27.535538320139846,26.2504981063397,ab,1681,29,
16,58936.52908559982,ztfr,129.98180607544947,26.857228632877852,26.2525180993962,ab,1681,29,
17,58939.46923610009,ztfg,-38.2445736676971,31.488118158939795,24.5218146065736,ab,636,49,
18,58939.48900459986,ztfr,-14.309788470253144,34.51395690269014,23.951236238137,ab,636,49,
