,time,band,flux,fluxerr,zp,zpsys,field,ccd,comment
0,58939.15895830002,ztfr,-4.778756084091466,22.505861527989527,26.2581641169779,ab,1665,47,
1,58939.159861099906,ztfr,-5.327765898899233,17.439822306879528,26.2612801498981,ab,1665,47,
2,58980.16709489981,ztfr,1264.5696023822195,19.398645631324026,26.2851379780576,ab,1665,47,
3,58981.16427080007,ztfg,1266.3746172878914,23.504689550339926,26.323142177248,ab,1665,47,
4,58981.164733800106,ztfg,1283.7213511962727,20.213653325408014,26.3181417962898,ab,1665,47,
5,58986.1864120001,ztfg,857.9103228296138,16.986276399639497,26.2832368241177,ab,1665,47,
