,time,band,flux,fluxerr,zp,zpsys,field,ccd,comment
0,58386.30966439983,ztfr,68.3782216540621,68.16923551775372,26.261396069942,ab,1726,41,
1,58397.102870400064,ztfg,169.82564761826717,27.660583103656265,26.2691297167816,ab,1726,41,
2,58399.1004050998,ztfg,941.5348890582393,42.786752445673315,26.2685610458778,ab,1726,41,
3,58425.082314800005,ztfr,16602.874535166375,58.23807973336948,26.2910701419448,ab,1726,41,
4,58428.08357639983,ztfr,14548.717454042313,60.19462466698037,26.361603712051,ab,1726,41,
5,58443.1146644,ztfr,9830.932115701758,62.024183482795124,26.2908913262957,ab,1726,41,
