,time,band,flux,fluxerr,zp,zpsys,field,ccd,comment
0,58713.479629599955,ztfg,2853.9244203112416,53.53322846079158,26.1046451611241,ab,871,56,
1,58716.46394680021,ztfr,2411.3777475020856,29.20263520232118,26.0578073891077,ab,871,56,
2,58719.46995369997,ztfr,2313.9542551979207,34.63106312989917,25.9859477308949,ab,871,56,
3,58719.49299769988,ztfg,2670.254165994658,39.5739775800045,26.0710268677414,ab,871,56,
4,58722.44356480008,ztfg,2379.95278796639,23.16966078190496,26.0408940108712,ab,871,56,
5,58722.49181709997,ztfr,2200.6056519332024,23.358462426947618,26.0081642340202,ab,871,56,
6,58725.41983800009,ztfg,2095.047324504492,23.205211554702228,26.0976149064363,ab,871,56,
7,58725.49212960014,ztfr,1979.0587823476765,22.96129024798256,26.0375631344129,ab,871,56,
8,58732.40822920017,ztfg,1168.2133908367193,18.676227671847407,26.0471355164267,ab,871,56,
9,58732.49601850007,ztfr,1118.2960783231924,24.352076005027598,25.8624343904573,ab,871,56,
10,58735.496053200215,ztfr,1225.1582947839063,28.0959624733865,26.0366661909405,ab,871,56,
11,58738.4469792,ztfg,823.2629235596357,42.50853900381203,26.1013596874999,ab,871,56,
12,58741.46961810021,ztfr,1182.3546623098903,45.83338767502553,25.9913956486386,ab,871,56,
13,58741.512581000105,ztfg,176.8243501569357,63.45097883574722,24.9690980276015,ab,871,56,
14,58744.449213000014,ztfr,1092.9373479113735,43.189904129949795,26.0312666055037,ab,871,56,
15,58744.49422449991,ztfg,468.08654439192424,44.719545254083314,26.0928061682965,ab,871,56,
16,58747.44409719994,ztfr,970.6273533780237,28.035136070084985,26.0055357572637,ab,871,56,
17,58747.49634259986,ztfg,414.90913341469815,31.34738358290514,26.0825060864119,ab,871,56,
18,58749.49733800022,ztfg,380.3373378280723,23.652337468436688,26.0574142273402,ab,871,56,
19,58750.4733564998,ztfr,825.1251523828078,30.58095951763966,25.9513461378348,ab,871,56,
20,58756.43207179988,ztfg,239.1307589792158,21.50986053650312,26.0712791905278,ab,871,56,
21,58763.42281250004,ztfg,188.49781943691656,17.685105525278814,26.0764551891118,ab,871,56,
22,58763.51386569999,ztfr,471.69061809606393,19.922997763417417,26.0240107018272,ab,871,56,
23,58766.4050925998,ztfg,221.14766954587463,27.625818768727367,26.0878721383091,ab,871,56,
24,58766.53667820012,ztfr,367.14417144233494,40.361666370532156,26.0294445773223,ab,871,56,
25,58768.415358799975,ztfg,142.11563231578705,39.21099844773054,26.0404888798589,ab,871,56,
