,time,band,flux,fluxerr,zp,zpsys,field,ccd,comment
0,59095.35789350001,ztfr,696.8582784351107,121.16294630529566,26.0821662050774,ab,338,27,
1,59111.146909699775,ztfg,223.64154005814956,16.826922647413188,25.8257375162262,ab,338,27,
2,59111.230104200076,ztfr,337.1532034230895,27.84622637150132,26.0350644728395,ab,338,27,
3,59124.2306597,ztfr,156.92894488151498,65.81670115558647,26.1876172647712,ab,338,27,
4,59126.17104170006,ztfr,238.78708168699805,43.49374151034895,26.0331830839525,ab,338,27,
5,59126.19028940005,ztfg,203.53620368060666,54.47376033533621,27.19099247253,ab,338,27,
6,59128.18667820003,ztfg,112.85137880247274,34.147620897706496,26.0056207653245,ab,338,27,
7,59130.27105320012,ztfr,147.48569849667055,38.61127332529298,26.1622854066601,ab,338,27,
8,59135.18777780002,ztfr,177.26196556068564,23.451538679450906,26.1965094166287,ab,338,27,
9,59135.2109375,ztfg,15.012421654339157,30.439248928059754,26.1307265645886,ab,338,27,
10,59137.16895829979,ztfr,147.27507013300746,29.16314163543996,26.2038852852298,ab,338,27,
11,59137.227881900035,ztfg,15.079654046897527,25.25817779044688,25.7981133810423,ab,338,27,
12,59139.16968750022,ztfg,33.80544999795309,23.99674614736443,26.0904167246279,ab,338,27,
13,59139.24979169993,ztfr,72.21772161228196,33.19456925700812,25.961213443186,ab,338,27,
14,59141.14668980008,ztfr,120.15010023430291,25.854392329035463,26.0537216754857,ab,338,27,
15,59143.13231479982,ztfr,138.2805004033378,20.61780473620335,26.2461962273136,ab,338,27,
16,59143.18599539995,ztfg,73.25767740456487,22.909780691089875,26.1297770445592,ab,338,27,
17,59149.10340279993,ztfr,8.769672231930372,134.40784262286758,26.2179703270157,ab,338,27,
18,59150.148541700095,ztfg,75.37590669317584,74.73442288925399,26.2205547177837,ab,338,27,
19,59150.1926851999,ztfr,24.469120063095573,114.74934536308032,26.2560825864626,ab,338,27,
