,time,band,flux,fluxerr,zp,zpsys,field,ccd,comment
0,58457.550173600204,ztfr,-25.38498871532758,142.20502564715997,25.989712373348,ab,374,20,
1,58457.55496530002,ztfr,-111.94469619292684,197.14800429009472,26.1444059736177,ab,374,20,
2,58461.55285880016,ztfr,-125.84022922762477,137.38089559566535,25.9122408689544,ab,374,20,
3,58461.55759260012,ztfr,-49.79970437342996,57.905617108983066,26.1642267466315,ab,374,20,
4,58461.562326400075,ztfr,-30.17935737670739,49.27842442915819,26.1590670452234,ab,374,20,
5,58461.56708330009,ztfr,-13.19329727908113,79.46153740450119,26.137817419429,ab,374,20,
6,58464.555416699965,ztfr,49.51428873672531,47.660213385064125,25.8628149669524,ab,374,20,
7,58464.56024309993,ztfr,-61.55476040185118,40.426721178026966,25.4140963087677,ab,374,20,
8,58464.56508099986,ztfr,-3.1015657540379657,59.70650263817328,24.7174790926872,ab,374,20,
9,58464.569918999914,ztfr,-24.175092606532086,78.21419723500047,25.9506389913537,ab,374,20,
10,58465.557754599955,ztfr,13.196240424232897,31.438312069098746,26.1807352778006,ab,374,20,
11,58465.562650499865,ztfr,48.93055855462467,54.1472345169055,26.1912500122227,ab,374,20,
12,58465.567546300124,ztfr,27.763918336812722,44.04155725026234,26.206903094094,ab,374,20,
13,58468.54049770022,ztfr,98.39471967683025,31.558779129048634,26.178772357679,ab,374,20,
14,58476.54077549977,ztfr,748.6760055372905,43.68557943059498,26.1916382244661,ab,374,20,
15,58481.54394679982,ztfr,1227.0490934126838,92.64733396369384,26.1923841455613,ab,374,20,
16,58487.498136600014,ztfg,1150.874605792385,27.10915332791576,26.1090104173853,ab,374,20,
17,58492.49885419989,ztfr,786.9864923803773,26.03008965586508,25.7127174649438,ab,374,20,
18,58492.53442130005,ztfg,940.9464065597588,19.601093340424754,26.0757096672195,ab,374,20,
19,58503.50203699991,ztfr,252.16429650658023,96.89609834713158,25.1505226026414,ab,374,20,
20,58506.506817100104,ztfg,568.9054953623772,137.47960222047624,26.2310399652449,ab,374,20,
21,58512.52210649988,ztfr,93.16840434351843,48.50331804402686,23.2202374041571,ab,374,20,
22,58524.435914400034,ztfg,161.7188275435401,40.58092421413132,26.1518314135203,ab,374,20,
23,58539.41861109994,ztfi,235.74950640255759,72.25704260698357,23.4243445771703,ab,374,20,
