,time,band,flux,fluxerr,zp,zpsys,field,ccd,comment
0,58534.41292819986,ztfr,1867.123728774665,117.69572935273361,26.0933766726585,ab,1721,32,
1,58558.33226849977,ztfr,1904.2657844537885,101.64744452669161,26.0898464389026,ab,1721,32,
2,58574.329710599966,ztfr,500.0707779734047,30.46875587823721,25.1411666348266,ab,1721,32,
3,58580.37160879979,ztfr,841.2239875718934,23.314861473465466,26.1551345277063,ab,1721,32,
4,58589.28890050016,ztfr,370.49984711270565,181.39168031805505,25.0933848440891,ab,1721,32,
5,58593.33035880001,ztfr,385.15273111864053,55.49295890918255,26.1532943558426,ab,1721,32,
