,time,band,flux,fluxerr,zp,zpsys,field,ccd,comment
0,58872.24994210014,ztfg,41.55123765016589,27.70092095233208,26.0536605307816,ab,313,51,
1,58872.31438660016,ztfr,-16.176991722960796,37.76054403867664,23.4000206178668,ab,313,51,
2,58875.27163190022,ztfr,3.961151280725305,20.001414933956177,26.0500768095342,ab,313,51,
3,58875.333726900164,ztfg,17.42236259870292,23.810032164444472,26.1193249660502,ab,313,51,
4,58878.31304399995,ztfr,-32.47231686100781,40.5459322232732,26.1272932360242,ab,313,51,
5,58881.2495833002,ztfg,45.75830700037917,54.0230872702908,26.1188735090682,ab,313,51,
6,58881.29248839989,ztfr,-14.797310597778232,30.59898765171807,26.131692656738,ab,313,51,
7,58885.274178199936,ztfg,-138.64064213522406,131.43755905946324,25.9442076105044,ab,313,51,
8,58888.25106480019,ztfg,59.61594469866161,147.39569722554208,26.16840419472,ab,313,51,
9,58891.2432407001,ztfg,353.08496676230783,48.443974250246406,26.1392194060793,ab,313,51,
10,58891.27167819999,ztfr,399.8665492146542,45.33800013284255,26.1319960471968,ab,313,51,
11,58894.251250000205,ztfr,850.0281117879274,26.771151978400546,26.103006735705,ab,313,51,
12,58900.251817100216,ztfr,1581.3280813745941,35.762503618894016,26.1095999844914,ab,313,51,
13,58905.22659720015,ztfr,1746.448881615068,45.50728660716458,26.1017788296012,ab,313,51,
14,58905.25377310021,ztfg,1500.1857260763088,54.250986352764,26.1449563327354,ab,313,51,
15,58911.21157409996,ztfr,1592.0670751708358,112.13938467913344,26.0712383169146,ab,313,51,
16,58914.16116899997,ztfr,386.9670498107564,209.02067175436895,25.0569257876544,ab,313,51,
17,58914.20928240009,ztfg,642.4101996531986,71.89829983782286,25.8264144151578,ab,313,51,
18,58941.18981479993,ztfr,447.68640965420065,47.36417094296801,26.0987311090431,ab,313,51,
19,58941.23346060002,ztfg,120.17453902589162,57.45641115583491,26.1323199420889,ab,313,51,
20,58956.167384299915,ztfr,242.89388139038553,25.594000307251267,26.0832549503877,ab,313,51,
21,58956.20942129986,ztfg,60.79840141477624,23.18000892857613,26.1054829320573,ab,313,51,
