,time,band,flux,fluxerr,zp,zpsys,field,ccd,comment
0,58956.283715299796,ztfr,788.9815359031122,20.751705963096533,26.244285798538,ab,1791,44,
1,58956.28416670021,ztfr,809.6061544448639,19.828806890138033,26.2663746448383,ab,1791,44,
2,58968.263773099985,ztfg,2591.720569706079,25.010839494255997,26.3638225564816,ab,1791,44,
3,58968.264247700106,ztfg,2513.999200765314,24.99289846692592,26.3575943625732,ab,1791,44,
4,58971.16091440013,ztfr,1958.7053937500602,26.152338275887253,26.2421052866345,ab,1790,32,
5,58971.161851900164,ztfr,1923.6790709194556,26.342739907789152,26.2383209331368,ab,1790,32,
6,58971.16325230012,ztfr,2144.48901433989,28.102825519254388,26.3359031200177,ab,1791,44,
7,58971.16372689977,ztfr,2202.875334005034,27.722155122666845,26.3523855557992,ab,1791,44,
8,58972.203796300106,ztfr,1893.1833618204005,31.849473049318163,26.2446592994558,ab,1790,32,
9,58972.20425930014,ztfr,1892.826814925967,30.76109066212687,26.2241573138284,ab,1790,32,
10,58972.24574070005,ztfg,2113.54344715564,33.50813681543163,26.2407261398388,ab,1790,32,
11,58972.24621530017,ztfg,2018.763752911233,33.320996362443445,26.2500881939767,ab,1790,32,
12,58972.247152800206,ztfg,2183.438901450064,34.562118658022506,26.3215113830557,ab,1791,44,
13,58972.24761570012,ztfg,2256.4964514539874,36.67435381854462,26.35499273796,ab,1791,44,
14,58974.26513889991,ztfr,1907.1535611625145,35.69584663848077,26.30624114114,ab,1791,44,
15,58976.28722220007,ztfr,1408.2873550624688,50.5888569709168,26.0954399941911,ab,1790,32,
16,58976.287696800195,ztfr,1447.1779509846815,50.29815124279729,26.1553950561894,ab,1790,32,
17,58976.290034700185,ztfr,1534.399294229348,51.81534594383358,26.2272685356229,ab,1791,44,
18,58976.29050929984,ztfr,1756.5716715184833,53.47783376856178,26.2443020792057,ab,1791,44,
