,time,band,flux,fluxerr,zp,zpsys,field,ccd,comment
0,58830.54244210012,ztfr,449.827827338626,48.960717602786275,26.1372952884415,ab,266,63,
1,58830.54384260019,ztfg,598.2634828544179,71.5033218829654,26.1838388293877,ab,266,63,
2,58836.50083329994,ztfr,627.373418550834,34.595534576833515,26.0996490785818,ab,266,63,
3,58836.54545139987,ztfg,734.5320866555626,39.54041623574816,26.1250720519955,ab,266,63,
4,58851.46030090004,ztfr,398.58703444045216,37.807713852160894,26.0368962305117,ab,266,63,
5,58854.438240699936,ztfr,534.6595437316781,123.61144688400694,26.1354062734424,ab,266,63,
6,58864.41643519979,ztfg,149.0505067214009,32.59947019265968,26.1413457332648,ab,266,63,
7,58864.4812384001,ztfr,305.505318979288,62.18679964132679,26.0960412143253,ab,266,63,
8,58878.35677079996,ztfr,170.23048711007382,59.711515325821615,26.1145264561207,ab,266,63,
9,58878.376794000156,ztfg,249.18806162192013,63.53500728683171,26.1537957946759,ab,266,63,
10,58892.31366899982,ztfr,22.154118606689934,59.312058305637436,26.0882267393848,ab,266,63,
11,58892.337754600216,ztfg,-19.6747450946011,56.33865516498179,26.1234043002432,ab,266,63,
