,time,band,flux,fluxerr,zp,zpsys,field,ccd,comment
0,59173.49265050003,ztfg,2003.3638266082182,29.82215411941512,25.388349884759,ab,862,7,
1,59173.519548600074,ztfr,4281.473588053887,34.6465627958094,25.5460819269724,ab,862,7,
2,59175.5364351999,ztfg,1187.6588033752344,23.28040390422636,24.9803373488657,ab,862,7,
3,59177.53853010014,ztfg,3316.3794518045725,30.851703187483565,26.2836385007726,ab,862,7,
4,59180.4743170999,ztfg,2499.011370184142,135.3089560951116,26.2141040746399,ab,862,7,
5,59180.55150459986,ztfr,6321.513166948491,132.9988165209237,26.2241501510725,ab,862,7,
6,59184.52040510019,ztfr,5008.734259634952,46.22563685215401,26.2211476930724,ab,862,7,
7,59184.53423610004,ztfg,1896.361106491472,56.292606367820454,26.2966776310708,ab,862,7,
8,59186.51531249983,ztfg,1456.2120243867876,158.7959966329329,26.2933471270647,ab,862,7,
9,59188.45858799992,ztfg,1566.6421447036994,41.0903747452374,26.234914394235,ab,862,7,
10,59188.49384259991,ztfi,2246.7791402234607,35.336820034698476,25.5754709428172,ab,862,7,
11,59193.4436458,ztfg,1313.420218269217,27.504869116150704,26.1930911300144,ab,862,7,
12,59193.52658559987,ztfr,2912.1902146742173,29.076068870290868,26.2154814582851,ab,862,7,
13,59195.46958329994,ztfr,1290.842680655879,44.275052952781266,25.3823125819635,ab,862,7,
14,59198.508333299775,ztfg,1225.062837191416,30.34614614925101,26.3156764469706,ab,862,7,
15,59200.41896989988,ztfg,328.2202023888674,31.873347847412305,24.9356813202672,ab,862,7,
16,59200.5139930998,ztfr,1374.9255140277605,39.44681001300292,25.606110469134,ab,862,7,
17,59201.53943290003,ztfi,1173.6797946119239,32.6285311612487,25.5837022150042,ab,862,7,
18,59203.404942099936,ztfg,976.5792822130813,62.268890009019344,26.1994022211726,ab,862,7,
19,59203.4919906999,ztfr,2088.8582840733006,45.945673209834155,26.2257432574748,ab,862,7,
20,59204.49253469985,ztfi,1079.1657652617841,23.16104696941474,25.5685628837316,ab,862,7,
