,time,band,flux,fluxerr,zp,zpsys,field,ccd,comment
0,59030.33481479995,ztfg,-30.836681319291205,64.93687774250996,26.0986535190782,ab,338,49,
1,59030.48067130009,ztfr,71.3048376602679,44.62754636132373,26.1014325354122,ab,338,49,
2,59033.33445600001,ztfr,-41.503236342367266,56.82806678804435,26.1738322163414,ab,338,49,
3,59033.48346060002,ztfg,2.346428697848016,62.90711533537816,26.2141744374947,ab,338,49,
4,59039.35112270014,ztfg,-18.945130944400372,66.09311673888743,26.247815591552,ab,338,49,
5,59042.33420140017,ztfg,-10.569848069413078,20.513086919554333,26.0875025614746,ab,338,49,
6,59042.391979199834,ztfr,5.924920508127846,26.67716559345093,26.1027742223288,ab,338,49,
7,59045.27344910009,ztfg,-15.133880138584804,20.282304180742333,26.1247625311286,ab,338,49,
8,59048.37729169987,ztfr,83.09029053892701,19.573391898393044,26.1609728025092,ab,338,49,
9,59051.37930560019,ztfr,286.642028122109,23.243072145755434,26.1340958464139,ab,338,49,
10,59054.36145830015,ztfr,597.6130819583443,25.806893495446324,26.1681122987793,ab,338,49,
11,59054.4391667,ztfg,480.04305556045404,33.788769168345695,26.1590127926943,ab,338,49,
12,59057.348819400184,ztfr,991.1334973667315,27.98177596970561,26.1433675821206,ab,338,49,
13,59057.37690970022,ztfg,848.9501983915744,21.626046466031603,26.1897725313028,ab,338,49,
14,59095.35789350001,ztfr,749.7339710300029,113.38840748018038,26.0301044592779,ab,338,49,
15,59111.146909699775,ztfg,71.91239784750346,15.549457770704995,25.8725517932745,ab,338,49,
16,59111.230104200076,ztfr,276.6862588505173,24.537784593445878,25.9755384919022,ab,338,49,
