,time,band,flux,fluxerr,zp,zpsys,field,ccd,comment
0,58362.340405100025,ztfr,-45.14270800704938,19.55562511101179,26.275604268531,ab,1688,18,
1,58363.32401619991,ztfg,10.095268129305886,28.10142319530964,26.2392457990563,ab,1688,18,
2,58364.3519444,ztfr,-0.49745379986734173,19.59452547811589,26.2077618873502,ab,1688,18,
3,58372.325972199906,ztfr,21.792184698105405,18.93507429189971,26.2905925443843,ab,1688,18,
4,58374.28744209977,ztfg,32.04619535230182,13.616154892659598,26.2825612187204,ab,1688,18,
5,58374.34501159983,ztfr,10.052854496811753,20.188329857178356,26.290175990986,ab,1688,18,
6,58379.28709489992,ztfr,11.927908288044918,21.574821936317697,26.2852879863963,ab,1688,18,
7,58380.28563660011,ztfr,77.04952043803682,17.72778492285807,26.2784665608466,ab,1688,18,
8,58382.26335649984,ztfg,249.8267887458452,27.3762368833733,26.2735208122738,ab,1688,18,
9,58383.25630789995,ztfg,390.6240882139792,39.40128414757605,26.2165159232092,ab,1688,18,
10,58384.330347199924,ztfg,457.1540263040143,58.99604242981171,26.2118152410981,ab,1688,18,
11,58385.27112270007,ztfr,619.6912706618225,46.01118020603906,26.2569861906897,ab,1688,18,
12,58386.299618099816,ztfr,813.1879922692373,46.08457472384099,26.2616155870011,ab,1688,18,
13,58387.260856499895,ztfg,1113.2209982526374,52.68304974029999,26.267884689339,ab,1688,18,
14,58388.332314800005,ztfg,1309.9919297091699,44.68214333671804,26.2554974663377,ab,1688,18,
15,58389.281990699936,ztfr,1312.0318147557334,27.487780043719305,26.2524055613041,ab,1688,18,
16,58390.37261570012,ztfg,1568.8998004819919,35.82699023255261,26.2127536976706,ab,1688,18,
17,58425.20599539997,ztfg,206.0559045539146,15.815469618828274,25.7694324759028,ab,1688,18,
18,58428.22865739977,ztfg,257.81914609945585,19.025701229585014,26.2396994227174,ab,1688,18,
19,58443.10384259978,ztfr,422.7795913109628,30.755688005364792,26.259955189814,ab,1688,18,
