,time,band,flux,fluxerr,zp,zpsys,field,ccd,comment
0,58643.17476850003,ztfg,20.58992739125558,30.77245303464153,25.9978303046717,ab,787,14,
1,58643.24709489988,ztfr,28.832582126488873,28.678314827469663,25.8613090810288,ab,787,14,
2,58646.19236110011,ztfg,-9.026185621452044,34.295111542454066,25.3455055601132,ab,787,14,
3,58646.22320599994,ztfr,-38.540414941074204,28.11536138409146,25.8697841861808,ab,787,14,
4,58649.17855319986,ztfg,-13.023343829606427,42.73307033086599,25.9443352548096,ab,787,14,
5,58649.22172449995,ztfr,35.71471577854347,38.02636144650774,25.8076369406389,ab,787,14,
6,58654.17855319986,ztfr,-2.318595194278027,27.5328934363369,25.857054645517,ab,787,14,
7,58654.23589120014,ztfg,33.83054803150187,37.82465927491793,25.8018625722946,ab,787,14,
8,58658.185914400034,ztfr,16.735107336603335,15.85621033814972,25.8476869867152,ab,787,14,
9,58658.1964699002,ztfg,2.2938655318363055,14.51617094542082,25.9019453819598,ab,787,14,
10,58662.1819329001,ztfr,36.051447538480716,26.303783426059592,25.8836057166018,ab,787,14,
11,58662.204699099995,ztfg,7.249422935893284,20.893403232785918,25.9036748320348,ab,787,14,
12,58667.20284719998,ztfg,236.87731317263982,21.36413728314954,25.8989571069132,ab,787,14,
13,58667.22133099986,ztfr,221.41616023361615,23.655546990720374,25.8358460910762,ab,787,14,
14,58670.18379630009,ztfr,313.4654178314098,38.488701719334756,25.8270596501587,ab,787,14,
15,58670.199432900175,ztfg,367.9080439655732,35.87641171426586,25.8287856611764,ab,787,14,
16,58673.18549769977,ztfg,520.9547054306753,24.786172439448958,25.8873488358908,ab,787,14,
17,58673.201273099985,ztfr,583.1267222258293,25.985404879713528,25.8365443838416,ab,787,14,
