,time,band,flux,fluxerr,zp,zpsys,field,ccd,comment
0,58505.247824099846,ztfg,1.698701206919349,111.7085113993738,26.2676406722091,ab,1746,18,
1,58507.25387729984,ztfr,8.06473346631582,23.766546806048137,26.2573402230461,ab,1746,18,
2,58508.27498839982,ztfr,13.558279843420761,35.65040271623491,26.267586111138,ab,1746,18,
3,58510.26436340017,ztfr,-62.826416232942,45.4077505437547,25.9202499805984,ab,1746,18,
4,58540.18207179988,ztfg,1193.5074475812544,18.097662632543805,26.2520085601401,ab,1746,18,
5,58540.232199099846,ztfr,1204.1544916495957,30.540177470846476,26.2892550464743,ab,1746,18,
6,58547.12038190011,ztfr,1003.5036565359121,21.415749166587858,26.2346069038685,ab,1746,18,
7,58558.2315508998,ztfr,542.2091377561286,77.4981886119637,26.2312843709927,ab,1746,18,
8,58561.22601850005,ztfg,219.4262162049899,83.74199826520504,26.2209883256194,ab,1746,18,
9,58562.21353009995,ztfg,263.5554619910004,92.59968364317767,26.211127346143,ab,1746,18,
10,58588.262500000186,ztfg,-103.82764168444547,73.60031991414898,22.8445623857524,ab,1746,18,
