,time,band,flux,fluxerr,zp,zpsys,field,ccd,comment
0,58556.339282399975,ztfg,82.20990804789908,53.37933055477079,26.1858578180304,ab,418,36,
1,58559.251377299894,ztfr,1.1498268772823483,35.42874168468611,26.190767785901,ab,418,36,
2,58559.311805599835,ztfg,-83.5347234441395,48.01923532542357,26.2009496209722,ab,418,36,
3,58567.231076399796,ztfr,84.2659866879742,17.270610688277714,26.1678089096674,ab,418,36,
4,58572.228761599865,ztfr,98.14626701194021,28.987300733309805,25.5130761583812,ab,418,36,
5,58572.25210649986,ztfg,72.12572499390708,22.352375594155298,25.4274242222547,ab,418,36,
6,58575.22974540014,ztfr,49.772268945000306,20.690145956437334,24.6356770398675,ab,418,36,
7,58575.25290510012,ztfg,151.69061777606578,14.758734173257052,25.7929930294803,ab,418,36,
8,58580.194016200025,ztfg,213.39432252418158,21.019274265428194,26.1890761034008,ab,418,36,
9,58584.187326400075,ztfr,285.8942667082186,27.17514717807648,26.1514786831744,ab,418,36,
10,58584.23077550018,ztfg,201.42204156122008,27.814152994320565,26.1360492767258,ab,418,36,
11,58587.21109949984,ztfg,196.03643090923188,34.412709819415106,26.1167727449397,ab,418,36,
12,58587.25530089997,ztfr,134.75625588457848,36.878942484099355,26.0993686406243,ab,418,36,
13,58592.138449099846,ztfg,108.6059441321336,66.22703949468966,26.1674007642247,ab,418,36,
14,58592.245763900224,ztfr,195.04910726319417,51.5520068214477,26.1714022506703,ab,418,36,
15,58596.1889698999,ztfg,87.87015260006606,21.024599013854132,26.1947941505187,ab,418,36,
16,58599.181273099966,ztfg,71.41297947412339,15.163658442436926,25.8389658389591,ab,418,36,
17,58602.21039350005,ztfg,17.649292574058762,15.64019697559155,24.9963752231996,ab,418,36,
18,58606.149108800106,ztfg,8.488146127023185,23.636524579805492,26.0956803958652,ab,418,36,
19,58606.16890050005,ztfr,108.59779983767642,23.841501289206363,26.1240380800546,ab,418,36,
20,58609.18917819997,ztfg,24.961507945887387,16.919527401246878,26.1490676882143,ab,418,36,
21,58619.156990699936,ztfr,355.3109035305375,256.02644808878694,24.4881185146375,ab,418,36,
22,58619.21094910009,ztfg,1.5360771423198933,74.82598586746253,26.0823135226874,ab,418,36,
