,time,band,flux,fluxerr,zp,zpsys,field,ccd,comment
0,58648.19004630018,ztfr,62.04850386218874,53.85422159781029,26.0754743934242,ab,424,52,
1,58651.16908559995,ztfg,-23.455555475150046,75.17391344853486,26.1675929098311,ab,424,52,
2,58651.23149310006,ztfr,63.89896217146278,45.02984621543675,26.0711761702804,ab,424,52,
3,58653.23869210016,ztfi,17.94371214336917,26.183969235188464,25.3625137159067,ab,424,52,
4,58654.17166669993,ztfr,64.70430359065084,30.928345804364785,26.0633167420436,ab,424,52,
5,58654.25231479993,ztfg,-61.68782120183237,31.077883072918883,26.0785535817654,ab,424,52,
6,58658.17452549981,ztfr,-0.8072821306973658,19.559489823381163,26.0558188177231,ab,424,52,
7,58658.190555599984,ztfg,-3.9047189706700736,12.77213278512566,26.1430835733937,ab,424,52,
8,58662.194282399956,ztfg,24.16812457418608,20.52988964169467,26.1572178128293,ab,424,52,
9,58667.19362269994,ztfg,446.94633976422693,17.683684643914937,26.15564911877,ab,424,52,
10,58667.21416669991,ztfr,465.05708972663894,20.15354563208236,26.0879870690904,ab,424,52,
11,58672.17364579998,ztfg,1875.9832846359434,38.71340918990203,26.1154529202878,ab,424,52,
12,58672.191041700076,ztfr,1625.671951476789,30.10740214108338,26.0440234501566,ab,424,52,
13,58676.17131939996,ztfg,3295.3673075815086,50.196304707030464,26.1077626053123,ab,424,52,
14,58676.19059030013,ztfr,2705.073049895291,41.29846494545198,26.0386090972214,ab,424,52,
15,58679.190347199794,ztfr,3054.2316648362835,50.28013029103802,26.0611989115159,ab,424,52,
