,time,band,flux,fluxerr,zp,zpsys,field,ccd,comment
0,58864.16780090006,ztfg,-12.820717033337722,17.908581166072754,26.0900779598074,ab,255,37,
1,58864.209919000044,ztfr,22.651401014862266,25.406034961326235,26.1797672393079,ab,255,37,
2,58871.16843750002,ztfg,10.500247090667166,52.17612277204287,26.1110167827346,ab,255,37,
3,58871.2308565001,ztfr,-137.72642933183204,52.68642695082091,26.1915513984658,ab,255,37,
4,58872.25731479982,ztfr,37.94840278621859,33.54802752838245,26.1706938675286,ab,255,37,
5,58875.167187499814,ztfg,129.23280104123452,23.77255001619161,26.0577862317497,ab,255,37,
6,58878.16721059987,ztfr,380.23840586744393,155.7923757878588,26.1980365007181,ab,255,37,
7,58878.198356499895,ztfg,61.37306565974811,101.43313305184573,26.1009872742347,ab,255,37,
8,58881.14678240009,ztfg,345.5739114156586,50.36157457563663,26.1282779590959,ab,255,37,
9,58881.25646989979,ztfr,280.2401547605889,52.47064037749044,26.1456835696849,ab,255,37,
10,58886.12592589995,ztfr,646.006032645898,69.36330047922793,26.1885991852465,ab,255,37,
11,58886.16744210012,ztfg,834.6510972410348,130.17057362174342,26.1300146469949,ab,255,37,
12,58887.14460649993,ztfr,722.2036203342432,50.40988989271058,26.2097210836062,ab,255,37,
13,58887.204710599966,ztfg,811.6695943160005,90.63110446981007,26.1028003671555,ab,255,37,
14,58892.14608799992,ztfr,723.6980132255686,28.002211608927134,26.1565010726573,ab,255,37,
15,58892.14753470011,ztfg,757.5942037496044,25.087049384032706,26.0973725951027,ab,255,37,
16,58895.10646989988,ztfr,754.2069284390852,44.2709480938022,26.1879333475626,ab,255,37,
17,58895.14612270007,ztfg,799.3309619262284,32.118587543191786,26.1090768886106,ab,255,37,
18,58900.129768500105,ztfg,408.3253261714946,31.876862900875103,25.826372784821,ab,255,37,
19,58905.14637729991,ztfg,419.1850313137543,61.03636219985269,26.0720172939332,ab,255,37,
20,58905.1710994998,ztfr,565.4873080504756,109.78915974987714,26.1451568579562,ab,255,37,
21,58913.125740699936,ztfg,155.63721508573536,58.840461998499684,25.9072245760054,ab,255,37,
22,58913.1474768999,ztfr,310.8355834206743,61.546963678607646,26.0225792052977,ab,255,37,
