,time,band,flux,fluxerr,zp,zpsys,field,ccd,comment
0,58854.57241899986,ztfr,245.10158732356922,175.612887392072,26.2580022891632,ab,682,39,
1,58876.534895800054,ztfg,779.3009634818824,21.474105379797667,26.1634941120381,ab,682,39,
2,58876.57318289997,ztfr,972.5258951702765,34.44814439636251,26.2942792581795,ab,682,39,
3,58885.46814810019,ztfg,264.9760405846908,172.78860824118794,26.0703281972215,ab,682,39,
4,58885.54401620012,ztfr,673.0440325935475,25.793763125322272,26.2883233509065,ab,682,39,
5,58888.4983333,ztfr,954.3077424824332,166.87937336092094,26.2714701630808,ab,682,39,
6,58891.47332180012,ztfg,228.43883971172076,73.27738683838807,26.146685260232,ab,682,39,
7,58894.540381900035,ztfr,487.1378920742255,33.94096369584922,26.2948019473744,ab,682,39,
8,58894.55792819988,ztfg,166.55546723161666,32.6780508339281,26.2689701641259,ab,682,39,
9,58899.5154281999,ztfr,393.09006031512,29.931166292833602,26.2803772211985,ab,682,39,
10,58904.53449069988,ztfr,281.04815416091526,32.1776006781736,26.2923563186851,ab,682,39,
11,58904.55437499983,ztfg,-15.549282935689021,57.34283755160627,26.2709295411245,ab,682,39,
12,58908.50410880009,ztfr,230.89868718584728,21.452471311057472,26.2792183174175,ab,682,39,
13,58908.54708330007,ztfg,91.47387865112157,19.717774673641223,26.2735639536453,ab,682,39,
14,58911.505601900164,ztfr,210.61523787757508,39.63049218109455,26.2703292793462,ab,682,39,
15,58911.53506939998,ztfg,72.04255338397553,31.89452906374974,26.2593478444731,ab,682,39,
16,58914.49170139991,ztfg,40.80235793402268,21.693063500866067,25.4113963252625,ab,682,39,
17,58914.523333299905,ztfr,218.6885549366559,15.425824418355349,26.2881496211761,ab,682,39,
18,58917.40393520007,ztfg,100.62473737548837,199.2267853128232,24.0257733066863,ab,682,39,
