,time,band,flux,fluxerr,zp,zpsys,field,ccd,comment
0,58999.46156249987,ztfr,554.1575123652219,52.054740533445596,25.5616899672236,ab,552,61,
1,58999.46591439983,ztfr,756.4206573927182,53.79306147381349,25.9221012563585,ab,552,61,
2,58999.4707986,ztfr,500.74717936257366,50.06158309724824,25.6660349495008,ab,552,61,
3,58999.47569439979,ztfr,185.95637138835946,64.71303377121639,24.6701537016083,ab,552,61,
4,59001.460543999914,ztfr,456.88128755713734,26.65779529500479,25.4178661332308,ab,552,61,
5,59001.4650347,ztfr,453.9954917306281,26.58810530943297,25.5191117724698,ab,552,61,
6,59001.46994209988,ztfr,548.7373620595587,25.68441493197448,25.7041214765448,ab,552,61,
7,59001.47484950023,ztfr,483.27030489780094,32.77716099618853,25.4694143009775,ab,552,61,
