,time,band,flux,fluxerr,zp,zpsys,field,ccd,comment
0,58580.36743059987,ztfr,-6.56965550090117,21.15015553367945,26.1607089244168,ab,1797,16,
1,58589.244606500026,ztfr,32.502959897214176,63.44189402204576,25.9533653611412,ab,1797,16,
2,58593.30495369993,ztfr,-47.099040065949275,42.843962033301146,26.166704018297,ab,1797,16,
3,58602.30047449982,ztfr,474.40962929374103,19.339570734129865,26.1371398694004,ab,1797,16,
4,58606.281990699936,ztfr,870.7035393181852,21.047159985577043,26.1005671903622,ab,1797,16,
5,58617.286597200204,ztfr,1069.776098807528,23.34309592765272,26.1129648837838,ab,1797,16,
6,58618.22001159983,ztfr,1076.7850130005086,28.218978148010255,26.1280725041856,ab,1797,16,
7,58633.33016199991,ztfr,631.3008914316008,15.106494423346716,26.1316515478641,ab,1797,16,
8,58633.330601899885,ztfr,545.962752580438,14.65294673690097,26.1179976270991,ab,1797,16,
9,58634.32187499991,ztfr,568.3509145975383,14.130300759285435,26.109164233766,ab,1797,16,
10,58634.32232639985,ztfr,603.4735123812648,14.204466080434209,26.1165884880913,ab,1797,16,
11,58646.265150499996,ztfr,405.9119114080001,21.427136467712415,26.1012688112572,ab,1797,16,
12,58646.26560189994,ztfr,374.6907302056352,20.949723540815487,26.1123135917565,ab,1797,16,
13,58651.30989579996,ztfr,217.44135598200106,36.973928753743365,26.14836252984,ab,1797,16,
14,58651.310347199906,ztfr,281.9724926963574,34.903213220759746,26.1435406844596,ab,1797,16,
15,58655.353205999825,ztfr,216.75930250224533,37.851189527551746,26.1474177730766,ab,1797,16,
16,58655.35365739977,ztfr,182.6804400295205,32.014957374150036,26.1493921085722,ab,1797,16,
