,time,band,flux,fluxerr,zp,zpsys,field,ccd,comment
0,58776.510289399885,ztfr,1458.9046635519458,40.0396840031465,26.08944158248,ab,861,45,
1,58779.51392359985,ztfg,489.12469213872964,21.68193908097131,26.1241647505208,ab,861,45,
2,58785.4947453998,ztfr,889.2282339829426,32.95587959935545,26.0713485892809,ab,861,45,
3,58789.51229170011,ztfg,274.1143242609066,16.678563674176427,26.135115246822,ab,861,45,
4,58792.48472219985,ztfr,636.671590651463,24.164646720663118,26.0636967499992,ab,861,45,
5,58792.5296180998,ztfg,254.51749372852683,18.347498892862927,26.125795560808,ab,861,45,
6,58799.473796300124,ztfr,487.54426433538555,39.97577333923138,26.1328096008712,ab,861,45,
7,58804.47603010014,ztfg,13.70434797526545,136.1487340082012,26.1315307259177,ab,861,45,
8,58804.52886570012,ztfr,480.729484573464,64.9911879858794,26.110510541841,ab,861,45,
