,time,band,flux,fluxerr,zp,zpsys,field,ccd,comment
0,58944.15055559995,ztfr,21.005543342635466,57.07703951333516,26.2085786081604,ab,565,17,
1,58955.19686339982,ztfr,506.8246926932427,23.40370837439541,26.1864146518884,ab,565,17,
2,58964.166828699876,ztfg,1842.7304662883853,23.656980081042413,26.1020822638496,ab,565,17,
3,58964.22208329989,ztfr,1539.9588368339143,31.658939920761778,26.0877721321085,ab,565,17,
4,58970.21394680021,ztfg,1904.9764178458593,82.44178912864015,26.0235304531414,ab,565,17,
5,58973.16155089997,ztfr,1855.1307424113256,43.74855871126288,26.2048471691056,ab,565,17,
6,58973.19495370006,ztfg,1728.5683934741103,59.93403966592346,26.0562599944461,ab,565,17,
