,time,band,flux,fluxerr,zp,zpsys,field,ccd,comment
0,58214.19734949991,ztfr,-59.92931585353405,48.06021394451452,22.8418869996297,ab,521,47,
1,58214.21881939983,ztfr,-34.089147162206366,38.185807136480854,23.8621702063173,ab,521,47,
2,58217.2021643999,ztfr,42.02629857450587,17.784703555006192,25.9527953730999,ab,521,47,
3,58217.2175925998,ztfr,26.296401255145774,17.115432831586496,26.1481351531132,ab,521,47,
4,58221.20487269992,ztfr,195.25668889696829,53.91928009760366,25.9295476436909,ab,521,47,
5,58221.22515049996,ztfr,213.49666787507817,46.28424954210695,25.9112664190189,ab,521,47,
6,58224.180405099876,ztfr,456.85040852047524,23.389186939143507,25.9559609620122,ab,521,47,
7,58229.16560189985,ztfg,1759.4653692245433,34.09014699829752,26.3341360331758,ab,521,47,
8,58229.18958330015,ztfr,1241.340857018663,26.72351463061677,26.2675749775812,ab,521,47,
9,58235.169953700155,ztfg,2022.630069950223,57.351022456724905,26.3244700291075,ab,521,47,
10,58235.20800929982,ztfg,2008.8137438322399,59.50282179762507,26.2811566362691,ab,521,47,
11,58238.14825229999,ztfg,1997.772016331891,64.68026188338038,26.30162046223,ab,521,47,
12,58245.15225689998,ztfr,1116.8620975917202,26.1976739874351,26.1146573770739,ab,521,47,
13,58245.228483799845,ztfg,253.63488139687797,24.12959781771925,24.5698725061733,ab,521,47,
14,58248.161006900016,ztfr,1076.1620246825569,23.201132344632455,26.2544027257931,ab,521,47,
15,58248.17195599992,ztfg,1082.055464891255,19.029171220753643,26.3022748372387,ab,521,47,
16,58257.18871530006,ztfi,305.5589790900344,21.36998024436017,25.6765544430486,ab,521,47,
17,58257.22945600003,ztfr,718.0536128522172,24.989377978358945,26.1217983680306,ab,521,47,
18,58262.18631940009,ztfr,1435.713372309652,99.17986159789348,26.9858101900566,ab,521,47,
19,58263.208715300076,ztfr,1856.2085398187176,109.16351862858336,27.4075554753553,ab,521,47,
20,58266.23182869982,ztfr,683.3023787666683,50.434278420999455,26.1443382989626,ab,521,47,
21,58269.234895799775,ztfg,232.44068224474046,71.56119650371305,26.1508129444562,ab,521,47,
22,58272.165439799894,ztfr,469.5789857308328,43.29922206184306,26.2075317686668,ab,521,47,
23,58279.18961809995,ztfg,79.25419264931537,24.69581940933596,26.1890900851054,ab,521,47,
