,time,band,flux,fluxerr,zp,zpsys,field,ccd,comment
0,58740.51021989994,ztfr,686.8621217001077,35.22776499862461,26.0023060971459,ab,1868,15,
1,58740.51067129988,ztfr,764.6623306137518,32.33272784868865,26.008445613617,ab,1868,15,
2,58748.457615700085,ztfr,609.796468161624,24.326421848781255,25.9953344653381,ab,1868,15,
3,58748.45806710003,ztfr,568.3638661714972,24.95932319681681,25.9982606457551,ab,1868,15,
4,58749.49453700008,ztfg,231.68611453566703,21.866900112968256,26.108650532147,ab,1868,15,
5,58749.49498840002,ztfg,190.6451759079256,19.097617937479782,26.1091420978637,ab,1868,15,
6,58758.4910995001,ztfg,129.89666062552536,16.028593203503373,26.146211503043,ab,1868,15,
7,58758.49155090004,ztfg,128.96415680902678,15.333866337603446,26.1344321169802,ab,1868,15,
8,58767.444571800064,ztfg,72.73257933354364,41.3267580289924,26.0934139663663,ab,1868,15,
9,58767.44502309989,ztfg,34.90162003529579,39.835680592964486,26.083211103121,ab,1868,15,
10,58768.415856500156,ztfg,52.83452123334027,35.32240411533534,26.0715148413597,ab,1868,15,
11,58768.4163079001,ztfg,54.696287293010734,35.491415264976126,26.0767262990285,ab,1868,15,
12,58770.3744907002,ztfr,213.9479140344809,52.20173868832198,25.9843973907287,ab,1868,15,
13,58770.37494210014,ztfr,159.41647503739026,51.08564094728468,25.9806364804425,ab,1868,15,
14,58771.42932870006,ztfr,288.50801346436305,48.1617403875468,26.0157028581974,ab,1868,15,
15,58771.42978010001,ztfr,256.7150948193415,53.458160140322626,26.0106216104162,ab,1868,15,
16,58773.36216440005,ztfr,218.52633094452878,36.64063499621058,25.9838313728882,ab,1868,15,
17,58773.36261569988,ztfr,200.8020614913545,31.29188304863919,25.9775164355658,ab,1868,15,
