,time,band,flux,fluxerr,zp,zpsys,field,ccd,comment
0,58768.1891667,ztfr,70.25422827330891,124.6532657088464,26.0566841628002,ab,292,58,
1,58769.295856500044,ztfi,45.06258281844032,59.39211414328427,25.4417469729811,ab,292,58,
2,58771.1883911998,ztfg,99.0485883036987,102.57181164559586,26.0449950763085,ab,292,58,
3,58774.18928240007,ztfr,-14.063107671778456,48.53925429856479,26.0526577609521,ab,292,58,
4,58777.208483799826,ztfr,86.14849322054913,42.94929732332445,26.0698151680976,ab,292,58,
5,58781.230833299924,ztfr,123.47694155380225,83.74381752452766,26.0548068974528,ab,292,58,
6,58787.18062500004,ztfr,-2.2386869959194184,83.90967817557119,26.0869062331713,ab,292,58,
7,58790.1677778,ztfr,170.0073135896189,44.99263024656327,26.0943148771804,ab,292,58,
8,58790.255381899886,ztfg,78.94318664322306,55.2153540345098,26.0398686469003,ab,292,58,
9,58797.10506939981,ztfr,803.8463775861023,55.252793054301094,26.0691268585353,ab,292,58,
10,58804.190219900105,ztfg,1123.1073619317742,57.44466611231925,26.0723692434603,ab,292,58,
11,58804.20995370019,ztfr,1134.578472771593,73.00694305357963,26.0281025913525,ab,292,58,
12,58812.144814800005,ztfg,743.5391052403036,46.68904259384078,26.0627049191677,ab,292,58,
13,58812.173669000156,ztfr,758.6345595716232,40.11248029540997,26.042493179675,ab,292,58,
14,58831.069340299815,ztfr,497.41233158639955,105.43487037591173,26.2318519390653,ab,292,58,
15,58831.12556710001,ztfg,143.38877935204687,88.49069160191388,26.2534821035357,ab,292,58,
16,58837.085486100055,ztfr,198.92149401458326,53.868369487195,26.2091911241892,ab,292,58,
17,58837.1224769,ztfg,44.737424093486084,43.50148918814478,26.1802179673278,ab,292,58,
