,time,band,flux,fluxerr,zp,zpsys,field,ccd,comment
0,58618.293032399844,ztfr,-24.37082483683469,152.20195145166775,24.9534755627421,ab,470,3,
1,58634.16934029991,ztfr,836.9446370993292,19.49347347002486,25.8529532218232,ab,470,3,
2,58634.19302080013,ztfg,816.6412441289128,16.952405802481266,25.8898077934845,ab,470,3,
3,58637.17998840008,ztfr,1771.1726086018598,22.25086318021508,25.8555037852848,ab,470,3,
4,58637.21679400001,ztfg,1766.1353509270762,23.273793530148176,25.8259484784141,ab,470,3,
5,58640.17108799983,ztfg,3137.444418201149,36.75941240921445,25.8908852712255,ab,470,3,
6,58640.21968750004,ztfr,2704.7668009536023,31.14619530205922,25.8092768814598,ab,470,3,
7,58646.1709838002,ztfg,912.936158829926,79.33431822214328,24.2729146474383,ab,470,3,
8,58646.212534700055,ztfr,3478.4628028940692,55.71394891833784,25.8419820953099,ab,470,3,
9,58649.17328700004,ztfg,3758.95254724375,57.31811139615937,25.8626410903398,ab,470,3,
10,58649.215694400016,ztfr,3264.0607682072414,61.05174490236817,25.7603682798127,ab,470,3,
