,time,band,flux,fluxerr,zp,zpsys,field,ccd,comment
0,58449.51962959999,ztfr,760.9168382056453,40.59410973300358,26.1007613432544,ab,1671,49,
1,58449.52008099994,ztfr,662.2336225135057,55.71717794735841,26.1222471896506,ab,1716,10,
2,58476.47459489992,ztfr,452.09584517823436,29.27153429864202,26.1214074406964,ab,1671,49,
3,58476.47827549977,ztfr,505.8695060491133,31.037288145369608,26.1593107258372,ab,1716,10,
4,58481.49646990001,ztfr,469.1304788673021,26.298919880155953,26.1297589980517,ab,1716,10,
5,58481.49791669985,ztfr,395.806208233781,27.51927314664725,26.1340284578144,ab,1671,49,
6,58482.53620370012,ztfg,203.0504604581573,22.24242663883835,26.2828281001245,ab,1716,10,
7,58493.494618100114,ztfr,238.7379864201734,12.919592320955534,26.1330187886524,ab,1671,49,
8,58493.49831019994,ztfr,281.488624121068,13.73094793244346,26.2001078995338,ab,1716,10,
9,58503.478205999825,ztfr,79.29737578234894,50.52056158880169,25.7717920028021,ab,1671,49,
10,58503.49817130016,ztfr,11.359307749720259,76.87090481256749,25.3405847986387,ab,1716,10,
11,58507.48287039995,ztfg,69.04315603361579,56.66081643872143,26.2684534928723,ab,1671,49,
12,58507.49254629994,ztfg,33.8608303973578,72.7642125438464,26.3008598537303,ab,1716,10,
13,58509.4788079001,ztfr,177.75372741519251,37.54719640460171,26.1642210478876,ab,1716,10,
