,time,band,flux,fluxerr,zp,zpsys,field,ccd,comment
0,58487.48138889996,ztfg,27.13453271628666,13.397704332769331,26.1850009841733,ab,368,27,
1,58487.52375000017,ztfr,30.880898338468135,17.911636238094708,26.2002631626091,ab,368,27,
2,58491.478379600216,ztfg,4.701141741234773,30.86151285996084,25.4309680402574,ab,368,27,
3,58494.47997689992,ztfg,4.349142179381786,12.741114052180562,26.1704435191354,ab,368,27,
4,58502.43927079998,ztfg,56.90685241875952,91.75134651377375,26.1939561271888,ab,368,27,
5,58502.50196760008,ztfr,-12.683818343859611,80.74213914678089,26.0651756389251,ab,368,27,
6,58505.52012730017,ztfr,150.15593271595753,201.62560621803254,26.198772911226,ab,368,27,
7,58508.460486100055,ztfr,268.88682231146004,80.87617384653169,26.216321547964,ab,368,27,
8,58511.399432899896,ztfr,171.07500540697666,27.583324449507074,26.2123832554171,ab,368,27,
9,58514.40134260012,ztfr,53.71266558784847,23.155947257161714,24.3912532392234,ab,368,27,
10,58523.419664400164,ztfg,-0.6645584433398746,27.801005997161948,22.3257408230626,ab,368,27,
11,58526.39589119982,ztfr,262.2327584382422,47.764047837372665,25.4747543905086,ab,368,27,
12,58526.41725690011,ztfg,323.85070026419703,32.20714812315126,25.3549093783633,ab,368,27,
13,58538.29384260019,ztfg,72.24655268580645,30.790181624766586,24.6904975635246,ab,368,27,
14,58538.355810199864,ztfr,311.9430133359632,47.80306224615983,25.6073686777203,ab,368,27,
15,58543.26498840004,ztfr,165.67399814907085,24.58744457609227,25.285119569702,ab,368,27,
16,58543.276736100204,ztfg,51.42933379209936,19.167598103964583,24.8578439207536,ab,368,27,
17,58547.315069399774,ztfg,134.61031165747144,18.27504502174243,26.1506027911977,ab,368,27,
18,58556.27288189996,ztfr,179.7289354586525,51.394366377641724,26.1483360219804,ab,368,27,
19,58556.33792820014,ztfg,82.5630700293024,64.17541661439584,26.1442483589917,ab,368,27,
20,58559.23060189979,ztfr,214.59116804279952,36.87437882812337,26.1332518552268,ab,368,27,
21,58568.213715299964,ztfg,-12.10849390209816,18.824748150190835,25.9857471195086,ab,368,27,
22,58568.276157400105,ztfr,112.25429610546746,18.05005834166791,26.1378438172291,ab,368,27,
23,58573.25415509986,ztfr,66.85904254806206,27.34046979073024,26.1190062056132,ab,368,27,
24,58581.228761599865,ztfg,40.94236335376304,13.099850545445419,26.1149431987643,ab,368,27,
25,58581.25156249991,ztfr,104.20560879666218,17.435240692975935,26.1585558463135,ab,368,27,
