,time,band,flux,fluxerr,zp,zpsys,field,ccd,comment
0,58791.53363429988,ztfr,9143.242879748497,50.508382323575425,26.0494120535847,ab,577,34,
1,58791.53842590004,ztfr,9273.374653769917,52.92436126105149,26.0705624143839,ab,577,34,
2,58791.543229199946,ztfr,9346.992754485558,58.645100888478225,26.0753854386311,ab,577,34,
3,58791.54807869997,ztfr,9483.171216221317,74.65268655127443,26.0869561179884,ab,577,34,
4,58793.534791700076,ztfr,8135.743710353658,67.68099155671328,26.0317869169433,ab,577,34,
5,58793.539583299775,ztfr,8010.907703563057,65.9236329234359,26.0397738542918,ab,577,34,
6,58793.544386600144,ztfr,8277.79287302141,58.88214053638527,26.0583839224824,ab,577,34,
7,58793.54917819984,ztfr,8682.77004612932,76.59568886602892,26.0926448740113,ab,577,34,
8,58795.5349653,ztfr,7395.104733316228,62.29975969177723,26.0719734045282,ab,577,34,
9,58795.53998839995,ztfr,7564.079484152126,56.002243261842786,26.089483830447,ab,577,34,
10,58795.545023099985,ztfr,7789.2714661765995,61.808031867575245,26.102442917635,ab,577,34,
11,58795.55006940011,ztfr,7685.899164966964,67.6387375579944,26.1102428925299,ab,577,34,
12,58797.53792819986,ztfr,6694.862720025326,44.21042242538213,26.0745822242208,ab,577,34,
13,58797.542963000014,ztfr,7002.5927800889085,54.14929531546481,26.1187623007004,ab,577,34,
14,58797.54800930014,ztfr,6804.333994819944,46.38928089997056,26.081751439365,ab,577,34,
15,58797.5530555998,ztfr,7071.101535345071,51.84002327425654,26.127003247243,ab,577,34,
16,58799.540416699834,ztfr,6230.145374892689,63.887556544203655,26.1423308027221,ab,577,34,
17,58799.54538189992,ztfr,6211.895198582803,56.79492780807744,26.110699485505,ab,577,34,
18,58799.55034720013,ztfr,6401.277470827095,59.790098564605366,26.1434755948987,ab,577,34,
19,58799.55532409996,ztfr,6582.96662530553,86.90068244743932,26.1541475107808,ab,577,34,
20,58800.532048599795,ztfr,5904.6007353650775,58.4253202136639,26.1315835837309,ab,577,34,
21,58804.51371529978,ztfg,1635.4337081640783,92.58117028147929,25.9553442930684,ab,577,34,
