,time,band,flux,fluxerr,zp,zpsys,field,ccd,comment
0,58800.255659699906,ztfr,-5.803288512416174,49.233540658695695,25.94807768443,ab,343,56,
1,58803.20856480021,ztfg,11.956972897829448,46.403524328692,25.8938024265795,ab,343,56,
2,58803.23407409992,ztfr,0.2122858425913609,43.72805567708063,25.9293254291343,ab,343,56,
3,58806.174930599984,ztfg,-11.678668665954161,20.815125346854952,25.9133725871247,ab,343,56,
4,58812.14027780015,ztfg,-2.480267619904638,24.123952543533825,26.1035168859714,ab,343,56,
5,58812.1741204001,ztfr,-35.93411857739704,29.767007843111642,26.0417336693697,ab,343,56,
6,58830.10591439996,ztfg,1092.1481601930254,105.64680580597826,26.3152513396674,ab,343,56,
7,58835.07408560021,ztfr,1297.7143044708316,190.34450242227626,26.1236222447118,ab,343,56,
8,58838.106319400016,ztfg,1105.1703149548023,52.12387596969177,26.1023167034325,ab,343,56,
9,58851.0770717999,ztfr,234.347443125394,128.9699536417406,25.1323450058404,ab,343,56,
10,58851.106921299826,ztfg,331.44800657067975,85.03289644962837,25.1491734032993,ab,343,56,
11,58854.107511600014,ztfr,840.2870220206505,162.8272339618682,26.1547629043799,ab,343,56,
12,58861.08329859981,ztfr,495.12662119261785,170.13759931494104,26.1329127356198,ab,343,56,
13,58861.08623840008,ztfg,67.86477971374535,121.14015898287404,26.1743877940784,ab,343,56,
14,58864.08787039993,ztfr,448.1165250607694,39.453207519726895,26.1318613642103,ab,343,56,
15,58864.09276620019,ztfr,351.1887511866859,36.62499295213558,26.1172680929295,ab,343,56,
16,58864.097650500014,ztfr,481.2900804522157,37.38492657575651,26.120702388072,ab,343,56,
17,58864.102534700185,ztfr,451.45086387499384,36.52921385265343,26.1143601745114,ab,343,56,
