,time,band,flux,fluxerr,zp,zpsys,field,ccd,comment
0,58214.34800929995,ztfr,476.33464443859987,67.05047267619473,25.4431942877535,ab,424,5,
1,58217.31814809982,ztfr,1231.8858182836575,27.3287937014804,25.8604508545981,ab,424,5,
2,58217.34722220013,ztfr,1176.0202312437439,24.46371638095349,25.8100639980403,ab,424,5,
3,58218.32531249989,ztfr,1768.787653148154,26.957614167390375,26.1540814989496,ab,424,5,
4,58219.314930600114,ztfr,1361.9722720280831,45.098638618211226,25.7411596740439,ab,424,5,
5,58224.30327549996,ztfr,1647.397567419084,39.221796946013164,25.6926167852273,ab,424,5,
6,58224.32356479997,ztfr,1496.0327974962152,41.155074828913634,25.6761074160698,ab,424,5,
7,58230.25165509991,ztfr,2515.2579725469213,28.506246588795907,26.2061259863955,ab,424,5,
8,58230.311828699894,ztfg,3286.4731759150395,29.45536291044322,26.2782363820839,ab,424,5,
9,58231.25866900012,ztfr,2445.5667748523806,29.21314966840152,26.2111961806253,ab,424,5,
10,58233.20706020016,ztfr,2140.432859653294,39.15170121367102,26.1990635369272,ab,424,5,
11,58243.23039350007,ztfg,1191.32251793677,23.815163661283766,26.2581843685359,ab,424,5,
12,58243.27321759984,ztfr,1437.4854895729763,23.898319003194494,26.2287747640985,ab,424,5,
13,58246.231099499855,ztfr,1303.839762190976,34.44272887025495,26.2208504365964,ab,424,5,
14,58246.295567099936,ztfg,890.704741007758,20.636067330790297,26.2414263622223,ab,424,5,
15,58249.25339120021,ztfr,1260.4799574318372,60.116667277346885,26.1842774819807,ab,424,5,
16,58256.24106479995,ztfr,1021.4999078239274,33.597675629953955,26.2093177510255,ab,424,5,
17,58256.27569440007,ztfr,1007.4224801046037,28.01344460606982,26.2195722450313,ab,424,5,
18,58267.1644444,ztfg,122.43660536759387,71.41724268061881,26.2771686667892,ab,424,5,
19,58270.16629630001,ztfr,576.9093615512783,54.538415341506756,26.2237997213112,ab,424,5,
20,58270.25156249991,ztfg,220.75698535717314,39.675510084274,26.1706187220394,ab,424,5,
21,58273.23836810002,ztfg,220.27162178673962,17.338585765243327,26.2607999633566,ab,424,5,
22,58276.1956944,ztfr,396.0971293243285,17.417201697884188,26.2300794195168,ab,424,5,
23,58276.23503470002,ztfg,224.72118284513851,14.905418228797181,26.2633109840847,ab,424,5,
