,time,band,flux,fluxerr,zp,zpsys,field,ccd,comment
0,59092.48781249998,ztfg,4509.488026841066,35.10297529498139,26.1543218628954,ab,1818,24,
1,59092.488286999986,ztfg,4541.177294874525,34.71839210945191,26.160470407097,ab,1818,24,
2,59121.40854169987,ztfg,1092.4532182189366,39.92979361939034,26.1377064983391,ab,1818,24,
3,59121.41228009993,ztfg,1023.4137065170571,40.24198869123363,26.1466695185533,ab,1818,24,
4,59134.53907410009,ztfg,532.1982301018481,46.945788812270024,26.313300384289,ab,1818,24,
5,59136.37056710012,ztfg,479.5565411491841,17.76071277863842,26.2156062355691,ab,1818,24,
6,59136.37104169978,ztfg,516.9779665929955,17.597409007419312,26.212705070061,ab,1818,24,
