,time,band,flux,fluxerr,zp,zpsys,field,ccd,comment
0,58210.28241899982,ztfg,1014.3890708147916,138.81618555939954,25.6883244583832,ab,320,50,
1,58210.30758100003,ztfg,1666.1958639028971,159.0491180490968,26.0158922260446,ab,320,50,
2,58216.23815969983,ztfr,1441.1485774866144,42.49302715565885,26.10428134121,ab,320,50,
3,58216.26343750022,ztfg,1686.8051699621878,37.196949203441086,26.1284398509306,ab,320,50,
4,58219.244965299964,ztfr,920.9216435674715,45.408747128988956,25.8056051798582,ab,320,50,
5,58219.26149309985,ztfr,1400.989186015824,34.27382545503383,26.1412656794069,ab,320,50,
6,58229.2585880002,ztfg,734.1817622192614,38.4969432365698,26.2532252087253,ab,320,50,
7,58233.18863430014,ztfr,778.4500554871076,45.248637638622725,26.1707554143123,ab,320,50,
8,58233.23028940009,ztfg,560.7210334626453,43.395286771164386,26.234890695012,ab,320,50,
9,58237.1681597,ztfg,460.0334708525314,189.42931667465578,26.1901282649703,ab,320,50,
10,58237.23015049985,ztfg,473.9064870454723,182.15641259539314,26.2375078825539,ab,320,50,
11,58244.20921299979,ztfg,249.09305528168545,25.84925446011785,26.16747310761,ab,320,50,
12,58247.19064809987,ztfg,198.9945235326266,18.02700830193457,26.2484806697736,ab,320,50,
13,58247.25171299977,ztfr,500.0862493606569,20.71017550730907,26.1682761254799,ab,320,50,
14,58250.19292820012,ztfg,173.22517870359493,34.810307016241154,26.2388507118142,ab,320,50,
15,58250.21118059987,ztfr,297.6116363405241,70.1939166740735,26.194919045032,ab,320,50,
16,58259.18589119986,ztfg,-6.802661506867274,37.18895109735966,23.3028846345817,ab,320,50,
17,58259.232731500175,ztfr,56.40342925830557,50.80580024519653,22.381893760096,ab,320,50,
