,time,band,flux,fluxerr,zp,zpsys,field,ccd,comment
0,58912.148287000135,ztfg,-54.82804670464108,53.69415998324274,26.2822426419895,ab,412,23,
1,58912.18892360013,ztfr,-69.6941447643898,43.52932374871328,26.3143798113729,ab,412,23,
2,58915.147187499795,ztfr,30.87667684132051,52.26169687894857,26.312883777533,ab,412,23,
3,58915.190347199794,ztfg,46.33982780976893,74.89650132665929,26.2935788377985,ab,412,23,
4,58941.129236099776,ztfg,1487.79134129923,59.568930999474425,26.2850715880819,ab,412,23,
5,58941.19481479982,ztfr,1463.312057801772,80.07947555661806,26.2860969422118,ab,412,23,
6,58956.16921300022,ztfr,1236.2365533010059,30.195487933167282,26.260296713807,ab,412,23,
7,58956.19185189996,ztfg,1006.8433396855455,27.967859643461576,26.1726459138844,ab,412,23,
8,58967.16685190005,ztfr,794.3184549946799,32.35875958130946,26.2400294728856,ab,412,23,
9,58967.20446760021,ztfg,348.1033819275136,41.777528300514,26.0028248433412,ab,412,23,
