,time,band,flux,fluxerr,zp,zpsys,field,ccd,comment
0,58761.5181828998,ztfr,1717.0131432998362,34.55605425668215,26.0133879991706,ab,669,58,
1,58761.52309030015,ztfr,1611.2985153922505,35.452498027519894,26.0184791261069,ab,669,58,
2,58761.52799770003,ztfr,1715.4159867961328,46.8911881061321,26.0414951093382,ab,669,58,
3,58761.5329167,ztfr,1830.2309283040051,67.00246749870125,26.0766499791036,ab,669,58,
4,58763.5206133998,ztfr,1472.3175624996256,26.649770758952844,26.0030912744083,ab,669,58,
5,58763.52546299994,ztfr,1497.124552882459,27.987904660079895,26.0177345640607,ab,669,58,
6,58763.53032410005,ztfr,1460.5625618709314,39.975422597369466,26.0420293008346,ab,669,58,
7,58763.535196799785,ztfr,1588.4220123266114,68.17608743347539,26.0519845310928,ab,669,58,
8,58765.505995399784,ztfg,1255.1520541022949,23.681404999458394,25.9959185452296,ab,669,58,
9,58765.52368059987,ztfr,1344.4482269836667,34.79649124227746,26.0343587450302,ab,669,58,
10,58765.52859950019,ztfr,1421.9112239182984,33.65575963703159,26.0483297874128,ab,669,58,
11,58765.53354169987,ztfr,1280.6455448171002,45.320971093619434,26.0375693203509,ab,669,58,
12,58771.51020829985,ztfr,1092.3521158625254,91.96902422161035,26.113990535867,ab,1711,22,
13,58771.510659699794,ztfr,1052.419063490638,84.85101800231371,26.1143030930903,ab,1711,22,
14,58776.51388890017,ztfr,1078.0635588658904,44.0757674650733,26.0687669133909,ab,669,58,
15,58776.53901620023,ztfg,460.4287075209242,82.59720610270831,26.1828280175266,ab,669,58,
16,58779.50929399999,ztfg,446.3042915083583,27.668419936495134,26.1428655720359,ab,669,58,
17,58785.5143519002,ztfr,699.1332907471738,23.94153809866833,26.1023861257913,ab,669,58,
18,58789.508217600174,ztfg,224.43507545167034,15.15314099920087,26.1704600833395,ab,669,58,
19,58789.52864579996,ztfr,558.8850863198659,23.316363327254287,26.1160670345509,ab,669,58,
20,58792.50885420013,ztfr,477.921216888335,23.345145214090472,26.1033590714803,ab,669,58,
21,58792.535520799924,ztfg,223.8764260038079,15.168283113497589,26.2086719513205,ab,669,58,
22,58798.54049770022,ztfr,378.75737666438124,34.29450520158051,26.1344015263785,ab,669,58,
23,58802.554016199894,ztfg,214.75804321197174,37.10650386029848,26.2591271513918,ab,669,58,
24,58805.505034700036,ztfg,69.61927367321509,42.31585506195704,26.0764052950786,ab,669,58,
