,time,band,flux,fluxerr,zp,zpsys,field,ccd,comment
0,58210.19796299981,ztfg,30.449310970876702,32.89406792156756,25.9302189729478,ab,518,37,
1,58210.213634300046,ztfg,-32.058413207230025,36.76268257266969,25.6609429966786,ab,518,37,
2,58214.18112270022,ztfr,-23.016373509029766,37.29450661669223,24.2065320171153,ab,518,37,
3,58214.19269679999,ztfr,-0.9372483252157758,36.856471551359036,25.0636976009556,ab,518,37,
4,58217.17973379977,ztfr,34.68906688211449,26.86225655125379,25.6596138365446,ab,518,37,
5,58217.19696759991,ztfr,32.370810038442585,22.08187389004381,25.9262389817313,ab,518,37,
6,58223.16409720015,ztfr,81.9275526282941,17.78248081351819,26.2056406912972,ab,518,37,
7,58223.181284700055,ztfr,95.99260136593122,16.66108081479931,26.2011108726188,ab,518,37,
8,58227.16244209977,ztfr,161.95765447559916,27.137523940312043,26.2000529880841,ab,518,37,
9,58227.16984950006,ztfg,183.49991153077204,18.897129760691733,26.216296217451,ab,518,37,
10,58233.22866899986,ztfg,316.3795726423091,49.53255382429304,26.1762848705426,ab,518,37,
11,58236.15108799981,ztfg,176.55983067503365,42.484428385122285,26.2061880291692,ab,518,37,
12,58243.15165509982,ztfr,208.65467141914198,27.219835366500728,26.1941672022751,ab,518,37,
13,58243.19356480008,ztfg,151.44333310656185,26.289058734342646,26.1534654278978,ab,518,37,
14,58249.17163190013,ztfg,82.75455609468689,26.948754995149113,24.2113127407023,ab,518,37,
15,58262.16984950006,ztfr,152.0694492093114,127.6961026189984,27.0914833251113,ab,518,37,
16,58263.18581019994,ztfr,249.15858447950183,106.0883639107534,27.3491354855104,ab,518,37,
