,time,band,flux,fluxerr,zp,zpsys,field,ccd,comment
0,58873.396562499925,ztfg,-70.67793215739844,21.82491999367412,26.0314132716654,ab,267,17,
1,58873.50281250011,ztfr,5.4406768852980605,42.983188780322536,26.0169800218976,ab,267,17,
2,58895.42075229995,ztfr,38777.528097711525,90.67512256191159,26.1571628851855,ab,267,17,
3,58900.33423609985,ztfg,8942.05433408459,55.01359879327694,24.9247615021011,ab,267,17,
4,58900.39821759984,ztfr,28023.319287564707,73.46019048131231,26.1274030842795,ab,267,17,
5,58941.24622689979,ztfg,2016.3830161037693,71.92711716785102,26.0650234332518,ab,267,17,
