,time,band,flux,fluxerr,zp,zpsys,field,ccd,comment
0,58387.529432899784,ztfg,23.160954135770265,133.38194696476464,26.1900598824746,ab,465,8,
1,58390.49787040008,ztfg,131.03842106491123,59.52848239500807,26.0917845756581,ab,465,8,
2,58390.531932900194,ztfr,129.0375311395586,112.35024430001108,26.1830614018034,ab,465,8,
3,58424.52116899984,ztfg,139.08561736568493,21.039442306794907,26.3129139515014,ab,465,8,
4,58427.46232639998,ztfr,275.11810408407564,30.215167110949825,25.9956305705409,ab,465,8,
5,58427.50553240022,ztfg,73.89833132391024,19.672401021317395,26.2844915722447,ab,465,8,
6,58430.46297449991,ztfr,261.6798595947215,19.66323714116909,26.2021233205539,ab,465,8,
7,58430.50510419998,ztfg,76.82841617829129,15.5698530146161,26.3219774571746,ab,465,8,
8,58430.55085649993,ztfg,66.27277389306195,30.643612938230586,26.3241814000887,ab,465,8,
9,58434.50001160009,ztfr,285.2772616897212,73.42855774092797,26.1987088891355,ab,465,8,
10,58437.481898100115,ztfg,65.30824984624338,26.484397459247546,26.2873804001413,ab,465,8,
11,58439.378692099825,ztfr,164.83052152945635,20.593254670686033,25.9742336518809,ab,465,8,
12,58439.46733799996,ztfg,23.692901478513274,12.110348329029042,25.9999799093372,ab,465,8,
13,58440.459641200025,ztfg,32.04763161982234,13.343227150075059,24.86369151511,ab,465,8,
14,58440.50363430008,ztfr,139.13679693003004,32.96371250095802,26.2101141195141,ab,465,8,
15,58443.43950230023,ztfr,153.31743308442776,26.92767826362439,26.2067464863342,ab,465,8,
16,58443.50177079998,ztfg,63.16559979739443,26.04085870214808,26.3104636743317,ab,465,8,
17,58447.45714120008,ztfr,110.37338681368576,79.25386116122667,26.2133865230654,ab,465,8,
