,time,band,flux,fluxerr,zp,zpsys,field,ccd,comment
0,58427.38106480008,ztfg,384.80380784756875,42.70577000821118,25.8330340045158,ab,1611,40,
1,58429.38776620012,ztfr,758.4807856780906,18.99241486803846,26.3383057134024,ab,1611,40,
2,58430.36453700019,ztfg,896.68219687485,16.81151098604468,26.2734183154639,ab,1611,40,
3,58432.3666087999,ztfr,941.0437523056225,27.254892663466553,26.3382430182962,ab,1611,40,
4,58435.37445600005,ztfr,965.9791864591615,84.4985203779886,26.3422456284919,ab,1611,40,
5,58436.36407409981,ztfr,201.5905709673795,109.0730300157566,24.5902397476314,ab,1611,40,
6,58437.47767359996,ztfg,1142.8437015760387,28.02529187531607,26.353382931725,ab,1611,40,
7,58438.42208330007,ztfg,911.261635602643,21.276307173633793,26.1039822831123,ab,1611,40,
8,58439.33707180014,ztfr,891.9251424567158,24.14196794329033,26.2100773589766,ab,1611,40,
9,58439.42738430016,ztfg,976.7817655237696,16.73532299327236,26.2266664173425,ab,1611,40,
10,58441.35817130003,ztfr,976.0882450773945,28.93274939658804,26.3024135508065,ab,1611,40,
11,58442.3258795999,ztfr,424.2542070341883,147.93226775188666,24.8016641670503,ab,1611,40,
12,58443.287835599855,ztfg,739.2792183537938,44.62565096984243,26.1871315841551,ab,1611,40,
13,58443.393055600114,ztfr,932.4536386483825,29.778139148852784,26.3620423788349,ab,1611,40,
14,58467.4094560002,ztfg,-11.184700380772357,14.292496358988696,21.9442694650377,ab,1611,40,
15,58481.42973379977,ztfr,201.5112053529008,34.617430150220244,26.3615520149118,ab,1611,40,
