,time,band,flux,fluxerr,zp,zpsys,field,ccd,comment
0,58514.12611109996,ztfr,-15.046436051247893,15.821632343180246,26.2155532316684,ab,353,36,
1,58514.12702549994,ztfr,-16.44212625042994,16.00829368041432,26.1982876184845,ab,353,36,
2,58514.18826390011,ztfg,49.333787970217585,30.228755636987955,25.818475685507,ab,353,36,
3,58514.18917819997,ztfg,32.229884218381294,24.19088438855027,25.6765543756313,ab,353,36,
4,58523.16888889996,ztfr,15.339830361528666,23.835385307709863,25.9304804529619,ab,353,36,
5,58523.169803199824,ztfr,-58.97044997865156,25.661409886443856,25.8806262949788,ab,353,36,
6,58534.173125000205,ztfg,300.39222324712966,112.91409322448973,26.1177336385427,ab,353,36,
7,58534.17403940018,ztfg,191.96956877357516,114.78841730556786,26.1156614239163,ab,353,36,
8,58539.16581019992,ztfg,723.1569952365403,51.874901421426934,26.1199450339825,ab,353,36,
9,58539.16671299981,ztfg,805.7135649743408,43.96945236764577,26.1203435605329,ab,353,36,
10,58539.17009259993,ztfr,793.1929418722121,57.52621873175449,26.1679610748749,ab,353,36,
11,58539.17100689979,ztfr,730.6191287956559,57.88897126586192,26.1650776395402,ab,353,36,
12,58557.119085600134,ztfr,1087.8728593372698,78.41281707171031,26.1667222600332,ab,353,36,
13,58557.127777799964,ztfg,1024.5247762724919,112.61463579090699,26.0896111371775,ab,353,36,
14,58558.12234950019,ztfg,853.0565946308086,77.35643691537702,26.1048003825229,ab,353,36,
15,58558.15140049998,ztfr,1069.8946926191902,93.49803638606676,26.1138950698047,ab,353,36,
16,58558.152303200215,ztfr,863.4154186599972,89.97213889851888,26.1014398630708,ab,353,36,
