,time,band,flux,fluxerr,zp,zpsys,field,ccd,comment
0,58837.55730320001,ztfr,542.0334888862664,313.3492019967048,26.197264232896,ab,533,25,
1,58837.562094899826,ztfr,751.8667503069871,374.60671375903206,26.2012007101916,ab,533,25,
2,58837.56687500002,ztfr,579.96701937429,307.25854482112015,26.2059411302169,ab,533,25,
3,58837.57165510021,ztfr,412.5446743036316,245.64211873790347,26.22279438268,ab,533,25,
4,58852.52622690005,ztfg,343.5183188841262,37.341500151956325,26.123917721347,ab,533,25,
5,58852.564652800094,ztfr,464.1922888268255,30.669077515665904,26.2874614265369,ab,533,25,
6,58861.5067245001,ztfg,176.27054963944892,159.69880766414934,26.1049206123435,ab,533,25,
7,58873.53912039986,ztfr,190.4216253816689,22.264784258696032,26.2867814111107,ab,533,25,
8,58876.54032409983,ztfg,96.07336294874028,14.539943429558738,26.2530976817616,ab,533,25,
9,58876.56099539995,ztfr,200.45853262084455,16.95638856325724,26.3054514028012,ab,533,25,
10,58879.51995369978,ztfg,69.3809173391272,49.415345479693116,26.2499454685057,ab,533,25,
11,58879.54332179995,ztfr,187.81454189550368,63.35508249399694,26.287949943587,ab,533,25,
12,58885.46453699982,ztfg,3.252939282488157,91.67191822445407,26.2126036504142,ab,533,25,
13,58888.50843749987,ztfr,142.91836485361446,110.8029327539013,26.2979483729941,ab,533,25,
14,58891.47782409983,ztfg,28.03237452081336,47.02233490885208,26.2668175068783,ab,533,25,
15,58894.52659719996,ztfr,117.24041992721617,29.993270144223388,26.2910086378527,ab,533,25,
16,58894.562025499996,ztfg,81.44181925482476,38.81571828130081,26.3179405959354,ab,533,25,
17,58898.53965280019,ztfr,110.11506613120662,16.11108027523243,26.2969814244093,ab,533,25,
