,time,band,flux,fluxerr,zp,zpsys,field,ccd,comment
0,58941.51021989994,ztfr,301.99737710009737,108.23152678460796,26.1232803044001,ab,493,23,
1,58941.514652799815,ztfr,76.73703507994502,117.87303184119257,26.1359360875223,ab,493,23,
2,58941.51908560004,ztfr,-36.52212896727072,89.72701345168777,26.1696881108827,ab,493,23,
3,58941.52353010001,ztfr,-28.55356154730804,168.49100863616803,26.1738539539613,ab,493,23,
4,58978.44990740018,ztfg,620.1888721240667,71.5813565629096,25.7759223583453,ab,493,23,
5,58978.48104170011,ztfr,1309.0475344232775,55.51247243747594,26.1595193552558,ab,493,23,
6,58987.45585650019,ztfg,353.9321664275008,16.016487137206973,26.2614130228188,ab,493,23,
7,58987.46071759984,ztfr,1215.375496867563,22.125098469867748,26.2826515126149,ab,493,23,
8,58996.45020829979,ztfg,216.43538774560153,13.727708170042915,26.2892636961102,ab,493,23,
9,58996.4661226999,ztfr,692.0610638163577,19.79367363552002,26.3054953275994,ab,493,23,
10,58999.42944440013,ztfg,85.27665942878691,17.96370463022832,25.4873613797252,ab,493,23,
11,58999.456400500145,ztfr,528.7836269607714,27.299592743749955,26.1593293134199,ab,493,23,
12,59002.45369210001,ztfg,144.99430270760305,16.908508850630678,26.1658395326368,ab,493,23,
13,59002.46476850007,ztfr,573.393508123899,21.815102562005627,26.2554590347492,ab,493,23,
