,time,band,flux,fluxerr,zp,zpsys,field,ccd,comment
0,58838.48166669998,ztfg,8.581924534968259,55.585791663910655,23.4198344992138,ab,320,41,
1,58838.54474540008,ztfr,-97.50803041900706,69.74395875548694,24.236191497952,ab,320,41,
2,58851.522419000044,ztfg,63.56351945291759,31.6618108603623,25.9747574598175,ab,320,41,
3,58854.5221644002,ztfg,210.2937294271762,212.24354073526683,26.3039317456362,ab,320,41,
4,58854.564641200006,ztfr,340.8785749097597,157.81326596987236,26.3618066295752,ab,320,41,
5,58873.41640050011,ztfg,985.3817310007818,24.67036664665653,25.9739352983331,ab,320,41,
6,58873.50462959986,ztfr,1123.9862593067962,37.68844552364083,26.2022503065147,ab,320,41,
7,58885.41981479991,ztfg,531.3893696384629,82.03635874109915,26.1556149589493,ab,320,41,
8,58885.48326390004,ztfr,861.3693776719359,81.3722805312439,26.3331833055435,ab,320,41,
9,58888.439097200055,ztfr,814.324951039167,131.52689068716583,26.3511922835915,ab,320,41,
10,58888.52805559989,ztfg,122.55282395435506,288.19339999434965,26.2561649553355,ab,320,41,
11,58892.333449100144,ztfr,545.2859920291105,78.84699696803288,26.2604058153398,ab,320,41,
12,58895.39815969998,ztfg,258.13404464951105,34.5788717344116,26.2556769687181,ab,320,41,
13,58900.37621530006,ztfg,195.21417121481466,22.61505251595959,26.2413244661258,ab,320,41,
14,58913.42415509978,ztfr,251.97928412833383,35.745773489597774,26.0450458784228,ab,320,41,
