,time,band,flux,fluxerr,zp,zpsys,field,ccd,comment
0,58652.24701389996,ztfi,-16.150917819862634,19.534597712969305,25.3444361907919,ab,788,1,
1,58654.18000000017,ztfr,27.183476166488575,21.10403299875717,26.0383386540295,ab,788,1,
2,58654.28640050022,ztfg,31.38760432459378,56.931715213465495,25.9758106814405,ab,788,1,
3,58658.1873031999,ztfr,6.0540757333866315,12.107074772796864,26.0650230723529,ab,788,1,
4,58658.19784720009,ztfg,31.45232657413676,12.28839427284693,26.1211628539386,ab,788,1,
5,58661.20258100005,ztfr,11.401752391028989,15.025858910826054,26.0495232773474,ab,788,1,
6,58661.222615700215,ztfg,-0.27966486329680107,17.55765088126332,26.1185910338497,ab,788,1,
7,58667.20376159996,ztfg,-6.415314331639866,14.709820539441903,26.1164434467028,ab,788,1,
8,58667.221805599984,ztfr,-15.505881000811153,25.128425930624225,26.0578382228652,ab,788,1,
9,58670.18471059995,ztfr,38.32715788076697,36.54351637538583,26.0035502678061,ab,788,1,
10,58670.19990740018,ztfg,37.3341173901627,25.075405058812905,26.0636041606621,ab,788,1,
11,58673.18410879979,ztfg,92.05221311685263,20.536345246158955,26.120126688376,ab,788,1,
12,58673.19988430012,ztfr,63.85427941814154,16.471252581815392,26.0748731302788,ab,788,1,
13,58676.1785995001,ztfg,277.6260745637025,29.66556625044085,26.0838443524696,ab,788,1,
14,58676.20150459977,ztfr,158.86255134089308,31.691567332246365,26.0442244990635,ab,788,1,
15,58677.17785880016,ztfg,251.76568398052987,30.13514220975285,26.0863513963956,ab,788,1,
16,58677.20082180016,ztfr,224.4456548194409,27.968992936620605,26.0302115968979,ab,788,1,
17,58679.18310189992,ztfg,412.3199418635498,37.692405929801325,26.1227771401043,ab,788,1,
18,58679.19880789984,ztfr,258.50019661185456,32.291859030822266,26.0557674955281,ab,788,1,
19,58686.17555559985,ztfg,568.50273682358,27.681209405279574,26.0513224164684,ab,788,1,
