,time,band,flux,fluxerr,zp,zpsys,field,ccd,comment
0,58443.136713000014,ztfr,-4.826075220839513,45.28528721646567,26.2373178272096,ab,396,38,
1,58443.13716439996,ztfr,-20.15621412373487,41.48971349787339,25.9722761005202,ab,1441,14,
2,58443.300416700076,ztfg,-125.87250252102231,74.5849235049977,25.9490526324605,ab,1441,14,
3,58443.30630790023,ztfg,-138.87908794169104,106.63321951538695,26.1171563153609,ab,396,38,
4,58456.16586809978,ztfr,30.13713149830186,43.25964591321848,26.2470233456275,ab,396,38,
5,58471.14493060019,ztfr,968.6013371593358,65.65183723776785,26.1320227295859,ab,396,38,
6,58474.13282410009,ztfr,1122.455416696676,38.99520725388777,26.2475930573684,ab,396,38,
7,58482.12833329989,ztfg,1132.6961624632324,37.896569508107504,26.2109646495595,ab,396,38,
8,58487.12837960012,ztfg,812.9676346664133,22.015235573053413,26.2022069161484,ab,396,38,
9,58491.10212960001,ztfr,629.2594271146125,37.66553613469677,26.2320408121251,ab,396,38,
10,58491.14862270001,ztfg,552.3438942694435,39.366510226473586,26.1527504719654,ab,396,38,
11,58505.1611227002,ztfg,199.3757070425138,173.61100532550736,25.9859143617281,ab,396,38,
12,58510.13015050022,ztfg,184.63669385479352,50.67748861164509,26.0154446699327,ab,396,38,
13,58514.102534700185,ztfr,320.72320146858044,27.737845342796625,26.1710675341669,ab,396,38,
14,58514.10744210007,ztfr,286.25997968268615,27.156375846418175,26.1666988682368,ab,396,38,
15,58514.11234949995,ztfr,273.468340346582,31.3055302246587,26.1699771289915,ab,396,38,
16,58522.09785880009,ztfr,91.91993135482639,137.5643334305298,26.1527424730927,ab,396,38,
17,58522.1026504999,ztfr,202.25059393992316,92.8868003708671,26.1452450976067,ab,396,38,
18,58523.09959489992,ztfr,291.76131188172917,80.60601021546948,26.1606505376996,ab,396,38,
19,58523.10445600003,ztfr,229.79990943432813,71.71371294201838,26.1231424700068,ab,396,38,
20,58523.10931710014,ztfr,94.02128584337476,69.6876562412275,26.0620237229704,ab,396,38,
21,58523.11417819979,ztfr,221.4918909878292,58.8477951556534,26.1168900458929,ab,396,38,
