,time,band,flux,fluxerr,zp,zpsys,field,ccd,comment
0,58800.536585600115,ztfr,364.7795949056615,37.341470239933706,26.0667584321815,ab,757,33,
1,58800.55422449997,ztfg,296.1628056108955,57.32942110653921,26.0258764985069,ab,757,33,
2,58804.510532400105,ztfg,159.27301496739585,87.87194827532325,25.9345770973936,ab,757,33,
3,58804.55474539986,ztfr,425.87917898140154,66.07498392056523,26.1213321325691,ab,757,33,
4,58828.519745400175,ztfi,335.14037803577804,78.86647005247178,26.9049471103382,ab,757,33,
5,58828.52089119982,ztfi,375.8424176059303,107.97622434080596,26.9082307674891,ab,757,33,
6,58828.557708300184,ztfg,59.46550755905678,46.15612338946341,26.246088145014,ab,757,33,
7,58829.505740699824,ztfi,1016.6856716951071,399.62594498866724,25.4415136102088,ab,757,33,
8,58829.50688660005,ztfi,602.7298282955413,351.144817247131,25.68106704236,ab,757,33,
9,58829.50803240016,ztfi,939.5746657653865,449.70254618809093,25.1097118574862,ab,757,33,
10,58830.50581019977,ztfi,340.1527856576007,50.21779280907485,26.9384681345483,ab,757,33,
11,58830.50695599988,ztfi,303.2706142054324,44.026260687536826,26.9224327087396,ab,757,33,
12,58830.50810190011,ztfi,347.5550518588262,43.12941394748549,26.9195202381158,ab,757,33,
13,58831.447800899856,ztfr,313.51907880599697,346.6558025736413,26.2270733126454,ab,757,33,
14,58831.51392359985,ztfi,243.71797599824478,90.69871644255105,26.8983120180556,ab,757,33,
15,58831.51506939996,ztfi,171.4388114903083,70.98177990719583,26.9001870905494,ab,757,33,
16,58831.55849540001,ztfg,126.56745079007266,72.25443962073247,26.2839327055609,ab,757,33,
17,58835.4912963002,ztfr,161.96932419736135,67.66072340662325,26.2411291443618,ab,757,33,
18,58836.56594910007,ztfg,28.67210166028014,21.985146873016234,26.256954815152,ab,757,33,
19,58837.53590280004,ztfi,275.8848422381663,76.6539154858959,26.9055025177904,ab,757,33,
20,58838.49174770014,ztfg,7.143750638298065,34.129483969712666,24.8895814247307,ab,757,33,
21,58838.53613429982,ztfi,86.78770603009747,65.04017157189067,25.4292803839275,ab,757,33,
22,58838.55843750015,ztfr,63.815864700180896,34.98806227831743,25.2245692447068,ab,757,33,
23,58846.532476900145,ztfi,154.59873318273412,42.594490576144956,26.9436633149591,ab,757,33,
24,58846.55494209984,ztfg,28.021854790889122,15.702444205794624,26.2972785099802,ab,757,33,
