,time,band,flux,fluxerr,zp,zpsys,field,ccd,comment
0,58835.55525460001,ztfr,-42.3579611089374,128.22025581448125,26.0372756853493,ab,376,49,
1,58835.560011600144,ztfr,-171.50517159567215,147.5455279998359,26.0597083924338,ab,376,49,
2,58835.56476850016,ztfr,8.012133785393145,115.18965544856911,26.0809052691312,ab,376,49,
3,58835.56952549983,ztfr,222.63130369185308,136.54659276319467,26.0955883963328,ab,376,49,
4,58837.558263900224,ztfr,-306.5926084770145,319.00121657558503,26.0668357818579,ab,376,49,
5,58837.56304399995,ztfr,203.46806005433007,342.91068223267285,26.0553173230555,ab,376,49,
6,58837.567824100144,ztfr,329.5238689227491,266.1454969468418,26.1001182474972,ab,376,49,
7,58837.57260419987,ztfr,11.442743192776874,289.1749530284938,26.1002377871368,ab,376,49,
8,58851.54565969994,ztfg,1347.4033386813976,53.97341173757216,24.7154502651283,ab,376,49,
9,58854.54509259993,ztfg,5493.298842871503,187.7523147507104,26.1475775095328,ab,376,49,
10,58854.567835600115,ztfr,4867.333068830813,144.10565533007,26.1531015436975,ab,376,49,
11,58861.50174769992,ztfg,4095.4171790145388,131.6011861893341,26.0636141542732,ab,376,49,
12,58875.48003470013,ztfg,1449.8524337615868,34.82206070943069,26.0749015479142,ab,376,49,
13,58879.50144679984,ztfg,1089.3002246090305,46.17320164872967,26.160374718774,ab,376,49,
14,58885.460486100055,ztfg,760.7711454116242,84.18524474805947,26.1612111514739,ab,376,49,
15,58892.54400460003,ztfg,585.9103355523334,56.46289724020304,26.2217182798299,ab,376,49,
16,58895.50627310015,ztfr,1023.2739875611142,53.383229814343956,26.1596147364365,ab,376,49,
17,58895.53938659979,ztfg,554.8613480214976,49.91992064998705,26.2453012474481,ab,376,49,
