,time,band,flux,fluxerr,zp,zpsys,field,ccd,comment
0,58650.309444400016,ztfr,-52.61639385009755,28.42892207634236,26.2418259935896,ab,1831,22,
1,58650.30988429999,ztfr,-24.591796236522566,27.088479087294637,26.2393865652707,ab,1831,22,
2,58651.30528939981,ztfr,45.97798244653878,34.477497417596275,26.2512643473722,ab,1831,22,
3,58651.3057407001,ztfr,0.034584056788687464,33.219609393719224,26.2409113147867,ab,1831,22,
4,58652.35123840021,ztfr,30.272658407829276,29.48105190450537,26.2212824493242,ab,1831,22,
5,58654.36693290016,ztfr,16.992454621833957,25.892975723552333,26.2203799212122,ab,1831,22,
6,58654.3673843001,ztfr,22.569156568389417,26.781772172827424,26.2170232890027,ab,1831,22,
7,58655.32688659988,ztfr,24.871956856976883,43.71085768309221,26.2588983313069,ab,1831,22,
8,58655.32733799983,ztfr,66.1478853594252,36.3075103665249,26.2574161859211,ab,1831,22,
9,58676.24564810004,ztfr,1419.044436836537,29.000255797740806,26.2295890332671,ab,1831,22,
10,58676.246099499986,ztfr,1446.706255281817,26.630872595744194,26.2279549763534,ab,1831,22,
11,58677.24631940015,ztfr,1489.8690863929787,25.54882841548136,26.2421096623614,ab,1831,22,
12,58677.24677080009,ztfr,1437.269363914131,26.112650740510635,26.2473903910876,ab,1831,22,
13,58680.268668999895,ztfr,1564.1947849393514,36.48786818869429,26.2727174783359,ab,1831,22,
14,58680.26912039984,ztfr,1509.2720287341185,33.22756431525128,26.2750397138193,ab,1831,22,
15,58681.29082180001,ztfr,1571.0917832053758,33.67904075816483,26.2662357791216,ab,1831,22,
16,58681.291261599865,ztfr,1456.6014543729045,31.902600741685035,26.2611679732717,ab,1831,22,
17,58686.34783559991,ztfr,1220.1389368807047,23.472411310497844,26.2112770040289,ab,1831,22,
18,58686.348286999855,ztfr,1270.7309623953843,23.840143796669413,26.2161334830518,ab,1831,22,
19,58695.264907400124,ztfr,525.5686767113513,20.841977279510775,25.6715813426264,ab,1831,22,
20,58695.26535880007,ztfr,545.1546177277431,19.76852489837751,25.7404589556775,ab,1831,22,
21,58724.146006899886,ztfr,337.74400080518916,16.20576592642893,26.2315110270547,ab,1831,22,
22,58728.24802079983,ztfr,252.87825973959508,21.074143061904078,26.1044513969756,ab,1831,22,
23,58729.23724539997,ztfr,26.833784834207115,28.426428398438027,22.5007605436255,ab,1831,22,
