,time,band,flux,fluxerr,zp,zpsys,field,ccd,comment
0,58426.46170140011,ztfg,943.8524601926342,28.550988391866106,26.1494439654077,ab,521,56,
1,58426.53878469998,ztfr,1192.156075624076,29.34319141102164,26.1733943078785,ab,521,56,
2,58429.48304399988,ztfg,723.9623538874584,16.918312448252394,26.1963490064047,ab,521,56,
3,58429.52217590017,ztfr,1243.932280597131,22.882047065117636,26.1730325409779,ab,521,56,
4,58432.482199099846,ztfg,574.5187782082443,22.817357507991996,26.2059434721621,ab,521,56,
5,58432.538344900124,ztfr,1261.9056781474947,31.98107666423317,26.1746025309545,ab,521,56,
6,58438.49858799996,ztfg,463.31498330447846,17.26665676308038,26.2758377090663,ab,521,56,
7,58439.499270800035,ztfg,316.0670692212738,13.85423308692507,26.0972449179577,ab,521,56,
8,58439.55587959988,ztfr,924.9608837424038,25.59159158942474,26.0311389110184,ab,1567,21,
9,58439.556330999825,ztfr,827.8093050628839,28.1205978319993,25.9846079633493,ab,521,56,
10,58441.51880790014,ztfg,301.42811445826254,16.72793111012241,26.1564888410212,ab,521,56,
11,58442.413263900205,ztfr,606.7015629760768,46.52253317955911,25.7905332927441,ab,1567,21,
12,58442.416215300094,ztfr,694.2171095508493,41.58505456306533,25.8790874043118,ab,521,56,
13,58447.480833299924,ztfr,659.0990687051296,44.85589341185163,26.1665936942512,ab,521,56,
14,58448.469224500004,ztfr,621.0792535985862,54.979319592926295,26.2180172833023,ab,1567,21,
15,58449.45135420002,ztfr,511.38506274472434,52.922965560279,26.108106285971,ab,1567,21,
16,58449.45650460012,ztfr,632.1158211009059,48.67477155160208,26.1333118615525,ab,521,56,
