,time,band,flux,fluxerr,zp,zpsys,field,ccd,comment
0,58572.19069440011,ztfg,48.580837419040414,23.178412502106656,25.5901342299883,ab,569,11,
1,58572.2129861,ztfr,-1.7805763208351908,25.04396890205416,25.5841829004281,ab,569,11,
2,58574.20473380014,ztfr,67.39428962465459,24.34916582206764,24.9536352291234,ab,1564,38,
3,58575.20717590023,ztfg,-3.471490289183332,13.412560226565052,25.0662042235791,ab,569,11,
4,58575.21290510008,ztfr,8.084585916931546,17.886630980272482,24.9187463786834,ab,569,11,
5,58580.2010764,ztfg,36.78189362467519,22.04647090572325,26.2257727097675,ab,1564,38,
6,58581.15018519992,ztfr,-3.2684170629405,18.070730513448005,25.559864284266,ab,569,11,
7,58581.21320600016,ztfg,-8.94058569429347,13.305479519812955,26.2075013379075,ab,569,11,
8,58582.13759260019,ztfg,33.69219811411094,17.748121748885957,25.9103060089297,ab,1564,38,
9,58582.219224500004,ztfr,27.06209594932228,16.810537090754366,26.1613789838832,ab,1564,38,
10,58584.17182870023,ztfr,0.5652452128068929,23.29570105905871,26.1156144723552,ab,569,11,
11,58584.2256713002,ztfg,9.056767459562488,28.430238099330875,26.2318762529955,ab,569,11,
12,58589.19090279983,ztfr,143.83896057755666,117.77754076175214,25.4248356572342,ab,569,11,
13,58592.14909720002,ztfg,414.88076385011186,40.941228191898176,26.2730896953467,ab,569,11,
14,58592.23241900001,ztfr,383.79590361516193,38.64575216166059,26.1020436126224,ab,569,11,
15,58598.21348380018,ztfg,1839.5880273971936,20.947043544971237,26.2014682372477,ab,569,11,
16,58602.16285880003,ztfr,279.92309868442584,25.1173811001609,24.102772044113,ab,569,11,
17,58602.18783560023,ztfg,1829.4815632943037,25.642334051268016,25.8324634340952,ab,569,11,
18,58606.15187499998,ztfg,2809.495833433088,30.86857523729176,26.2360772886973,ab,569,11,
19,58609.15298609994,ztfr,2081.799137820464,26.0186197106294,26.1074729084451,ab,569,11,
20,58609.18623840017,ztfg,2522.423651436754,27.454039299659613,26.222571572531,ab,569,11,
21,58617.23471060023,ztfr,1232.973336798887,46.0557008641487,26.0014324729551,ab,569,11,
