,time,band,flux,fluxerr,zp,zpsys,field,ccd,comment
0,58469.51932869991,ztfg,7.3477018811779296,19.043067472991137,26.2624332053621,ab,370,44,
1,58472.48094910011,ztfg,105.3062362838305,42.226779681348795,26.2155637018982,ab,370,44,
2,58476.51163189998,ztfr,391.92260527999275,43.427665857623445,26.2630416686163,ab,370,44,
3,58482.47488430003,ztfr,795.6011956599327,44.24265296704846,26.2529830992942,ab,370,44,
4,58482.524155099876,ztfg,569.7261084037748,58.38989294759528,25.7675988660005,ab,370,44,
5,58487.4832175998,ztfg,1075.3024560455933,20.679831351120022,26.2614863392739,ab,370,44,
6,58487.525578700006,ztfr,1032.747690263957,26.500857744800367,26.2532358472292,ab,370,44,
7,58491.54244210012,ztfr,934.9034793712234,36.56278813838587,26.226049972315,ab,370,44,
8,58494.54343750002,ztfr,893.8211948896193,32.49690406835564,26.1779896682769,ab,370,44,
9,58502.45909720007,ztfg,408.3944411353107,63.72881205686481,26.2077434093301,ab,370,44,
10,58502.52142360015,ztfr,707.2262678948051,47.695217131787736,26.257711990387,ab,370,44,
11,58505.45894679986,ztfg,403.8253729055502,105.19940426762822,26.2793051109385,ab,370,44,
12,58505.501851900015,ztfr,361.8304855726843,231.59681500291182,26.2682841856757,ab,370,44,
13,58511.40040510008,ztfr,531.8269481923955,33.76420575521006,26.2477245552742,ab,370,44,
14,58511.440555599984,ztfg,258.99923097885454,32.32430504574477,26.2218004651827,ab,370,44,
15,58514.40413190005,ztfr,47.810029167129784,26.665444859798846,23.7861967337227,ab,370,44,
16,58514.4600463002,ztfg,-1.769151966463589,18.700862513438345,23.871893101106,ab,370,44,
17,58524.41961809993,ztfg,133.3202073433402,23.53114016258631,26.2504854563796,ab,370,44,
18,58524.46474540001,ztfr,286.4603603593221,23.255126307513155,26.2227532864727,ab,370,44,
19,58539.31486110017,ztfr,52.19003244462729,27.26525167148207,24.9701019795565,ab,370,44,
20,58539.37895830022,ztfg,77.58087462820497,30.12572966206223,26.0394242682219,ab,370,44,
