,time,band,flux,fluxerr,zp,zpsys,field,ccd,comment
0,58647.233969899826,ztfr,-8.592364739784118,43.090497018565216,26.1233787693364,ab,526,31,
1,58649.325925900135,ztfi,80.78794993787139,69.91672824456833,25.4188777540358,ab,526,31,
2,58650.1878819,ztfg,-11.041069183638948,35.47086636132166,26.042104501004,ab,526,31,
3,58653.18569440022,ztfr,21.409384716763856,22.639850243636044,26.0746088853089,ab,526,31,
4,58653.24050930003,ztfi,-36.38861809811147,23.73179739555443,25.5257515908345,ab,526,31,
5,58658.176342600025,ztfr,-2.426715729510667,14.7248527601165,26.0975524128175,ab,526,31,
6,58658.20665509999,ztfg,3.451821289488042,9.761558076682624,26.0912228670202,ab,526,31,
7,58661.19504630007,ztfr,0.00550161294411744,16.208667686865407,26.1010094554267,ab,526,31,
8,58661.22896989994,ztfg,6.833818039831383,18.692256316404805,26.0948120062568,ab,526,31,
9,58666.176111099776,ztfr,26.318622178350687,19.663193858480494,26.1426285877046,ab,526,31,
10,58666.20467589982,ztfg,27.968402846991648,15.31592566878778,26.1026085407815,ab,526,31,
11,58670.20760420011,ztfg,151.4449139271028,33.341616242875226,26.0290130517966,ab,526,31,
12,58674.20251160022,ztfg,544.5488795224559,34.63847111425984,26.0566166540934,ab,526,31,
13,58674.22115739994,ztfr,377.09777868990386,46.07503091049604,26.0587869466691,ab,526,31,
14,58677.17193289986,ztfg,672.8986754726945,36.07884960605408,26.0910085214627,ab,526,31,
15,58677.17285879981,ztfg,664.052506308105,34.104249204162194,26.0935410836831,ab,526,31,
16,58677.19353009993,ztfr,533.5183428842611,28.462069280846684,26.0895417008238,ab,526,31,
17,58677.2053704001,ztfr,531.8142846354664,34.59442346250629,26.0541241875008,ab,526,31,
18,58680.17475689994,ztfg,735.7710311124109,85.47920661888531,26.1274830573313,ab,526,31,
19,58680.23871529987,ztfr,537.3827207601454,67.52047616226304,26.0195205371076,ab,526,31,
20,58683.17793980008,ztfg,680.717782712469,31.273554772902628,26.0765095144549,ab,526,31,
21,58686.17144680023,ztfg,638.9307566181241,25.514128869003848,26.0373822366553,ab,526,31,
22,58692.16667820001,ztfr,325.2575307339067,43.498384507387655,25.8570961942125,ab,526,31,
23,58692.20045140013,ztfg,315.4507648539206,22.395556476411443,25.8313205238128,ab,526,31,
