,time,band,flux,fluxerr,zp,zpsys,field,ccd,comment
0,58940.232511600014,ztfr,17.79671800401983,41.5981703824896,25.8451105843863,ab,419,43,
1,58940.33680560021,ztfg,56.62216409849596,35.6972625024509,24.4090122930208,ab,419,43,
2,58955.18185190018,ztfg,156.6194731949413,17.775140102175655,26.2739874325059,ab,419,43,
3,58955.25006939983,ztfr,187.90515103892577,23.357084772355332,26.3198873927769,ab,419,43,
4,58963.18895829981,ztfg,491.10192729417884,18.845239009811078,26.2528754060806,ab,419,43,
5,58963.2535184999,ztfg,521.7020647021541,17.519412757205675,26.2374750593705,ab,419,43,
6,58966.1915972,ztfr,276.55233734808724,26.937286275212628,25.312694861977,ab,419,43,
7,58966.23248839984,ztfg,242.2140479766831,23.30416825912538,25.2076644461484,ab,419,43,
8,58974.22999999998,ztfr,778.6806538746531,54.2038786573051,26.2933395170583,ab,419,43,
9,58977.168530100025,ztfg,225.68971695580592,59.29635563725543,25.7327409880518,ab,419,43,
10,58977.20965280011,ztfr,219.5558737107397,86.97314547768045,25.1335801440177,ab,419,43,
11,58981.1702083,ztfg,404.5589784015121,17.29164939852301,26.3150197899081,ab,419,43,
12,58981.21156249987,ztfr,503.70670206608065,26.701904738491464,26.3380535529345,ab,419,43,
13,58987.16854170011,ztfr,413.2811246314178,19.988149583881984,26.3651577033184,ab,419,43,
14,58987.21359949978,ztfg,237.33095576355302,15.885075163860574,26.2840895118881,ab,419,43,
15,58996.17126160022,ztfg,115.36184431534241,19.990794595455043,26.2458392108104,ab,419,43,
16,58996.22156250011,ztfr,289.8905686694836,26.800148906538354,26.2813481941382,ab,419,43,
