,time,band,flux,fluxerr,zp,zpsys,field,ccd,comment
0,59188.535416699946,ztfg,9771.682166264065,65.32274140944268,26.2793138191428,ab,629,41,
1,59192.51496529998,ztfr,8666.297346704145,73.89497234623593,26.2768329201639,ab,629,41,
2,59192.53181710001,ztfg,1853.8649090417828,52.909054182795636,24.8166638609852,ab,629,41,
3,59194.51141199982,ztfr,8991.807063258462,45.358855566591096,26.3460359177822,ab,629,41,
4,59194.544444399886,ztfg,6096.63660727018,50.50939916480092,26.3238324885336,ab,629,41,
5,59198.49652779987,ztfr,8567.263089290036,63.173451535488255,26.3387616629862,ab,629,41,
6,59198.539583299775,ztfg,4511.21342787816,36.4950154933296,26.3525069512533,ab,629,41,
7,59200.54887730023,ztfr,5892.915475847503,37.54810147007643,25.9837438338553,ab,629,41,
8,59203.51506939996,ztfr,7667.483918375383,58.81638011339223,26.3718571427123,ab,629,41,
9,59203.54968750011,ztfg,3324.8417026060097,38.67267454259579,26.3575530565719,ab,629,41,
10,59204.55060190009,ztfi,3815.099327516949,30.857098243131812,25.8550816748645,ab,629,41,
11,59206.51828699978,ztfr,1328.7471131423283,32.715902585082674,24.6343946444109,ab,629,41,
