,time,band,flux,fluxerr,zp,zpsys,field,ccd,comment
0,58811.088634300046,ztfg,17.26910986486135,26.93296604127691,26.1231354696035,ab,493,24,
1,58811.10887729982,ztfr,80.50844059263724,52.76255956200109,25.1732396494005,ab,493,24,
2,58814.093356499914,ztfg,-77.40734455219469,42.766753893181146,25.8251907294339,ab,493,24,
3,58814.12810190022,ztfr,-132.40970902593213,142.03473186143233,25.9784114001671,ab,493,24,
4,58829.08877310017,ztfg,106.407276139119,108.99504602510807,25.7708944251997,ab,493,24,
5,58834.08543979982,ztfg,-158.54447444391818,587.1603909951632,28.1192523730539,ab,493,24,
6,58834.1389583,ztfr,6396.445718504449,3893.0119952681507,27.5331380711404,ab,493,24,
7,58835.076874999795,ztfr,-154.29555196912548,298.7866448035179,26.0257533697357,ab,493,24,
8,58835.1085994998,ztfg,287.61060153359705,358.66385368921766,24.8241310543437,ab,493,24,
9,58838.10903939977,ztfg,132.02091447246812,60.28116579705446,25.3959298773767,ab,493,24,
10,58847.083495399915,ztfr,133.63176012003194,82.2375517413245,23.8645346054589,ab,493,24,
11,58851.07848379994,ztfr,139.2211326126985,145.34378623418488,25.242797073418,ab,493,24,
12,58851.11054399982,ztfg,42.239740236595324,92.44196436698601,25.1210705976504,ab,493,24,
13,58852.080613399856,ztfr,343.7716012981496,58.83903879155164,26.2026816789912,ab,493,24,
14,58852.08561340021,ztfr,300.8859603752837,51.10678490374657,26.1869575331833,ab,493,24,
15,58852.09060190013,ztfr,237.43764075069492,40.36696041646074,26.183731640157,ab,493,24,
16,58852.09559029993,ztfr,414.56627215073524,40.57536230089047,26.1795935452971,ab,493,24,
17,58854.08053239994,ztfr,383.586563712517,88.75309891407014,26.2641474913578,ab,493,24,
18,58854.08539350005,ztfr,366.87627979020897,69.35224603969785,26.2540028158971,ab,493,24,
19,58854.09025460016,ztfr,417.72869118851816,88.2497572101493,26.2479877873989,ab,493,24,
20,58854.095115699805,ztfr,403.343769804593,99.37947032511714,26.2377630005607,ab,493,24,
21,58860.08585650008,ztfr,234.89149364318357,140.21210679799066,26.1634243969087,ab,493,24,
22,58860.09082179982,ztfr,334.45335745640193,143.3005015458938,26.147134953773,ab,493,24,
23,58860.09575230023,ztfr,118.04601278496101,142.6257586367426,26.1320148209105,ab,493,24,
24,58860.10068289982,ztfr,167.79582755954794,130.66662273367976,26.1267635226239,ab,493,24,
