,time,band,flux,fluxerr,zp,zpsys,field,ccd,comment
0,58359.51140049985,ztfr,-5.657234876911957,81.75171393606973,23.6777219989352,ab,840,40,
1,58362.50584489992,ztfg,1254.7273859141396,33.89007167967137,26.2258849487556,ab,840,40,
2,58365.510011599865,ztfr,1225.0203058154377,33.29137646592005,26.2959070534788,ab,840,40,
3,58368.51082180021,ztfg,1454.0519294084734,23.180881175981952,26.23708200719,ab,840,40,
4,58371.494664399885,ztfg,1393.1187081207715,23.138774822884137,26.2589574747055,ab,840,40,
5,58374.470347200055,ztfg,1138.406390325944,25.483690686942232,26.2554546056933,ab,840,40,
6,58374.51164350007,ztfr,1214.323472302297,27.672205481455386,26.3216052697377,ab,840,40,
7,58377.466678199824,ztfr,961.7424903589954,22.61376533796092,26.2688201191935,ab,840,40,
8,58377.49578699982,ztfg,954.1705226144998,17.8316055535822,26.2138256503235,ab,840,40,
9,58380.47142359987,ztfr,881.941108210138,31.661559586434457,26.3237774356173,ab,840,40,
10,58380.491192100104,ztfg,794.5999131215757,21.42686605169388,26.3254270841488,ab,840,40,
11,58383.45503470022,ztfg,521.4515266907426,29.310655777400793,26.2160200730775,ab,840,40,
12,58384.454432900064,ztfg,301.55004205387536,55.758772612384554,25.8134228426891,ab,840,40,
13,58386.44711809978,ztfr,719.5392840572827,57.82968375549711,26.2741134266268,ab,840,40,
14,58387.46677079983,ztfr,532.3441830237485,49.30338098627952,26.0197192990127,ab,840,40,
15,58387.51004630001,ztfg,360.80484065262465,51.398918895346974,26.2713399499731,ab,840,40,
16,58388.452719899826,ztfg,401.81817802449785,38.87174264791282,26.2206787679591,ab,840,40,
17,58388.49582180008,ztfr,708.8386188847034,30.128501759366504,26.3041379862696,ab,840,40,
18,58389.447233799845,ztfg,344.0388286284524,41.19644783206137,26.2078369802895,ab,840,40,
19,58389.44814810017,ztfg,353.1494758470837,35.9055519053086,26.2228726601972,ab,840,40,
20,58389.51202550018,ztfr,666.4132518678563,26.950123316871206,26.3153724671385,ab,840,40,
21,58389.51293980004,ztfr,701.0513702372969,27.424411867816744,26.2989802358616,ab,840,40,
22,58390.47710649995,ztfg,305.7162561096003,36.393998317393525,26.2397039048714,ab,840,40,
23,58390.51177080022,ztfr,628.2442321075886,31.38002001073418,26.3074596947479,ab,840,40,
24,58397.472951400094,ztfg,161.57413911255668,12.19899853193238,26.2095973888477,ab,840,40,
25,58397.51100690011,ztfr,415.9623874697534,18.037541309935666,26.0920559907903,ab,840,40,
