,time,band,flux,fluxerr,zp,zpsys,field,ccd,comment
0,58827.43594910018,ztfr,1534.375711250278,57.83529844080162,26.1083080151457,ab,1615,30,
1,58827.43685190007,ztfr,1602.9959091311737,45.56366956050333,26.1100657287801,ab,1615,30,
2,58828.43471059995,ztfr,1834.733833308389,44.589652978688115,26.2449962542975,ab,1615,30,
3,58828.43516199989,ztfr,1779.118418970893,41.611706846737256,26.2459486052683,ab,1615,30,
4,58829.4300694,ztfr,448.1814635548121,236.34683746943358,24.5107519999358,ab,1615,30,
5,58829.43052079994,ztfr,360.5989566824565,223.1898600423082,24.4885096404781,ab,1615,30,
6,58830.42621529987,ztfr,1705.9941616197566,47.39575155001217,26.2673068539427,ab,1615,30,
7,58830.426666699816,ztfr,1694.600057400119,44.94114998793925,26.2523353241066,ab,1615,30,
8,58846.4157292,ztfr,944.1684425138731,25.97293184917838,26.2671652742122,ab,1615,30,
9,58846.41618059995,ztfr,1029.143219785359,23.324838960818386,26.2599489385439,ab,1615,30,
10,58854.42907410022,ztfr,832.8284746725402,59.43335058458807,26.2721434867129,ab,1615,30,
11,58854.42952550016,ztfr,774.9373638743864,58.22357314541153,26.2690063677685,ab,1615,30,
12,58856.3104514,ztfr,716.2619644316514,35.04480118076291,26.2457077597245,ab,1615,30,
13,58856.310902799945,ztfr,751.4231647034082,37.12287706062124,26.2539363686965,ab,1615,30,
