,time,band,flux,fluxerr,zp,zpsys,field,ccd,comment
0,58469.50697920006,ztfg,9.226767147042924,17.679935529444336,22.1919322242449,ab,823,1,
1,58472.48925929982,ztfg,622.1836337289343,48.198309684973566,26.0936132661772,ab,823,1,
2,58475.49673609994,ztfr,562.6875030509261,58.486266785338316,26.110924079272,ab,823,1,
3,58480.53300930001,ztfg,477.4763475802693,51.89155715267868,26.159981263288,ab,823,1,
4,58480.551967599895,ztfr,447.7882085950134,51.17645505117235,26.1231743723362,ab,823,1,
5,58481.53450229997,ztfr,458.8872667669677,32.96105797561823,26.1800359968069,ab,1828,36,
6,58487.49510420021,ztfg,264.04983148460065,18.19715863649619,26.1649872255495,ab,823,1,
7,58487.53461810015,ztfr,343.661542843164,20.59678537800942,26.158910276851,ab,823,1,
8,58491.50981480023,ztfg,203.87596898598582,23.555732330119405,26.2032713910073,ab,823,1,
9,58494.533171299845,ztfg,175.6767588313949,12.63806523077544,26.2222368452334,ab,823,1,
10,58502.44945599977,ztfg,125.33638654091206,62.25234198411511,26.1209766415941,ab,823,1,
11,58505.471180600114,ztfg,33.13108056826742,119.90916853324075,26.2041163476213,ab,823,1,
12,58505.55349540012,ztfr,200.9419455946204,66.25842344794678,26.1565302541484,ab,823,1,
13,58508.50902780006,ztfr,189.0924418951713,42.7669982194525,26.1667666478225,ab,823,1,
14,58508.54659719998,ztfg,18.706954288316958,42.4840867274322,26.2250477666009,ab,823,1,
15,58511.50901619997,ztfg,4.062901236172081,24.89420888036579,26.0215584376361,ab,823,1,
16,58511.55109950015,ztfr,126.56761325135905,28.42325916720113,26.0566546565869,ab,823,1,
17,58522.504536999855,ztfg,28.19674001343692,13.767841351224376,26.1963554864535,ab,823,1,
18,58526.46379629988,ztfg,-6.580002047503079,28.53232281439467,26.0822783465135,ab,823,1,
19,58526.51491900021,ztfr,95.17389378983857,34.47526303598549,26.0651843161756,ab,823,1,
