,time,band,flux,fluxerr,zp,zpsys,field,ccd,comment
0,59053.43379630009,ztfg,374.5718260305756,17.997426227903762,26.0948915686266,ab,401,37,
1,59053.49181709997,ztfr,896.5753836045774,25.09553090565178,26.2433353426129,ab,401,37,
2,59054.42138889991,ztfr,807.6930774918608,31.027737393738448,26.1675315809235,ab,401,37,
3,59054.48157409998,ztfg,380.7796429287582,18.50589091629918,26.2116044561313,ab,401,37,
4,59056.44763890002,ztfg,346.1526489137062,14.834283702097052,26.087099819211,ab,401,37,
5,59061.443726900034,ztfr,736.8868451935971,19.877164890583845,26.207381188842,ab,401,37,
