,time,band,flux,fluxerr,zp,zpsys,field,ccd,comment
0,58534.2508911998,ztfg,162.57566292639416,159.86414031444957,26.1968026522238,ab,362,6,
1,58534.314722199924,ztfr,-159.7445069322544,168.1344209330485,26.1515665920443,ab,362,6,
2,58538.22927080002,ztfr,-69.70269093468023,50.71469975825903,23.7802596576249,ab,362,6,
3,58541.23435189994,ztfg,-74.60897106423948,56.68002936936457,25.9810001773646,ab,362,6,
4,58546.23876160011,ztfg,69.43590189664356,32.45286560443774,25.5243766118612,ab,362,6,
5,58556.18664349988,ztfr,507.2688178655533,83.10778008666529,26.1493832824998,ab,362,6,
6,58562.14834489999,ztfr,336.9867676473772,219.12729388672938,25.8780986384565,ab,362,6,
7,58562.204444400035,ztfg,669.9459945062025,149.09698552554505,26.1484748120084,ab,362,6,
8,58567.123136600014,ztfr,731.7104767557187,27.140486729782044,26.07936280943,ab,362,6,
9,58567.16827550018,ztfg,584.2773837208819,29.749224015609236,26.147711097305,ab,362,6,
10,58572.167685199995,ztfg,98.1448838055394,30.90262264628512,24.8296576154304,ab,362,6,
11,58575.16842589993,ztfg,203.64734637114938,39.27644205788808,25.6590830253581,ab,362,6,
12,58581.14700229978,ztfr,190.35420474650218,39.5610396386213,25.0914078399171,ab,362,6,
13,58581.1885879999,ztfg,185.7126777687874,27.877927571375043,25.9591824175242,ab,362,6,
14,58584.19017359987,ztfg,135.25687040334654,59.63505269702643,26.1020826331468,ab,362,6,
15,58587.18903939985,ztfg,130.59632157358323,49.19667096499865,26.0528099704569,ab,362,6,
16,58592.213090300094,ztfr,410.704103103232,97.6026778352306,25.8587807702548,ab,362,6,
17,58598.14533559978,ztfr,247.87526187091305,25.681371575086157,26.0609778261299,ab,362,6,
18,58598.18961809995,ztfg,57.974659390961165,22.12494069701469,26.019155039925,ab,362,6,
19,58602.190243099816,ztfg,17.541271089011662,29.679188062410457,24.4374309513183,ab,362,6,
20,58608.1644444,ztfr,256.3222743670172,52.90672373476501,26.001941957401,ab,362,6,
21,58608.17068290012,ztfg,47.62453913154788,32.961848261706834,25.9692468640109,ab,362,6,
