,time,band,flux,fluxerr,zp,zpsys,field,ccd,comment
0,58872.153194400016,ztfg,14.698771030556388,41.63543678094657,26.0960828234159,ab,447,30,
1,58872.15591439977,ztfg,-31.520468836674848,35.99713025796183,26.0480947097854,ab,498,19,
2,58875.09894679999,ztfr,35.14008531316099,41.87161246201439,25.2922242252171,ab,498,19,
3,58875.099409699906,ztfr,46.55174123501514,54.38465193191903,25.8361158941965,ab,447,30,
4,58875.130370399915,ztfg,23.884405052407065,33.29048553562872,26.1132253341107,ab,447,30,
5,58875.1326156999,ztfg,32.56277872740035,29.762082634932504,26.0915833062851,ab,498,19,
6,58880.09429399995,ztfg,-104.73376018536354,58.87847424829501,26.2323163792226,ab,447,30,
7,58880.14880790003,ztfr,-6.9437977605258245,61.2117900449875,26.0845127107436,ab,447,30,
8,58885.0999305998,ztfg,118.38341364432472,80.57682330907284,26.0713591215775,ab,447,30,
9,58885.13160880003,ztfr,73.67059459109959,128.90886416996705,25.9626779189684,ab,447,30,
10,58886.09773149993,ztfr,116.85790773755338,77.44523654536007,26.1873928522454,ab,498,19,
11,58886.10121530015,ztfr,129.93080687885782,64.60178293320746,26.1594992022595,ab,447,30,
12,58886.10262730019,ztfr,191.2684258574737,58.15787052257067,26.1745147260949,ab,498,19,
13,58886.10611109994,ztfr,139.28274643579124,74.13891065404324,26.1498749285507,ab,447,30,
14,58886.107523099985,ztfr,152.17556203348892,75.53621531169917,26.1602191400036,ab,498,19,
15,58886.11099540023,ztfr,281.2659363864336,64.27731160861583,26.1340639537318,ab,447,30,
16,58886.11240739981,ztfr,203.15440839453126,66.17003335391605,26.135764052645,ab,498,19,
17,58886.115879599936,ztfr,99.89590386331108,63.726397938066256,26.1545808389354,ab,447,30,
18,58892.11368060019,ztfr,683.2121128342953,40.71546384906094,26.0443288077278,ab,447,30,
19,58892.118553199805,ztfr,660.0823694634429,42.734265641500556,26.0308469732855,ab,447,30,
20,58894.118830999825,ztfr,884.0668241197188,44.80059276321177,26.0547217339522,ab,447,30,
21,58896.10310189985,ztfr,1108.472196937363,143.13331376237443,26.1019731306264,ab,447,30,
22,58896.10791670019,ztfr,1076.4238265979461,173.20553738351572,26.0706460222805,ab,447,30,
23,58896.112719899975,ztfr,1011.1312298133729,88.01354674922341,26.0664098404145,ab,447,30,
24,58896.11751159979,ztfr,1061.6733688697982,74.15799551417989,26.0357765690294,ab,447,30,
