,time,band,flux,fluxerr,zp,zpsys,field,ccd,comment
0,58214.196898099966,ztfr,8.322313215267707,40.60228382588252,23.9188011677561,ab,469,23,
1,58217.21714119986,ztfr,16.625784435375863,19.29518701153687,26.1710474912603,ab,469,23,
2,58217.245208300184,ztfr,4.798266658565813,16.90211835723351,26.2372778571676,ab,469,23,
3,58221.203877300024,ztfr,-32.24125623379711,45.109576091196,25.8225589766,ab,469,23,
4,58221.22020829981,ztfr,32.392532115136106,59.953078766914714,25.8516374741299,ab,469,23,
5,58224.18085649982,ztfr,114.6334203789314,19.602934315567172,26.0494054496062,ab,469,23,
6,58224.1927894,ztfr,45.07091457457874,19.839187953248004,25.7473132802055,ab,469,23,
7,58227.24487269996,ztfr,269.2569223194648,22.87916856296049,26.2619318350605,ab,469,23,
8,58231.16947920015,ztfr,487.78733110505095,28.979575574634392,26.1643222235228,ab,469,23,
9,58236.18894679984,ztfg,839.5733562807778,91.0308193411877,26.2461432837329,ab,469,23,
10,58243.149791699834,ztfr,803.2815011815845,27.540013950820146,26.2655409171946,ab,469,23,
11,58243.19214119995,ztfg,919.2065729156524,26.01169077493753,26.2782987019394,ab,469,23,
12,58249.17065969994,ztfg,316.9116937502842,24.773153270510523,25.5231364902612,ab,469,23,
13,58258.16061339993,ztfg,324.0337523124874,28.90948744713895,26.2460991296003,ab,469,23,
14,58258.19189810008,ztfr,401.3769943911053,22.74774700081415,26.202656090094,ab,469,23,
15,58267.166828699876,ztfg,114.43630185391387,37.99147501361716,26.1881042784338,ab,469,23,
