,time,band,flux,fluxerr,zp,zpsys,field,ccd,comment
0,59047.417986100074,ztfr,580.203140014357,20.06380774104271,26.2408991024036,ab,290,50,
1,59047.43962959992,ztfg,536.1589793529246,18.96027401854138,26.2721481682033,ab,290,50,
2,59052.397465299815,ztfr,440.1408908922949,18.73083555267399,26.2440302699233,ab,290,50,
3,59052.45690969983,ztfg,327.1622952059382,16.494618552488635,26.256492534521,ab,290,50,
