,time,band,flux,fluxerr,zp,zpsys,field,ccd,comment
0,58967.33545139991,ztfr,16.238791735789224,29.74380532017548,26.1609163355478,ab,273,26,
1,58970.27341439994,ztfg,16.00519778261726,35.65509256562349,26.1677289315269,ab,273,26,
2,58970.35644679982,ztfr,23.433973792283755,29.01967112283476,26.1841562266192,ab,273,26,
3,58973.25086810021,ztfg,22.412168819963966,67.26318105924445,26.1168685169265,ab,273,26,
4,58973.292986100074,ztfr,2.569723377219457,62.08933983563874,26.2099676164357,ab,273,26,
5,58979.27085650014,ztfg,-65.96420877840904,44.148585708287314,26.0197169998242,ab,273,26,
6,58979.31151620019,ztfr,44.8972053657941,55.76987069821862,26.1034241048054,ab,273,26,
7,58987.29478010023,ztfr,324.29080919483465,20.616055534768222,26.212191925707,ab,273,26,
8,58993.2508911998,ztfg,1200.7064514127171,28.143545099034014,26.0614323657852,ab,273,26,
9,58993.27373840008,ztfr,1168.237259608134,40.13666238811058,26.1352480971606,ab,273,26,
10,58996.18861109996,ztfg,1638.241595706753,25.921304334268335,26.0551174334496,ab,273,26,
11,58996.25422450015,ztfr,1748.7199939219897,29.94202218394075,26.1746077469006,ab,273,26,
12,58999.27281250013,ztfr,2014.043262775136,53.71565807127704,26.1779987702161,ab,273,26,
13,59005.19770829985,ztfg,1895.288267120189,141.11138705933507,26.1026589173235,ab,273,26,
14,59005.25133100012,ztfr,2101.6412539211,93.34327765618752,26.1998207550084,ab,273,26,
15,59024.19358799979,ztfg,593.5529076198192,22.609199150016423,26.1696543128604,ab,273,26,
16,59024.21180560021,ztfr,1157.86952055522,25.39041272182199,26.1703195604704,ab,273,26,
17,59027.189143499825,ztfg,443.8231267956942,60.85895093531789,25.8698813580581,ab,273,26,
