,time,band,flux,fluxerr,zp,zpsys,field,ccd,comment
0,58972.37129630009,ztfr,63.188951261076724,19.97809708795974,26.3567056933437,ab,1629,22,
1,58972.37175930012,ztfr,56.806249472289444,20.32139070534828,26.365513362284,ab,1629,22,
2,58974.3030555998,ztfr,269.56404105106094,34.15678185717487,26.3257378276856,ab,1629,22,
3,58974.303993099835,ztfr,219.47894736132662,35.306840822680066,26.3325904775893,ab,1629,22,
4,58998.26163189998,ztfr,2602.929274323486,23.84465506435369,26.3513464196783,ab,1629,22,
5,59004.27075230004,ztfr,1884.7490462129063,46.00028237077707,26.342159398967,ab,1629,22,
6,59024.247280099895,ztfr,855.2620163433855,17.586980506891237,26.2007618867871,ab,1629,22,
