,time,band,flux,fluxerr,zp,zpsys,field,ccd,comment
0,58964.174027800094,ztfg,10.138899214428779,13.494556714317634,26.1228215680681,ab,814,39,
1,58964.24045140017,ztfr,5.061680902259881,17.823071414505883,26.1848813789798,ab,814,39,
2,58965.218078699894,ztfg,4.992616751534167,16.35422700397358,26.1915000649882,ab,814,39,
3,58966.176064800005,ztfr,-14.755753115077898,18.824404985600754,26.1442281548872,ab,814,39,
4,58966.17703700019,ztfr,-1.2100171355269413,20.809149131796666,26.0330608174575,ab,814,39,
5,58966.23907409981,ztfg,-4.848047808708267,22.01198452602986,24.894073007938,ab,814,39,
6,58966.239976900164,ztfg,-6.086750764581486,19.816019163362306,24.9299660447616,ab,814,39,
7,58967.17974539986,ztfr,21.552332544793046,20.531004293316045,26.2284504953695,ab,814,39,
8,58967.214826399926,ztfg,7.93387526197941,19.7385970360718,26.1657157133426,ab,814,39,
9,58968.178391200025,ztfr,-32.15731832178487,19.19135982919252,26.2751893816797,ab,814,39,
10,58968.22289349977,ztfg,-44.13881832712154,19.068326094587896,26.1982064367179,ab,814,39,
11,58969.19615740003,ztfg,-36.823903134349955,37.0280683869856,23.9687526537267,ab,814,39,
12,58972.18540510023,ztfr,-29.05812061530658,28.355900094289165,26.2490336046966,ab,814,39,
13,58972.21935189981,ztfg,17.669432400552495,33.872199474021386,26.1920335064682,ab,814,39,
14,58975.16079859994,ztfr,-3.679525789460515,29.89859728908572,26.2765520448702,ab,814,39,
15,58975.23350689979,ztfg,-30.006142168099018,53.52347324790461,26.1487857306737,ab,814,39,
16,58978.17987270001,ztfg,9.280184036218118,17.40448629715357,26.1681280611088,ab,814,39,
17,58978.237997699995,ztfr,50.137611479337316,35.57066261315121,26.2048315749821,ab,814,39,
18,58981.158715299796,ztfg,175.66798927414658,25.592736575497934,26.2346421713643,ab,814,39,
19,58981.22190969996,ztfr,196.4475268947596,33.67682298741663,26.2208963653353,ab,814,39,
20,58987.16329859989,ztfr,2581.355919602994,29.333742753927957,26.2616052994485,ab,814,39,
21,58987.22549769981,ztfg,2798.0737616380034,29.548666037830536,26.1576138176396,ab,814,39,
22,58998.1670022998,ztfr,6708.582838101852,42.27364701194817,26.2287795515392,ab,814,39,
23,58998.17194439983,ztfr,6580.101715851486,40.37813508752002,26.2103029801015,ab,814,39,
24,58998.17688659998,ztfr,6531.646332028577,39.10624627329105,26.2072531040571,ab,814,39,
25,58998.181828700006,ztfr,6488.046218032988,39.33623928765922,26.1928984565866,ab,814,39,
