,time,band,flux,fluxerr,zp,zpsys,field,ccd,comment
0,58758.502777799964,ztfg,669.2758562840054,25.396912713070456,25.8356543946901,ab,415,20,
1,58758.524965300225,ztfr,603.8003933116566,40.5346619022383,26.0752380943831,ab,415,20,
2,58761.50343749998,ztfr,650.0976453220054,26.56858218374509,26.032359726655,ab,415,20,
3,58765.503287000116,ztfg,777.5570103614965,22.27023101932862,25.9533135220674,ab,415,20,
4,58770.497777800076,ztfr,756.9948590933376,46.777633533011354,26.0649124263252,ab,415,20,
5,58771.51387730008,ztfr,777.0179290048779,118.0064429288955,26.083003725765,ab,415,20,
6,58775.5162037001,ztfg,556.0194051988192,37.19067095959198,26.0961839203674,ab,415,20,
7,58778.4983333,ztfr,568.6984416459097,77.60943590973083,26.1149505401232,ab,415,20,
8,58778.52283560019,ztfg,416.89695186123095,49.641461167985014,26.1106125642451,ab,415,20,
9,58781.463009300176,ztfg,505.2542864069502,111.35686639079697,25.9820192631002,ab,415,20,
10,58784.498692099936,ztfg,404.17482394340993,125.07468655300151,26.0788809691666,ab,415,20,
11,58784.53949069977,ztfr,308.26906318131967,163.29930090502606,26.1385675621037,ab,415,20,
12,58789.50278940005,ztfg,163.22267868749796,24.384606441196286,26.0698079076461,ab,415,20,
13,58789.524965300225,ztfr,295.98489162366025,23.675016153260398,26.1644437657647,ab,415,20,
14,58792.50190970022,ztfr,274.00907947431904,25.445222872461393,26.1176917671065,ab,415,20,
15,58796.530798600055,ztfr,198.6401343995151,29.579714725066616,26.1664114227211,ab,415,20,
16,58799.48115740018,ztfr,236.57326036190943,45.15540922108706,26.144038973359,ab,415,20,
17,58799.52357639978,ztfg,112.6308595355114,45.37991538506045,26.1356450178347,ab,415,20,
18,58803.43233799981,ztfr,180.43755669680434,40.466644900209054,26.105125198763,ab,415,20,
19,58806.46553240018,ztfg,35.11963493531055,48.48018742352555,26.1187771214202,ab,415,20,
20,58806.53984950017,ztfr,134.08131564589385,58.22937805356379,26.1459228140819,ab,415,20,
21,58812.422546300106,ztfg,30.435806330126212,20.04112967876249,26.0398108432304,ab,415,20,
22,58812.54666669993,ztfr,191.51989647548118,32.40006603705345,26.1424540477769,ab,415,20,
