,time,band,flux,fluxerr,zp,zpsys,field,ccd,comment
0,58338.32946760021,ztfr,-29.315378715175648,20.88886079397866,25.9572119001183,ab,438,3,
1,58338.361597199924,ztfg,24.524551012360128,20.62763281145481,25.9535484908663,ab,438,3,
2,58344.30185189983,ztfr,2.481602683070847,17.456052374729428,25.922290101573,ab,438,3,
3,58344.35222220002,ztfg,45.941398636431416,20.39515212916065,25.891242383601,ab,438,3,
4,58348.21587960003,ztfr,-19.446019644224087,25.3913795385338,25.9091407537389,ab,438,3,
5,58348.35302079981,ztfg,-10.23807260530133,19.116414373814084,25.9009411004994,ab,438,3,
6,58351.30335649988,ztfg,-30.923506828931377,38.17873703424569,26.0019783568934,ab,438,3,
7,58356.28990740003,ztfr,83.01516843257701,52.88767038648594,26.0044562612372,ab,438,3,
8,58360.27225690009,ztfr,213.0827106085369,31.637895520558143,25.990363974922,ab,438,3,
9,58363.189027800225,ztfg,278.8006055755784,33.1779440119486,26.0045961476411,ab,438,3,
10,58363.23106480017,ztfr,343.2497950330927,35.117688366277235,25.9662930582644,ab,438,3,
11,58366.2291898001,ztfg,458.71874998213855,18.041980849926823,26.0509510858186,ab,438,3,
12,58369.207094899844,ztfr,583.7798752909608,21.900511171227684,25.9664841703889,ab,438,3,
13,58369.2709144,ztfg,515.9672732116172,20.445181141915054,25.9953521596148,ab,438,3,
14,58372.167974499986,ztfr,720.0340486990349,23.127993255224574,26.0051604976435,ab,438,3,
15,58372.25605319999,ztfg,617.6151046108761,27.889990356536625,26.0857305887911,ab,438,3,
16,58375.15650459984,ztfr,694.1944881535888,34.00817783714105,26.0595224400647,ab,438,3,
17,58375.23071759986,ztfg,606.7054787670601,18.162379409004263,26.0550267413179,ab,438,3,
18,58378.19035879988,ztfg,508.5652830994292,25.78819877740997,26.0543524425633,ab,438,3,
19,58378.23296299996,ztfr,672.5584759770603,27.13998545011402,25.9999086123287,ab,438,3,
20,58383.209687499795,ztfg,403.8531556757244,77.64512179241649,25.9677399686009,ab,438,3,
21,58386.14700229978,ztfg,264.49051898591404,59.74998883891771,26.0213404232376,ab,438,3,
22,58389.192268500105,ztfg,231.47911497605782,37.520268695204486,25.9406912483629,ab,438,3,
23,58389.22831019992,ztfr,359.94092549861574,36.70242001754127,25.9451023898038,ab,438,3,
24,58399.105208300054,ztfg,114.24449330306128,37.08435751796025,25.9348584274459,ab,438,3,
25,58423.087523099966,ztfr,45.753027061920875,33.19689492429281,25.8424928494593,ab,438,3,
26,58423.149108800106,ztfg,34.72356683878954,30.65325448807495,25.6911181316802,ab,438,3,
