,time,band,flux,fluxerr,zp,zpsys,field,ccd,comment
0,58972.459687499795,ztfg,3009.2087946758497,34.04270668649956,26.2070815035596,ab,335,24,
1,58987.37304400001,ztfr,3147.46547971708,36.405210104639245,26.2654877659165,ab,335,24,
2,58987.43834490003,ztfg,1184.8316202948522,24.5664605948584,26.241622687678,ab,335,24,
3,58993.395161999855,ztfr,2310.14730350399,39.865757650324255,26.2693509800484,ab,335,24,
4,58997.39725690009,ztfg,859.074491933296,24.392250771523017,26.2053917515281,ab,335,24,
5,58997.43938660016,ztfr,2111.747384716952,32.46496348862001,26.3068286813429,ab,335,24,
6,59001.35672450019,ztfg,738.4543634349653,57.88658488084446,26.1830426707328,ab,335,24,
7,59001.480104200076,ztfr,723.2881804469471,65.09237206952389,25.2368453278363,ab,335,24,
