,time,band,flux,fluxerr,zp,zpsys,field,ccd,comment
0,58827.55356479995,ztfr,2878.9233337934006,39.7847897496162,25.9721678269995,ab,531,11,
1,58827.55835650023,ztfr,2930.077821346958,41.144835594724555,25.9979051708526,ab,531,11,
2,58827.56315970002,ztfr,2908.5737512584215,54.79692427267095,26.0112479730541,ab,531,11,
3,58827.56796299992,ztfr,2991.393521067974,65.045897153194,26.0158063759186,ab,531,11,
4,58829.55934030004,ztfr,641.5645212527185,300.65382536995577,24.0520952334235,ab,531,11,
5,58829.564097200055,ztfr,684.7622174373734,188.6964587001861,24.2852699360304,ab,531,11,
6,58829.5688426001,ztfr,1299.0846450555632,165.97317552944642,25.2525752178393,ab,531,11,
7,58835.559502299875,ztfr,3485.311115763345,93.81021893866746,26.1630652421033,ab,531,11,
8,58835.56425930001,ztfr,3472.4426660724644,64.7228513986193,26.1683842681243,ab,531,11,
9,58835.569016200025,ztfr,3455.2145551252147,82.71482080572612,26.1658492457134,ab,531,11,
10,58835.57377310004,ztfr,3315.133453813793,113.18400267828954,26.1680014728124,ab,531,11,
11,58837.54920140002,ztfg,2796.4226671617457,266.73170959424885,26.2089247698092,ab,531,11,
12,58852.52486110013,ztfg,739.3725943261487,25.190182929458878,26.2682897937323,ab,531,11,
13,58852.56275459984,ztfr,1806.4552930971354,29.60020101770329,26.2172305016646,ab,531,11,
14,58855.50211809995,ztfg,553.6297067275909,26.500696097275387,26.2215138746964,ab,531,11,
15,58861.51994210016,ztfg,474.0963128945223,87.7124451160503,26.2709073647774,ab,531,11,
16,58864.46217590012,ztfg,308.08824440385655,50.966169412493215,26.0169618696448,ab,531,11,
17,58864.521215300076,ztfr,843.3563848540468,25.630324673544226,26.2018601229488,ab,531,11,
18,58872.44390049996,ztfg,208.0378153040174,20.2665575356462,26.0943992981372,ab,531,11,
19,58872.56513890019,ztfr,470.03932052400626,20.61597949549272,25.9080718348985,ab,531,11,
20,58875.481886600144,ztfg,273.0691783749403,27.778702143589168,26.2680352543317,ab,531,11,
21,58875.55597219989,ztfr,633.8228196810487,45.72259025325538,26.2232558726871,ab,531,11,
22,58878.52458330011,ztfg,255.29694642050646,32.32362182809919,26.3403079396267,ab,531,11,
23,58878.56185190007,ztfr,568.5498180823624,39.87888306071369,26.2295326058842,ab,531,11,
24,58881.5443519,ztfr,462.85353369765875,18.363510950045804,26.2352725393834,ab,531,11,
