,time,band,flux,fluxerr,zp,zpsys,field,ccd,comment
0,58749.501018499956,ztfg,225.99947865904755,29.657911298526894,25.9636595287313,ab,256,26,
1,58757.504236099776,ztfr,430.3647832304,24.081549056121588,26.0774767575289,ab,256,26,
2,58760.50442129979,ztfr,464.4652585939908,53.45207499420347,26.0952024995006,ab,256,26,
3,58764.48164349981,ztfr,260.1782183066243,23.17596689599658,26.0491908930823,ab,256,26,
4,58764.50464119995,ztfg,101.42709092161503,23.78418063137815,25.9934609979002,ab,256,26,
5,58767.47818290023,ztfg,133.10200927147423,44.29682405104058,25.9895564264693,ab,256,26,
6,58770.4609375,ztfr,222.67329514764668,57.79523274085676,26.0857709694253,ab,256,26,
7,58770.50340279983,ztfg,182.59711751810312,68.59761798052507,25.9867228554858,ab,256,26,
8,58776.438807900064,ztfr,163.935844306916,75.63964179997025,26.0712643982754,ab,256,26,
9,58776.54261570005,ztfg,-36.22314949838973,108.58168718994493,25.9763044961746,ab,256,26,
10,58779.45891200006,ztfg,172.00058776360072,30.938123959937286,26.00750210354,ab,256,26,
11,58779.5239467998,ztfr,128.74351306460312,35.39330802974475,26.0570469476752,ab,256,26,
