,time,band,flux,fluxerr,zp,zpsys,field,ccd,comment
0,58427.49709489988,ztfr,801.2959132282982,70.97462897672385,26.022229462513,ab,523,49,
1,58427.53982640011,ztfg,792.4663993795957,33.304332655547725,26.2135969359777,ab,523,49,
2,58430.4831019002,ztfr,668.0079008967089,27.91976477836744,26.0207067235038,ab,523,49,
3,58430.52340279985,ztfg,697.0498075478827,18.086007720483824,26.1611143839969,ab,523,49,
4,58438.483657400124,ztfg,375.6500104139879,20.187322275929695,26.072466998359,ab,523,49,
5,58438.52339120023,ztfr,509.4955059220888,21.308388872274527,26.1025544897824,ab,523,49,
6,58439.516377300024,ztfg,312.1094246869148,15.139362153990849,26.0317626431394,ab,523,49,
7,58441.50283560017,ztfg,299.54696991585934,19.033649685173952,26.031733699447,ab,523,49,
8,58441.555937500205,ztfr,243.90292341075363,26.79813987846543,25.4558451888761,ab,523,49,
9,58447.49787040008,ztfr,322.414110497245,51.48328189838194,26.1225720878546,ab,523,49,
10,58449.47452550009,ztfr,278.074158751745,47.02946428177924,25.7864010185665,ab,1569,16,
11,58449.474988400005,ztfr,316.14973938342575,46.699219660516086,25.9071350305137,ab,523,49,
12,58450.502847199794,ztfg,159.47995267898875,36.28499822580515,26.2153558980595,ab,523,49,
13,58461.48197920015,ztfg,67.34174183521321,23.84986399508752,25.9308219667644,ab,523,49,
14,58461.544398100115,ztfr,210.9902239758171,20.42891810928693,26.0906426279678,ab,523,49,
15,58464.480833299924,ztfg,69.22206930553234,14.162878107016613,26.1612631713421,ab,523,49,
16,58464.54451389983,ztfr,231.30333672139804,21.350170800151332,26.1380744095159,ab,523,49,
17,58468.542118099984,ztfr,195.232261841292,19.7896567500615,26.2419988976855,ab,1569,16,
18,58471.50133100012,ztfg,78.41228837018174,21.48195894629724,26.2340701812737,ab,523,49,
19,58471.54265049985,ztfr,164.3838601403709,21.57217895262241,26.0819068368571,ab,523,49,
20,58476.46077550016,ztfr,136.34059864165366,32.16416776596831,26.143042100371,ab,523,49,
21,58476.46489580022,ztfr,158.73957447880377,30.52751726346511,26.2237960998391,ab,1569,16,
22,58476.50273150019,ztfr,110.40855955944684,28.557830691548002,26.1404811019256,ab,523,49,
23,58476.54798609996,ztfg,43.95098673308771,33.441946927870525,26.2131722267601,ab,523,49,
