,time,band,flux,fluxerr,zp,zpsys,field,ccd,comment
0,58829.209120399784,ztfr,159.27451502820932,291.37525860130165,25.2685566907744,ab,249,40,
1,58837.12634260021,ztfg,81.06347167707952,33.95954104855362,26.2359338568646,ab,249,40,
2,58837.231886600144,ztfr,-11.670566950977857,90.952545018485,26.2831215242037,ab,249,40,
3,58851.08422450023,ztfr,292.38126439531345,154.17910127381512,24.7568875869473,ab,249,40,
4,58851.125717599876,ztfg,425.5639361904519,69.65628783748201,25.9358280650086,ab,249,40,
5,58854.09859950002,ztfg,572.2761763879653,88.95554941358968,26.302956822594,ab,249,40,
6,58854.126307900064,ztfr,550.7765556159364,127.49380877177248,26.3372956324893,ab,249,40,
7,58860.10369209992,ztfg,447.2319129597465,67.26357364143384,26.2275794669632,ab,249,40,
8,58863.1253819,ztfg,402.00082620876435,33.84537933389856,26.2207596055808,ab,249,40,
9,58872.126863399986,ztfr,431.8528648103747,39.118464860620506,26.2981090129293,ab,249,40,
10,58872.14822919993,ztfg,206.11791791638768,35.122596449706414,26.1693516359505,ab,249,40,
11,58875.090752299875,ztfr,233.5031313819575,64.64007634627174,26.2870902582227,ab,249,40,
12,58875.148831000086,ztfg,117.00174963681573,33.03469176976022,26.1149471817984,ab,249,40,
13,58878.11541670002,ztfg,-129.47294853195166,240.6842518257368,25.0709887525965,ab,249,40,
14,58878.12803239981,ztfr,211.2933681947509,362.1028455262586,26.2143282800549,ab,249,40,
15,58881.09431710001,ztfr,423.355356006231,100.93351969800709,26.3152730008675,ab,249,40,
16,58881.12788189994,ztfg,174.97958650512743,80.02934275293596,26.1844200779383,ab,249,40,
