,time,band,flux,fluxerr,zp,zpsys,field,ccd,comment
0,58428.547870399896,ztfg,528.7205915647306,37.761318433801655,26.1479617775802,ab,821,53,
1,58431.54305560002,ztfr,760.8504031293762,95.12941771937254,26.054742640386,ab,821,53,
2,58434.53018519981,ztfg,1464.8711503732527,48.13355155226524,26.1567893357177,ab,821,53,
3,58437.51673609996,ztfg,1708.2373936021065,41.57625045334727,26.1486628597503,ab,821,53,
4,58437.55685190018,ztfr,1720.3630552668662,57.01962576356327,26.1494822774263,ab,821,53,
5,58441.50927079981,ztfg,1674.8595127782517,33.491965306491096,26.0299248679983,ab,821,53,
6,58448.493414400145,ztfr,1670.0777703604117,46.441071625812874,26.1020523406632,ab,821,53,
7,58448.55436340021,ztfr,1708.2712841542113,37.55972838943033,26.1440991899718,ab,821,53,
8,58462.48880789988,ztfg,40.38561492669392,17.950868166636738,22.9746488668443,ab,821,53,
9,58465.51216439996,ztfr,925.3895904530616,22.745787057104888,26.1462119810874,ab,821,53,
10,58468.44870370021,ztfg,371.9215778354112,15.599850063403633,26.1875661712971,ab,821,53,
11,58468.51412039995,ztfr,951.2254101031202,23.76181143869876,26.1581855066014,ab,821,53,
12,58472.53293980006,ztfg,274.41977349307166,17.614321085568545,26.2718268327124,ab,821,53,
13,58472.55465279985,ztfr,895.1838362049074,22.037723870351343,26.1746369766443,ab,821,53,
14,58476.52784720017,ztfr,732.9797820503732,27.764077719203126,26.1338397793761,ab,821,53,
15,58476.55351850018,ztfg,234.32714067912926,38.910435594973286,26.2493942076905,ab,821,53,
16,58480.537141200155,ztfg,255.9995542346462,50.63848648071379,26.23234198071,ab,821,53,
17,58480.55523149995,ztfr,491.38359817076014,47.445622139227126,26.1459999346883,ab,821,53,
18,58486.51410879986,ztfr,437.54835354396425,21.003752669253366,26.1709971069223,ab,821,53,
19,58486.548402800225,ztfg,182.57392354692678,22.8947461290793,26.2891422234142,ab,821,53,
20,58491.48991899984,ztfg,112.29568909498306,20.391420852417124,26.1432997826102,ab,821,53,
21,58491.5539119998,ztfr,345.90556398555384,26.681925363684066,26.1481891905388,ab,821,53,
22,58494.51491900021,ztfg,137.0184115974637,9.959415483717796,26.2208318817284,ab,821,53,
