,time,band,flux,fluxerr,zp,zpsys,field,ccd,comment
0,58245.15506940009,ztfr,-8.558127677632951,22.596309109923865,26.3125187786092,ab,620,42,
1,58245.211666699965,ztfg,-7.677656848925074,26.67759013150089,25.6727915005011,ab,620,42,
2,58248.1632869998,ztfr,-5.527004826611617,20.68416254032238,26.3265198655578,ab,620,42,
3,58248.173796299845,ztfg,-2.017784541862824,12.431843118977202,26.3437638133495,ab,620,42,
4,58254.17093749996,ztfr,-27.422519471790924,19.59652751113316,26.3278728146954,ab,620,42,
5,58258.1634837999,ztfg,120.19528947163003,28.00089839300185,26.3025276148598,ab,620,42,
6,58258.192870399915,ztfr,127.14712890810335,25.504752982540715,26.2465702514167,ab,620,42,
7,58262.18167820014,ztfr,1313.5344220196885,66.74780417546842,27.0424336458975,ab,620,42,
8,58263.202430599835,ztfr,2413.666386193326,85.55981299306386,27.4979068354054,ab,620,42,
9,58266.23692130018,ztfr,1216.3068020010455,41.48452489405701,26.2269413554715,ab,620,42,
10,58269.2358448999,ztfg,1551.0729138284385,72.09908952276177,26.2048350060199,ab,620,42,
11,58274.21471060021,ztfg,1813.1835557838945,23.0705142228646,26.2104963667633,ab,620,42,
12,58278.19680560008,ztfg,1654.4675326440235,31.321828873530322,26.1704964140809,ab,620,42,
13,58281.19769679988,ztfr,1846.8091094658228,26.70096885630506,26.2647601914973,ab,620,42,
14,58290.194791700225,ztfg,672.0534115956077,47.3641907239398,26.0263297615176,ab,620,42,
