,time,band,flux,fluxerr,zp,zpsys,field,ccd,comment
0,58363.50210649986,ztfg,931.7038643509669,48.6706720015074,26.0211373082896,ab,253,37,
1,58366.50061339978,ztfr,772.4737555816693,23.39374786180443,26.1626355292862,ab,253,37,
2,58369.47995370021,ztfg,956.9436465883812,19.923644759700096,26.0701307957451,ab,253,37,
3,58372.50126159983,ztfr,800.3254385456528,35.52621622383299,26.203508543459,ab,253,37,
4,58376.480104200076,ztfg,791.2654712823569,22.945633392035006,26.1634038637102,ab,253,37,
5,58376.50178240007,ztfr,732.3255883264065,21.364847845082036,26.1653308149475,ab,253,37,
6,58379.4588889,ztfg,622.6112740529752,21.428255733982414,26.1213480142892,ab,253,37,
7,58379.521562499925,ztfr,669.3645899065776,52.15674496747557,26.2094119383965,ab,253,37,
8,58383.45898150001,ztfg,467.9953756730038,21.62026123277085,26.0672917229813,ab,253,37,
9,58384.435358799994,ztfg,292.47634818176067,78.07930065211666,25.4256047300363,ab,1295,9,
10,58386.43871530006,ztfr,370.6168665323041,66.09025821948411,26.1587255623834,ab,253,37,
11,58386.480138900224,ztfg,375.94229043869075,95.41361578123545,26.1230593359425,ab,253,37,
12,58387.47853010008,ztfr,394.02728963890706,133.9421245947495,25.8031881883991,ab,253,37,
13,58388.4386574002,ztfg,368.9151514216394,46.36575787887923,26.1009212157551,ab,253,37,
14,58388.52187500009,ztfr,388.2296032134967,50.19370865766965,26.1838414858568,ab,253,37,
15,58389.438298599795,ztfg,151.09474714610639,45.441903525631126,26.0699696948811,ab,253,37,
16,58422.35496529983,ztfr,175.49255551244465,63.906465206942144,26.1186031320788,ab,253,37,
