,time,band,flux,fluxerr,zp,zpsys,field,ccd,comment
0,58274.48228010023,ztfr,528.8769918374123,45.179152923821114,26.1003586518914,ab,396,12,
1,58280.446030099876,ztfg,421.99070592012345,21.958565595988553,26.0715301442247,ab,396,12,
2,58283.44334489992,ztfg,394.1427412013331,22.81565872948479,26.0814247146937,ab,396,12,
3,58283.46358799981,ztfr,472.5805594062243,28.99199331868833,26.1036778082957,ab,396,12,
4,58286.44332179986,ztfg,303.6246501270206,26.72422959240782,26.1310648646172,ab,396,12,
5,58289.43495369982,ztfg,233.84540413641994,21.494324724075465,26.0961957262095,ab,396,12,
6,58289.4638772998,ztfr,326.90749137198577,23.12840459905881,26.1284507436912,ab,396,12,
7,58292.441446799785,ztfg,239.47026955989543,17.48470510694909,26.1666210497303,ab,396,12,
8,58295.447106500156,ztfg,201.15053667511066,39.33774973354455,26.1647381075723,ab,396,12,
9,58298.44222219987,ztfr,249.41315825985623,80.12615801515173,26.0831714313007,ab,396,12,
10,58301.457245400175,ztfr,288.9935134756074,39.27853363469526,26.0978186373535,ab,396,12,
11,58301.464780100156,ztfg,93.08331986907143,47.27176025491615,26.1596573529472,ab,396,12,
12,58302.481944399886,ztfi,141.3436232109832,28.13077839598627,25.4860246419435,ab,396,12,
13,58312.382928200066,ztfi,59.31024984269257,16.815809188181383,25.0997580703974,ab,396,12,
14,58312.43943289993,ztfr,159.647163576544,13.547696289675708,26.0297507371049,ab,396,12,
15,58315.4407060002,ztfg,42.717535877101255,11.636368184270443,25.9736320354968,ab,396,12,
16,58315.46464119991,ztfr,118.2059913477989,14.518878586135374,26.0067623895598,ab,396,12,
17,58318.41925929999,ztfg,52.580161822254105,13.540554379396596,26.2118956892113,ab,396,12,
18,58321.3643633998,ztfi,36.65272767226229,20.657922420693147,25.433368063797,ab,396,12,
19,58321.43951389985,ztfg,56.70040359621604,11.716944812471585,26.2373970355013,ab,396,12,
20,58324.461168999784,ztfr,161.897677473714,27.939479721045227,26.1014682618786,ab,396,12,
21,58325.381840299815,ztfi,87.43985997035293,32.195577596079865,25.4427661994816,ab,396,12,
22,58327.418310199864,ztfr,80.603843029518,119.61120893167087,25.6214736880877,ab,396,12,
23,58327.44091439992,ztfg,34.89861037874698,120.88961310859301,25.8532124828021,ab,396,12,
