,time,band,flux,fluxerr,zp,zpsys,field,ccd,comment
0,58850.481331000105,ztfr,-66.46796505946504,38.63364983703045,26.2948393588105,ab,368,23,
1,58850.52396989986,ztfg,-32.85698506776941,28.5527774234158,26.2865459105955,ab,368,23,
2,58853.48848380009,ztfg,7.010215745565221,15.718517028906213,26.3084539356228,ab,368,23,
3,58853.54391200002,ztfr,54.46697079071829,24.174901417213952,26.305836790215,ab,368,23,
4,58860.37555560004,ztfr,-274.2486939219869,118.40440453349079,26.2505333994718,ab,368,23,
5,58864.33706020005,ztfr,223.28945930290274,37.16521068633568,26.2080814098235,ab,368,23,
6,58864.43884260021,ztfg,252.9342950383563,37.85524422852629,26.2850177947376,ab,368,23,
7,58873.3150578998,ztfr,675.9154514178261,26.63730816926995,26.1291401125559,ab,368,23,
8,58876.38043980021,ztfg,990.5007186540658,20.447485189187127,26.2775372041862,ab,368,23,
9,58879.35884260014,ztfr,1123.3996251621381,160.46286139440733,26.2678503514648,ab,368,23,
10,58879.466597199906,ztfg,971.581877703991,88.82473662828738,26.2583449277766,ab,368,23,
11,58885.42162040016,ztfg,706.562257467977,76.54678033247576,26.1969226406914,ab,368,23,
12,58885.48550930014,ztfr,843.5911238616591,67.88671597743968,26.2816533157522,ab,368,23,
13,58888.29332179995,ztfg,550.7814680770994,153.57716993253396,26.2310621405679,ab,368,23,
14,58888.41906249989,ztfr,827.050049331521,127.2511280714291,26.3152274052233,ab,368,23,
15,58892.37730319984,ztfg,450.21584100909354,41.482833352237876,26.2792072164164,ab,368,23,
16,58895.4230324002,ztfr,476.22155034361185,29.56886879722811,26.2813746808292,ab,368,23,
17,58898.33402779978,ztfr,473.24062811378224,17.906515078273333,26.2846889405059,ab,368,23,
18,58905.2490393999,ztfr,343.8941165947234,40.39067964379662,26.2233515183718,ab,368,23,
19,58905.29136569984,ztfg,143.44099040661197,45.43821843520461,26.2248868503425,ab,368,23,
20,58908.3136574002,ztfg,104.66888886892691,19.950418670965494,26.2598667053409,ab,368,23,
21,58913.248773099855,ztfr,204.4830348579588,33.19115402226073,26.1705110189531,ab,368,23,
22,58913.31378469989,ztfg,153.2482656124917,33.272939756626414,26.1263276371767,ab,368,23,
