,time,band,flux,fluxerr,zp,zpsys,field,ccd,comment
0,58797.53637730004,ztfr,359.6222534261858,37.317762215939496,25.987063327498,ab,370,34,
1,58797.54141200008,ztfr,369.43090480612705,35.64370034274917,26.0146577621056,ab,370,34,
2,58797.5464583002,ztfr,314.1280703553021,37.489470282607115,26.0313609904766,ab,370,34,
3,58797.55150459986,ztfr,384.0554077814446,46.073737688294386,26.0619467449581,ab,370,34,
4,58799.5394444,ztfr,355.13541548900434,66.36692218615372,26.0739463933602,ab,370,34,
5,58799.544409700204,ztfr,436.6160676157111,59.148492488860406,26.086611710417,ab,370,34,
6,58799.549374999944,ztfr,379.643155655959,65.33980532587266,26.0667952215798,ab,370,34,
7,58799.55435189977,ztfr,387.03418421848926,90.57421422924912,26.1053280760283,ab,370,34,
8,58801.53988429997,ztfr,158.56317446710926,68.31111064709395,25.1100097002272,ab,370,34,
9,58801.54503470007,ztfr,257.8772742647837,61.1486099644906,25.3875065626547,ab,370,34,
10,58801.550173600204,ztfr,215.9836367642169,71.85210151880656,25.264723677118,ab,370,34,
11,58801.55530089978,ztfr,220.33025047223558,122.70894822012168,24.5289557426617,ab,370,34,
12,58803.54396989988,ztfr,497.6892357842085,49.665817591284835,26.0793200355104,ab,370,34,
13,58803.548750000075,ztfr,566.9281591737205,43.5734332465944,26.0913740247023,ab,370,34,
14,58803.55354169989,ztfr,545.8119122174809,52.61502116897606,26.1035919540137,ab,370,34,
15,58805.537812499795,ztfg,270.3011474634402,53.45252780859928,25.4992681818492,ab,370,34,
16,58830.56393520022,ztfg,53.16360796179066,52.294275498848414,26.2900352021499,ab,370,34,
17,58835.48129629996,ztfr,248.46441630229842,162.00559413618444,26.2703228068712,ab,370,34,
18,58835.5452083,ztfg,-13.911982720165298,78.85248745278389,26.2783649389897,ab,370,34,
19,58838.48121530004,ztfg,15.272072488604397,48.979332077760965,24.1321286275585,ab,370,34,
20,58838.54519680003,ztfr,85.74222445632279,56.69522427468452,24.2802328347457,ab,370,34,
21,58850.4827083,ztfr,138.6434284976432,45.507601361625106,26.2966653416131,ab,370,34,
22,58853.50104170013,ztfg,30.62316094734124,14.828083348241577,26.2899013408514,ab,370,34,
23,58856.532349499874,ztfg,1.299418766386708,27.889101745058785,26.28699746418,ab,370,34,
