,time,band,flux,fluxerr,zp,zpsys,field,ccd,comment
0,58510.14645829983,ztfg,133.61189106318437,80.86154739951172,25.9467801306233,ab,300,25,
1,58510.16519680014,ztfg,56.944484050633775,60.54571786583261,25.7826335928737,ab,300,25,
2,58510.22741900012,ztfr,-408.0044780329803,230.89215426725477,24.715947950362,ab,300,25,
3,58510.22833329998,ztfr,255.25066283699337,244.5927546729945,24.7185339813873,ab,300,25,
4,58523.1197106,ztfg,1.754875400957415,20.45845326514964,26.1546070017043,ab,300,25,
5,58540.11049770005,ztfr,1126.8824924924065,34.75549652267759,26.1527444300529,ab,300,25,
6,58540.11141199991,ztfr,1104.8726863141103,37.698269512300364,26.1548463049885,ab,300,25,
7,58540.12931710016,ztfg,1120.8071824437382,29.35896166247118,26.0177839284095,ab,300,25,
8,58540.13021990005,ztfg,1177.0281420095287,30.321080426223666,26.0213559007131,ab,300,25,
