,time,band,flux,fluxerr,zp,zpsys,field,ccd,comment
0,58431.188171300106,ztfr,197.44288756907343,107.65966388113743,26.0275575598217,ab,247,15,
1,58431.23057870008,ztfg,11.626754326455485,92.06999749838126,26.0377203392184,ab,247,15,
2,58434.27125000022,ztfg,49.35670466596215,99.4059615882183,26.0609560877093,ab,247,15,
3,58434.2943519,ztfr,52.64714171983076,119.90070755501122,26.014479375725,ab,247,15,
4,58437.210833299905,ztfg,12.94467705476533,73.54657099503206,26.1338310837623,ab,247,15,
5,58437.270150499884,ztfr,-2.6284909212416476,51.551937751306674,26.0480374966679,ab,247,15,
6,58457.125798599795,ztfg,-3.864075736466617,179.09671826270588,26.1796460535649,ab,247,15,
7,58457.176944400184,ztfr,183.6180932365083,82.79350164357801,26.0504969255888,ab,247,15,
8,58469.14697920019,ztfg,457.6348424305408,57.97083210577878,26.0744189331188,ab,247,15,
9,58469.14789350005,ztfg,358.89411833436964,44.183158657730914,26.0714900892709,ab,247,15,
10,58471.09276620019,ztfg,124.32282539910578,110.5749640370841,25.3750419451781,ab,247,15,
11,58471.16702549998,ztfr,603.0224455018057,154.3438878044065,25.9672796384116,ab,247,15,
12,58472.12497689994,ztfr,409.19226522421553,40.21834315739494,26.0856970740584,ab,247,15,
13,58472.16729169991,ztfg,360.8152315299441,60.35336392490224,26.0597757453689,ab,247,15,
14,58472.18637729995,ztfg,425.75666195149324,66.40250765467061,26.0353087695235,ab,247,15,
15,58474.105428200215,ztfg,363.2077081315046,74.60843128064319,26.1034562694677,ab,247,15,
16,58474.16284719994,ztfr,362.80525981981435,49.14000343815274,26.0320517861685,ab,247,15,
17,58482.15094910003,ztfg,244.7379485249043,90.08078266394054,26.0516519340295,ab,247,15,
18,58488.148611099925,ztfg,36.68517360896437,47.627927239386,25.0401554717819,ab,247,15,
19,58492.127465299796,ztfr,-13.514370729422193,74.07982935271158,23.5113925837891,ab,247,15,
