,time,band,flux,fluxerr,zp,zpsys,field,ccd,comment
0,58480.53152780002,ztfg,975.1452359238866,95.81600854240288,26.140583704245,ab,762,8,
1,58492.49500000011,ztfr,299.3910437015626,35.02159174581577,25.3535923556674,ab,762,8,
2,58492.550740700215,ztfg,206.6249420260688,17.16800281692083,25.4872366898043,ab,762,8,
3,58502.47260419978,ztfg,160.0279390913228,109.97970867777326,25.8995168951647,ab,762,8,
4,58505.49337959988,ztfg,-68.77318290520722,314.94937402491064,26.2328636293845,ab,762,8,
5,58508.510868099984,ztfr,405.5170027673417,58.2080268174216,26.1980066937892,ab,762,8,
6,58511.50716440007,ztfg,50.89896130737456,28.658140147959877,26.0386307634733,ab,762,8,
7,58511.54831020022,ztfr,305.1945675418415,25.27085564826216,26.0837447498183,ab,762,8,
8,58526.530497699976,ztfr,175.5543193996897,25.679716339559914,26.1325980911796,ab,762,8,
