,time,band,flux,fluxerr,zp,zpsys,field,ccd,comment
0,58973.28207179997,ztfr,565.5418833413431,31.031129901703892,26.3112822654168,ab,1826,44,
1,58973.282546299975,ztfr,581.0622046448594,32.68856091018664,26.3134313614979,ab,1826,44,
2,58974.268900500145,ztfr,637.4092425008042,32.822233726276366,26.3032952411382,ab,1826,44,
3,58974.269826400094,ztfr,654.5536157762216,30.406926461762243,26.2914746528675,ab,1826,44,
4,58976.26013890002,ztfr,739.8113937679846,41.309681247677034,26.3276011705806,ab,1826,44,
5,58976.26060190005,ztfr,705.7832170897543,38.29969023476861,26.3094521404672,ab,1826,44,
