,time,band,flux,fluxerr,zp,zpsys,field,ccd,comment
0,58558.19692130014,ztfr,-13.325080727634914,52.62598122643959,26.1504255269995,ab,1847,56,
1,58558.19737270009,ztfr,26.480834213431507,61.70305472730985,26.1131916736936,ab,1869,10,
2,58561.23951390013,ztfg,-53.49818049649375,60.19804757218206,26.1963810254307,ab,1847,56,
3,58562.21538189985,ztfg,-34.12796963407588,103.73398937737954,26.1972277113696,ab,1847,56,
4,58574.23636570014,ztfr,-17.829180873327456,28.75393191084333,23.4741562262129,ab,1847,56,
5,58588.2546759001,ztfg,8394.730115705,51.18453162094605,25.8781846518929,ab,1847,56,
6,58589.22315970017,ztfr,5669.203163585008,53.57152166106375,25.6512815027526,ab,1847,56,
7,58589.22361110011,ztfr,5612.811670308695,56.0872931928789,25.6277107632382,ab,1869,10,
8,58593.328518500086,ztfr,8993.422178553106,60.221662816321505,26.071456655115,ab,1847,56,
9,58593.32896990003,ztfr,8800.916550164719,67.97410751244902,26.0498912806667,ab,1869,10,
10,58618.270868100226,ztfr,3262.2579777050432,39.90430927476362,26.0046959306218,ab,1869,10,
11,58618.27131940005,ztfr,3317.780980809533,45.47297673857079,26.0383305220626,ab,1847,56,
