,time,band,flux,fluxerr,zp,zpsys,field,ccd,comment
0,58447.34486109996,ztfr,-26.580725504410996,86.26663566243573,26.257032163819,ab,772,22,
1,58450.26129630022,ztfg,-59.98633311926793,55.80312344484249,24.4440712813424,ab,772,22,
2,58450.32318289997,ztfr,-6.8180568800672825,124.91608804712848,22.8889709486518,ab,772,22,
3,58456.154097199906,ztfr,124.15399785397015,60.093062296691606,26.3244858505731,ab,772,22,
4,58457.146226900164,ztfg,-52.89090872194498,67.21785634359284,26.3261366563227,ab,772,22,
5,58466.224710599985,ztfr,88.02546659294393,125.83694251838563,23.9468880342043,ab,772,22,
6,58466.28406250011,ztfg,-50.34563770531135,65.39710978971307,22.5562660930313,ab,772,22,
7,58469.09858800005,ztfr,255.1143152305294,26.284293132897506,26.3407603569627,ab,772,22,
8,58469.13991900021,ztfg,290.08043452322056,30.965347954786168,26.2885118905665,ab,772,22,
9,58471.21774310013,ztfr,374.9888278587201,112.3011088009009,25.9712253784525,ab,772,22,
10,58472.11304400023,ztfr,542.5626163043668,40.39833014125407,26.3352723176233,ab,772,22,
11,58472.17755790008,ztfg,519.6790831077103,59.93180440918708,26.3078865733121,ab,772,22,
12,58475.13135420019,ztfr,799.6517320220017,44.11247140521236,26.342355944711,ab,772,22,
13,58482.12266199989,ztfg,1144.1384964055533,37.188438759830284,26.2886475992289,ab,772,22,
14,58486.10362270009,ztfr,1062.7985978736885,30.498952105817356,26.3288853085385,ab,772,22,
15,58490.14005789999,ztfr,887.8606964741273,50.27480967863598,26.3183974489346,ab,772,22,
16,58493.121076399926,ztfr,770.436026634559,32.45192986418435,26.3173318342943,ab,772,22,
17,58493.15990740014,ztfg,630.2762145095967,21.81926313429273,26.2277998632069,ab,772,22,
18,58503.18136569997,ztfg,102.83901124428255,73.43703521961153,26.1981444783722,ab,772,22,
19,58507.15885420004,ztfg,216.71168871673575,32.93947193400228,26.1872329120603,ab,772,22,
20,58510.154895800166,ztfg,180.24718402935494,73.53525250051601,26.0516167853034,ab,772,22,
