,time,band,flux,fluxerr,zp,zpsys,field,ccd,comment
0,58833.3521412001,ztfr,22.317554668983295,68.63047506277498,26.2987175236003,ab,1508,36,
1,58833.352592600044,ztfr,-12.392744610820012,62.25804293559936,26.3029136724247,ab,1508,36,
2,58860.32049770001,ztfr,1168.7456258164148,72.69106593452935,26.3094657167667,ab,1508,36,
3,58860.32094909996,ztfr,1340.426917281611,68.94987521146051,26.3096244962731,ab,1508,36,
4,58873.22135420004,ztfr,570.5759729694628,28.332380134850975,26.1526555258505,ab,1508,36,
5,58873.221805599984,ztfr,677.4566922343164,28.01664645939121,26.1953111787501,ab,1508,36,
6,58879.20179399988,ztfg,336.85100859651925,48.51049555267446,26.2801065869294,ab,1508,36,
7,58879.20358800003,ztfg,298.4477712995975,46.750810047043764,26.2691977304855,ab,1508,36,
8,58879.28765049996,ztfr,672.5627106621579,65.77142882194255,26.2995264607934,ab,1508,36,
9,58879.2881018999,ztfr,452.8293088353337,76.75214647897576,26.2907191262622,ab,1508,36,
10,58882.153530099895,ztfr,578.9845627846522,45.436116456001365,26.2763723106038,ab,1508,36,
11,58882.16206019977,ztfr,598.5853990331078,60.77006643181938,26.2829796108987,ab,1508,36,
12,58883.18940970022,ztfr,648.7523660587611,189.59170914764184,25.6412331687732,ab,1508,36,
13,58894.244085600134,ztfr,303.8229208939977,23.711909304532476,26.2833464578632,ab,1508,36,
14,58894.24453700008,ztfr,325.5946588161307,23.047862978731878,26.2795424587198,ab,1508,36,
15,58898.19450230012,ztfg,121.94222170764672,17.91818134623078,26.2403744648529,ab,1508,36,
16,58898.19495370006,ztfg,93.87343256883874,18.94468046288014,26.2342868521708,ab,1508,36,
17,58899.20783559978,ztfg,124.27122255611354,22.740374435557197,26.2608680860566,ab,1508,36,
18,58900.18287040014,ztfr,187.821372697004,26.865502826239577,26.0649983087325,ab,1508,36,
19,58900.18332180008,ztfr,199.98905014988725,27.50522700168052,26.0911403223935,ab,1508,36,
20,58905.18575230008,ztfr,227.61927974993836,44.85163693261529,26.2775017174936,ab,1508,36,
21,58905.186203700025,ztfr,175.9650901214941,56.61021958736925,26.2738199101922,ab,1508,36,
22,58909.12471059989,ztfr,141.6684728915019,84.99906227451775,26.2786057416171,ab,1508,36,
23,58909.125173599925,ztfr,85.62181343403701,92.13140631284904,26.2764447657457,ab,1508,36,
