,time,band,flux,fluxerr,zp,zpsys,field,ccd,comment
0,58835.07086810004,ztfr,-461.18349317989566,298.8536754207621,26.1960715141599,ab,295,41,
1,58835.12628469989,ztfg,9.254652454172916,130.87848465498837,26.0195956557958,ab,295,41,
2,58838.12620369997,ztfg,24.008914233880823,55.14361351043571,25.6211630648937,ab,295,41,
3,58852.10613430012,ztfg,66.31444439635554,42.274421658437504,26.1889575500908,ab,295,41,
4,58852.14944439987,ztfr,145.53608038652536,48.735599026485254,26.2924764445016,ab,295,41,
5,58856.08512730012,ztfg,436.7470812050962,48.61150632890044,26.2860734564582,ab,295,41,
6,58856.127175900154,ztfr,529.8311629029394,43.11038806319515,26.2857009297237,ab,295,41,
7,58860.12811340019,ztfr,1129.3473003826991,76.20018870306275,26.2537183979412,ab,295,41,
8,58863.0861343001,ztfr,1769.993002592742,52.72977264457152,26.3166990225289,ab,295,41,
9,58863.10644679982,ztfg,1454.9705779003527,34.22915545975831,26.23601642157,ab,295,41,
10,58873.08991899993,ztfr,1796.0436171455526,66.20135416726824,26.2926728877193,ab,295,41,
11,58873.10711809993,ztfg,1247.8232246235746,45.40733118731021,26.191786490317,ab,295,41,
