,time,band,flux,fluxerr,zp,zpsys,field,ccd,comment
0,58362.50203699991,ztfg,287.0836440162508,51.15213793744888,26.0987887205139,ab,357,8,
1,58365.51843750011,ztfr,1058.810205832765,56.340415055594455,26.143498879907,ab,357,8,
2,58368.47465279978,ztfr,888.9118494590276,20.685296153048892,26.0922600070115,ab,357,8,
3,58368.50196760008,ztfg,281.5587367254095,25.058776614520436,26.2146981907878,ab,357,8,
4,58371.47719909996,ztfr,787.7509813970961,27.26166283835297,26.1490492389708,ab,357,8,
5,58371.52118059993,ztfg,260.58737225150367,55.22686467422094,26.225339449209,ab,357,8,
6,58374.46247689985,ztfg,243.43348482630788,35.92158684156122,26.1304222240299,ab,357,8,
7,58377.45976850018,ztfr,659.218021112009,34.42193009188497,26.109715831022,ab,357,8,
8,58377.50061339978,ztfg,224.26206357793143,17.464738743031706,26.1929730819798,ab,357,8,
