,time,band,flux,fluxerr,zp,zpsys,field,ccd,comment
0,58886.4856480998,ztfg,1433.7195275933086,99.88163932360992,26.1339135640809,ab,726,5,
1,58886.56974539999,ztfr,1506.2611519086615,38.54593008391231,26.3048900666064,ab,726,5,
2,58892.537812499795,ztfr,1072.424568353466,38.44292306766633,26.2629179686329,ab,726,5,
3,58892.551689799875,ztfg,1163.3854893806847,61.35078822698454,26.3082113549917,ab,726,5,
4,58895.51273149997,ztfr,1073.953841489857,38.39220004070945,26.2631824616131,ab,726,5,
5,58895.54468750022,ztfg,986.8764166151559,36.42684285951777,26.3214317404489,ab,726,5,
6,58900.51401619986,ztfr,424.6577970749008,28.132878361538417,25.5980551080799,ab,726,5,
7,58912.4884722,ztfr,662.7200040379323,27.292625613704356,26.2473206035465,ab,726,5,
8,58912.52949069999,ztfg,255.2397675039711,16.208395212597075,26.3122203442691,ab,726,5,
9,58915.48788189981,ztfg,48.48644837074019,68.68693617244217,24.9085594145777,ab,726,5,
10,58915.525312500075,ztfr,555.8761563058366,24.63781840187098,26.2214117586442,ab,726,5,
11,58936.49112269981,ztfg,78.28725303445297,20.506577666588164,26.3149336991133,ab,726,5,
12,58936.51225689985,ztfr,203.31667510628677,29.714627413760713,26.2753326833842,ab,726,5,
13,58936.52679400006,ztfr,243.30910230576572,30.022045171024043,26.3551511260025,ab,1725,40,
