,time,band,flux,fluxerr,zp,zpsys,field,ccd,comment
0,58210.30849540001,ztfg,198.8769188176094,135.78975569034358,26.1295925282091,ab,423,40,
1,58214.34848379996,ztfr,-169.96934791328977,64.06832492847226,25.5740065683837,ab,423,40,
2,58217.281655100174,ztfr,30.659121933373882,23.06601833547206,26.2981091094587,ab,423,40,
3,58217.3039119998,ztfr,34.77826276402774,18.957546037963837,26.2818709051246,ab,423,40,
4,58224.26611110009,ztfr,490.8118125187542,35.51065636387831,26.2362996018951,ab,423,40,
5,58224.27724540001,ztfr,518.4184809419525,30.153847853635657,26.2432699095842,ab,423,40,
6,58229.27145829983,ztfg,1184.2039107843357,27.46440895345025,26.3374751500801,ab,423,40,
7,58233.20752310008,ztfr,1236.509510071476,37.583303129595244,26.3409730138495,ab,423,40,
8,58243.16834490001,ztfr,1061.8315032074008,30.172538595489833,26.3129060456216,ab,423,40,
9,58243.22993060015,ztfg,921.3960926463307,21.745530321906102,26.2926352568734,ab,423,40,
10,58246.23060189979,ztfr,50.97708695529511,60.163874236579005,23.6239281408699,ab,423,40,
11,58249.229282400105,ztfg,551.2546583207629,33.39276439064108,26.202908000604,ab,423,40,
12,58249.23114580009,ztfr,743.912967100528,27.771564756964388,26.2269483655332,ab,423,40,
13,58256.24197919993,ztfr,632.209942764243,36.26802537383026,26.3203258868603,ab,423,40,
14,58259.25285879988,ztfr,90.61165070021403,30.964523570865108,24.1866525385106,ab,423,40,
15,58267.165358799975,ztfg,95.06220258866718,57.27616291241461,26.2885232199105,ab,423,40,
16,58267.29261570005,ztfr,368.45461226372544,58.70790333387738,26.2879280880713,ab,423,40,
17,58270.166759300046,ztfr,395.959262945125,46.93455300128271,26.3404326524786,ab,423,40,
18,58270.238842600025,ztfg,105.30049428389884,40.56001486210544,26.2116578885478,ab,423,40,
19,58275.210787000135,ztfg,115.00387964007373,16.691404718871805,26.2817008450206,ab,423,40,
20,58278.209618099965,ztfg,121.09187767551212,23.83362967288887,26.2464951112057,ab,423,40,
21,58278.23246529978,ztfr,344.3916308798038,28.76781001218473,26.2768619418549,ab,423,40,
22,58281.18973380001,ztfr,225.07841165039727,20.265936159457425,26.3013837690241,ab,423,40,
23,58284.211458299775,ztfg,82.21873761195906,17.764368211328133,26.2294775248952,ab,423,40,
24,58287.25288189994,ztfr,178.93929677100763,32.64147894334126,26.2953080096252,ab,423,40,
