,time,band,flux,fluxerr,zp,zpsys,field,ccd,comment
0,58888.520150499884,ztfr,-266.2722270004126,383.9871617832637,26.1280898857922,ab,380,11,
1,58888.52060189983,ztfr,562.8534287781177,353.14198375107514,25.9871666219908,ab,329,48,
2,58892.52047450002,ztfr,401.1892255149455,45.14420811210174,26.1575117330716,ab,380,11,
3,58892.52092589997,ztfr,393.0015866342991,46.788181730040826,25.9798287984387,ab,329,48,
4,58892.56440970022,ztfg,238.41370886098179,71.66486578851553,26.0802522046571,ab,329,48,
5,58900.483078700025,ztfr,224.32088981906875,32.34760524845459,25.1742725810948,ab,380,11,
6,58913.482233799994,ztfr,152.79954288974196,28.625019821034634,25.3021929378667,ab,329,48,
7,58913.48268519994,ztfr,188.1078599126477,22.084881937536345,25.4831885274523,ab,380,11,
8,58940.4644559999,ztfg,-39.870540849606755,28.61470807145265,23.658475150368,ab,329,48,
9,58940.464907399844,ztfg,12.902956076795759,23.248489858527094,24.1224285670992,ab,380,11,
10,58940.50170140015,ztfr,66.36178080316199,30.56733219988518,25.0755061713319,ab,380,11,
11,58940.523043999914,ztfr,-15.659838975659198,45.121627247299706,24.5719321024929,ab,329,48,
12,58944.46047449997,ztfg,56.932077113774454,65.49493631296932,26.2471581168296,ab,380,11,
13,58944.50212959992,ztfr,60.890152286330746,49.02204591508073,26.1490084038519,ab,380,11,
