,time,band,flux,fluxerr,zp,zpsys,field,ccd,comment
0,58374.5229282002,ztfr,1660.898302960719,90.6761321357358,26.1329120725203,ab,751,54,
1,58377.522083300166,ztfg,2150.011576050402,41.78948817074517,26.0812307778255,ab,751,54,
2,58380.51518520014,ztfg,2175.603705293325,29.465223793986176,26.2276313111835,ab,751,54,
3,58385.49157410022,ztfg,1344.3267353589895,62.26515194663692,26.0899296271894,ab,751,54,
4,58385.52776619978,ztfr,1252.0032367821316,65.35727774880593,26.1473612754106,ab,751,54,
5,58388.5302893999,ztfr,1090.213652688264,43.714488087312176,26.1344789655645,ab,751,54,
6,58397.52348379977,ztfr,915.4147274905779,21.538451524881005,26.1316195602353,ab,751,54,
7,58422.4752894002,ztfg,186.6889848901325,36.67179716974493,26.2078789209402,ab,751,54,
8,58422.52003470017,ztfr,294.05861217668587,27.2730148508259,26.1668792764614,ab,751,54,
9,58423.46798609989,ztfg,114.82863794602393,30.497279601603008,26.1935221473807,ab,751,54,
10,58423.468923599925,ztfg,140.6591837095838,36.401229169562455,26.1900719588214,ab,751,54,
11,58423.51296300022,ztfr,325.4500752899572,31.62003118119439,26.1883098263161,ab,751,54,
12,58423.51391200023,ztfr,344.1434004405011,30.07991957680027,26.1908784173219,ab,751,54,
13,58424.49978009984,ztfg,181.76627483511342,18.873070646296664,26.2662794842238,ab,751,54,
14,58425.48598380014,ztfr,314.5544343535913,36.557658785656535,26.1748261856192,ab,751,54,
15,58425.53736109985,ztfg,154.68305120852384,21.28580940183959,26.2859580082929,ab,751,54,
16,58425.55040509999,ztfg,222.27158715887057,45.18244594874452,26.2978987347071,ab,1788,23,
17,58426.483900499996,ztfg,161.44319154312555,11.831568887351027,26.2554448062214,ab,751,54,
18,58426.49633099977,ztfg,141.32061337477887,11.600997453688553,26.2500542936546,ab,751,54,
19,58426.52627310017,ztfr,271.20621741533876,17.88478540626828,26.1447753247114,ab,751,54,
20,58426.52723379992,ztfr,283.22037807791196,17.053751414190312,26.1896882210419,ab,751,54,
21,58427.488263899926,ztfr,309.27961980304224,27.752548503347455,26.1530108279614,ab,751,54,
22,58427.51304400014,ztfg,156.11265409348698,21.321382079360752,26.2500837568168,ab,751,54,
23,58427.545497700106,ztfg,154.16379132641822,20.66862783621701,26.3027976100096,ab,1788,23,
24,58428.50600690022,ztfr,287.186328516406,24.79163055827521,26.1818436162388,ab,751,54,
