,time,band,flux,fluxerr,zp,zpsys,field,ccd,comment
0,58423.549027800094,ztfr,560.6391748690202,44.73742399549697,26.1262166929191,ab,820,54,
1,58426.509687500075,ztfr,537.4073059415069,19.80790016736475,26.1074332831792,ab,820,54,
2,58429.5521644,ztfr,469.05918346034485,39.469874742903876,26.1114551900676,ab,820,54,
3,58430.51528939977,ztfg,369.1433607078689,13.73181253836519,26.178629749952,ab,820,54,
4,58430.53075229982,ztfg,389.17692539700494,16.429705467984117,26.1738303006106,ab,820,54,
5,58430.54521990009,ztfg,358.3052171005601,18.762616474859858,26.1994839873142,ab,820,54,
6,58431.48820600007,ztfg,341.5377919477451,38.28891922075477,26.0567435404058,ab,820,54,
7,58431.51861110004,ztfr,411.4380752524386,66.50990445733756,26.0860803136121,ab,820,54,
8,58431.53667820012,ztfr,383.77809252375835,60.714868899708726,26.1051936636582,ab,820,54,
9,58431.54447920015,ztfr,241.4729487068081,68.11304117402929,26.1121467124087,ab,820,54,
10,58432.486874999944,ztfg,299.90050378942516,19.399846404822807,26.1232366780837,ab,820,54,
11,58432.48778939992,ztfg,286.41017653279755,19.841821202586374,26.1212997083936,ab,820,54,
12,58432.50956019992,ztfr,426.22774839144404,25.135864633375103,26.1337779479962,ab,820,54,
13,58432.525231500156,ztfr,447.5304427980252,24.525473880496662,26.1524058678978,ab,820,54,
14,58432.54974539997,ztfr,457.6625371327611,26.156835117648033,26.1512565877442,ab,820,54,
15,58432.55065969983,ztfr,461.79863755658516,29.13579471603089,26.169702675701,ab,820,54,
16,58435.51263889996,ztfr,530.7259227161788,84.01327718259097,26.1331738139004,ab,820,54,
17,58440.4698379999,ztfg,66.23445150910223,14.899347040210918,25.3099959529107,ab,820,54,
18,58440.5500810002,ztfr,390.5182522758948,19.46219821476093,26.1450409081787,ab,820,54,
19,58443.47070599999,ztfr,384.23581735970436,29.71073711322049,26.1346625651548,ab,820,54,
20,58443.49105319986,ztfg,165.40748101811084,32.34041835312183,26.150436590744,ab,820,54,
21,58447.44699069997,ztfr,226.6701326916018,50.50561880633005,26.1161447013261,ab,820,54,
22,58447.52670140006,ztfr,377.8462639041261,50.88784395621658,26.1640845423063,ab,820,54,
23,58450.48943290021,ztfg,73.51204657520077,35.31495910102422,26.2009337038753,ab,820,54,
24,58461.46893520001,ztfg,41.40039519219293,14.45537817785507,25.2848325044763,ab,820,54,
25,58464.493495400064,ztfg,43.29604105228286,14.236150983485977,26.1335769947137,ab,820,54,
