,time,band,flux,fluxerr,zp,zpsys,field,ccd,comment
0,58605.22672449984,ztfg,40.06815040069826,16.854841793141087,26.1742367118392,ab,709,41,
1,58605.2276504999,ztfg,-14.586033471067637,13.170157861726748,26.1764024623041,ab,709,41,
2,58606.15424769977,ztfg,7.2212562205409405,17.173626610965005,26.204580051424,ab,709,41,
3,58606.187604200095,ztfr,-7.898955649867364,16.35967549433112,26.2218617230507,ab,709,41,
4,58608.19260419998,ztfg,-1.1643790955160445,15.49367354465405,26.1828110134406,ab,709,41,
5,58608.2042129999,ztfg,-3.6406836047612083,14.845812053075456,26.1664349061256,ab,709,41,
6,58609.15758100012,ztfr,-7.879142083551325,29.65188986731704,26.2475559568438,ab,709,41,
7,58609.19164349977,ztfg,0.22709084206017363,19.459429763026414,26.2202502848436,ab,709,41,
8,58617.18775459984,ztfg,64.55551010419063,31.96410617302765,26.1890814222494,ab,709,41,
9,58617.2243170999,ztfr,-12.823715246630636,32.60707764411954,26.1907047048877,ab,709,41,
10,58617.22523149988,ztfr,-43.5370213261898,34.107445859400016,26.1895480069032,ab,709,41,
11,58619.212858799845,ztfg,-121.14111225003198,119.8212098170192,23.783759261549,ab,709,41,
12,58645.204502299894,ztfg,2042.3638084117722,52.105942027324964,25.9210470243809,ab,709,41,
13,58650.172847200185,ztfr,986.7057331438062,130.20334190809677,25.6679469780056,ab,709,41,
14,58650.175844899844,ztfr,1730.6520394197669,59.02311162333875,26.128426607352,ab,709,41,
15,58650.17885420006,ztfr,1736.1220438673313,67.54336832951371,26.1165980043313,ab,709,41,
16,58650.18185190018,ztfr,1846.6234386034632,61.80339325319764,26.1228988115008,ab,709,41,
17,58653.17194439983,ztfr,1391.6027740028167,77.4676322452033,26.0592103684015,ab,709,41,
18,58653.17568290001,ztfr,1328.527042328269,59.622399194458495,26.0406212232546,ab,709,41,
19,58653.17942130007,ztfr,1370.6453485080704,54.04314394721751,26.0361586896671,ab,709,41,
20,58653.182743099984,ztfr,1354.892935018344,50.78100528980303,26.0231952363422,ab,709,41,
