,time,band,flux,fluxerr,zp,zpsys,field,ccd,comment
0,58956.28734950023,ztfr,955.0630786314168,19.128903798035953,26.1938456218931,ab,1793,37,
1,58956.2877894002,ztfr,966.5918041072172,19.211829793932758,26.1924527047718,ab,1793,37,
2,58973.2853472,ztfr,455.101884640539,29.07914532147929,26.2557741763762,ab,1793,37,
3,58973.28582180012,ztfr,455.76958638828364,29.128096545006464,26.2862720529566,ab,1793,37,
4,58976.2709144,ztfr,392.5315282616769,30.98289277834833,26.2943969862036,ab,1793,37,
5,58976.284814800136,ztfr,442.05540444285134,38.96908433162388,26.2596064594831,ab,1793,37,
