,time,band,flux,fluxerr,zp,zpsys,field,ccd,comment
0,58998.29561340017,ztfr,8.6909788865104,15.265018561263272,26.2966683526117,ab,430,25,
1,59001.272708300035,ztfr,13.685812189616684,30.08606560805781,26.2533385064092,ab,430,25,
2,59009.271539399866,ztfg,115.14895756906107,47.61102288195903,26.3316937908873,ab,430,25,
3,59012.25162040023,ztfr,-0.2608055904798978,15.363216813229778,26.3628179730494,ab,430,25,
4,59016.3354282002,ztfg,-5.185331207239511,17.581669288934577,24.9948465653799,ab,430,25,
5,59019.23122690013,ztfr,292.33225711174134,16.567555652952564,26.3057199245234,ab,430,25,
6,59019.25234950008,ztfg,238.96723560640797,14.935037671504174,26.3030632370586,ab,430,25,
7,59022.198923599906,ztfg,503.8922812125763,22.082757765694385,26.3547283961651,ab,430,25,
8,59022.23026619991,ztfr,558.4588578808449,18.556252114304012,26.3419511238874,ab,430,25,
9,59025.22991900006,ztfg,418.9536571953756,14.368815101798102,25.7122986144088,ab,430,25,
10,59028.199224499986,ztfg,824.9306685586023,31.122716845353217,26.2114233481523,ab,430,25,
11,59028.2107406999,ztfr,996.0625281552392,31.80778881590156,26.2420226806271,ab,430,25,
12,59033.189919000026,ztfg,963.1107481090809,86.57036881998148,26.2995409427353,ab,430,25,
13,59036.21474540001,ztfg,903.4553121423381,45.69807040475382,26.2694946728653,ab,430,25,
14,59036.27436339995,ztfr,1141.6519524311557,45.56595026796007,26.2935031375077,ab,430,25,
15,59039.193518499844,ztfg,744.1072859266885,17.000289954945874,26.2796730038535,ab,430,25,
16,59042.19466440007,ztfg,606.7962429464291,16.24160173988006,26.2433999969685,ab,430,25,
17,59042.211111099925,ztfr,917.2642540334263,21.809116613422212,26.2889735648274,ab,430,25,
18,59045.190624999814,ztfr,776.6932055669777,21.46011121523296,26.3491761569272,ab,430,25,
19,59048.1897454001,ztfr,722.0344894568386,20.31543459421006,26.35462431275,ab,430,25,
20,59051.16809030017,ztfg,397.90034632471674,36.8426798700707,26.2827310369657,ab,430,25,
21,59051.1897454001,ztfr,648.3170309835722,26.869628429893808,26.3180522048263,ab,430,25,
22,59064.1904397998,ztfg,101.52753905588223,92.53530701967325,26.1421098270919,ab,430,25,
23,59064.27351849992,ztfr,240.99071061301086,105.32779734495949,26.2104165420591,ab,430,25,
