,time,band,flux,fluxerr,zp,zpsys,field,ccd,comment
0,58582.50333329989,ztfr,428.72928755742066,46.028456515364304,25.9389630316324,ab,546,34,
1,58582.5082291998,ztfr,314.3290844188103,45.95532671925175,25.8188768461653,ab,546,34,
2,58582.51321760006,ztfr,369.46195883859593,48.71653200915216,25.9619913593044,ab,546,34,
3,58582.51820599986,ztfr,489.43199112960906,47.53497414406299,26.1122502000417,ab,546,34,
4,58588.5001968001,ztfr,851.4710113120207,29.96141338731946,25.8920320475572,ab,546,34,
5,58588.50462959986,ztfr,855.2577294745189,30.848211314375103,25.9445996728853,ab,546,34,
6,58588.50907409983,ztfr,834.4982025024179,42.19332083165479,25.9270374457751,ab,546,34,
7,58588.51351850014,ztfr,880.502072273936,50.74448285076826,25.8531944410412,ab,546,34,
8,58607.47329859994,ztfg,890.5983840226618,18.99307545330841,26.0336138408046,ab,546,34,
9,58607.498136600014,ztfr,949.1398362587125,30.118803101967913,26.1763986968123,ab,546,34,
10,58618.43768520001,ztfg,33.057010597649544,22.203106029899565,22.1916924009482,ab,546,34,
11,58634.46401620004,ztfg,156.53257951477872,11.841733660012109,26.1246055955312,ab,546,34,
12,58637.43679400021,ztfr,274.4965695712692,13.216218939352242,26.1466476153584,ab,546,34,
13,58637.46491899993,ztfg,130.42126546422722,11.611502852036075,26.1360248888578,ab,546,34,
14,58640.44766200008,ztfg,130.6373263665891,13.650327258338283,26.1714230074429,ab,546,34,
15,58640.46599540021,ztfr,263.78101336079743,15.782549279974004,26.2139857259227,ab,546,34,
16,58643.44305559993,ztfg,93.12974865076094,17.17220068671364,26.1869852967135,ab,546,34,
17,58643.47622689977,ztfr,248.70515839008306,21.63994449993998,26.2347263402669,ab,546,34,
18,58646.44223379996,ztfg,82.65600858014625,16.090545933985137,25.8739062625742,ab,546,34,
19,58646.46491899993,ztfr,221.69384433438256,15.222907493216766,26.2162190567743,ab,546,34,
