,time,band,flux,fluxerr,zp,zpsys,field,ccd,comment
0,59178.508206000086,ztfg,-31.486503522178943,16.28569668206193,26.2646692063719,ab,758,58,
1,59180.553391200025,ztfr,112.4378719220264,105.50453356613588,26.2750835185398,ab,758,58,
2,59184.51796300011,ztfr,362.8188276722918,40.206959507825324,26.2493089267521,ab,758,58,
3,59184.53185189981,ztfg,372.76960599158934,52.9269257400967,26.3353540934416,ab,758,58,
4,59186.530231500044,ztfg,883.7981404805191,229.02730687791532,26.346081274425,ab,758,58,
5,59188.491956000216,ztfi,412.1115944701806,32.02872664227157,25.6403384016304,ab,758,58,
6,59188.520092600025,ztfr,755.4121897040895,36.89737374251074,26.2811430573492,ab,758,58,
7,59188.53108800016,ztfg,905.1531300709553,40.30793898910676,26.3494102131283,ab,758,58,
8,59193.467453700025,ztfg,1189.100519390639,30.60763128054608,26.2129333193686,ab,758,58,
9,59193.53089120006,ztfr,1098.4716270608887,23.755935085505765,26.2740546889064,ab,758,58,
10,59195.518124999944,ztfr,969.5818597337735,69.5400668267947,26.0954525803424,ab,758,58,
11,59195.545497700106,ztfg,1093.063802046686,37.65033374651849,26.1551803675546,ab,758,58,
12,59198.464907399844,ztfr,1147.2317649325391,40.02494622598468,26.2507188106314,ab,758,58,
13,59198.53582180012,ztfg,1189.7315432513453,23.847796332795674,26.3826792874299,ab,758,58,
14,59200.45269680023,ztfg,240.8045740875722,30.078512300216204,24.7787625535165,ab,758,58,
15,59200.54746530019,ztfr,787.5744037506657,21.52263714563415,25.9583572472005,ab,758,58,
16,59201.548101900145,ztfi,316.09648654898217,22.317667311953794,25.6494349569082,ab,758,58,
17,59202.51112269983,ztfg,906.2332766865654,27.442008533351164,26.3758888948436,ab,758,58,
18,59202.53540509986,ztfr,999.2805114617659,47.99278053617793,26.2931133255168,ab,758,58,
19,59203.49392359983,ztfr,868.4520097495613,51.40401510290741,26.2754733905046,ab,758,58,
20,59203.54781250004,ztfg,833.7272534803911,28.117428672334018,26.397785219723,ab,758,58,
21,59204.548252299894,ztfi,217.40610818829654,15.73062700572549,25.6456103393207,ab,758,58,
22,59206.51684030006,ztfr,222.10243355941367,38.3379887572656,25.2499384461694,ab,758,58,
23,59206.51968749985,ztfr,204.85710505490553,32.38797892483881,24.9851776872515,ab,758,58,
