,time,band,flux,fluxerr,zp,zpsys,field,ccd,comment
0,58457.09206019994,ztfg,45.192547099798425,66.98640942267602,26.2423917597024,ab,441,34,
1,58469.12451389991,ztfg,67.78289583819442,47.05147745462057,26.0757546609601,ab,441,34,
2,58482.077152799815,ztfr,824.1445357707953,139.23459056118426,26.1326945760157,ab,441,34,
3,58482.08208330022,ztfr,808.7618845802966,129.21310237167515,26.0512745727802,ab,441,34,
4,58482.08700230019,ztfr,802.2717698631919,128.84453304748945,25.9983592510177,ab,441,34,
5,58482.09192130016,ztfr,856.7900897770852,139.3693701715396,26.0341075607927,ab,441,34,
6,58483.0766551001,ztfr,1136.4477816662231,104.72000108138461,26.2392394480601,ab,441,34,
7,58483.08165509999,ztfr,901.8933269589407,52.85575931567824,26.2322028759455,ab,441,34,
8,58483.086655099876,ztfr,1011.6323278203416,55.13318504915447,26.2210597256213,ab,441,34,
9,58483.09164350014,ztfr,1062.4644507570324,44.32852165085605,26.2173220136254,ab,441,34,
10,58486.07982640015,ztfr,884.3266814880898,116.07360503394143,26.2322351570785,ab,441,34,
11,58486.08473380003,ztfr,1101.305939091611,80.73607462725018,26.2304982992997,ab,441,34,
12,58486.0896528,ztfr,1066.4990142921592,63.41461705120406,26.2192882010627,ab,441,34,
13,58486.094548599795,ztfr,1162.0417749664596,68.98751865934415,26.2047382477576,ab,441,34,
14,58487.07729170006,ztfr,930.1676334858319,117.75508443694105,26.2578583131926,ab,441,34,
15,58487.08215280017,ztfr,1109.5173467054567,61.82187206474586,26.2398189117557,ab,441,34,
16,58487.087013899814,ztfr,1109.4463891958628,52.59647991586686,26.2248193628883,ab,441,34,
17,58487.09186339984,ztfr,1102.6090663107195,50.27109574273099,26.2127315817851,ab,441,34,
18,58488.07769680023,ztfr,813.5704160133478,109.9064305529358,25.9539157432312,ab,441,34,
19,58488.08256939985,ztfr,1001.6335354721921,53.12603405130497,26.216761365179,ab,441,34,
20,58488.08744210005,ztfr,137.03485283972032,76.34460763587528,23.9324246791346,ab,441,34,
