,time,band,flux,fluxerr,zp,zpsys,field,ccd,comment
0,58986.22216439992,ztfg,15.883661035830118,12.09065027690526,26.2035491592031,ab,425,27,
1,58986.25275459979,ztfr,30.27890276223533,14.156980574516515,26.254851601206,ab,425,27,
2,58992.18900460005,ztfg,-8.381927426960306,14.105832145235098,26.2009217897845,ab,425,27,
3,58992.25546299992,ztfr,23.669210960518885,17.66614851066893,26.2452797033838,ab,425,27,
4,58995.24883100018,ztfr,-1.9567507504350647,14.35594438290112,26.230004428695,ab,425,27,
5,58995.30181710003,ztfg,-0.6839131472210606,16.65755466990027,26.1714531290699,ab,425,27,
6,58998.189444399904,ztfg,6.991443134318811,15.672533591728293,26.2141977179405,ab,425,27,
7,58998.24787040008,ztfr,26.92394601212296,15.99183193381836,26.2452344221431,ab,425,27,
8,59009.16810189979,ztfr,409.22181938386507,70.05764458817649,26.2909864236991,ab,425,27,
9,59012.19649309991,ztfg,795.8941554940882,16.724067874490775,26.2681889786716,ab,425,27,
10,59012.233657400124,ztfr,770.3059050162962,19.284459167426135,26.2951888740561,ab,425,27,
11,59015.2117130002,ztfr,892.8082759763896,22.338860021156773,26.2259206433686,ab,425,27,
12,59018.20224539982,ztfg,965.8601162584949,19.73354531760454,26.2789965105074,ab,425,27,
13,59021.233900499996,ztfr,917.6473588154012,21.989828743925788,26.2352513404192,ab,425,27,
14,59024.19971060008,ztfg,728.8381078862875,16.79071971630149,26.2488394237879,ab,425,27,
15,59024.22024310008,ztfr,855.8908547012659,20.44902705829813,26.1875573867613,ab,425,27,
16,59027.1871181,ztfr,615.9401404702659,28.495648359274334,26.1263928906017,ab,425,27,
17,59027.19292820012,ztfg,571.201196376013,31.555425746542383,26.0862147557042,ab,425,27,
18,59033.171354200225,ztfr,572.0326185178602,53.914279947017,26.2492758029271,ab,425,27,
19,59033.19652780006,ztfg,266.4898863497353,49.38134410097594,26.2081355014368,ab,425,27,
20,59036.253645800054,ztfr,469.18172797701226,51.08012033409884,26.1716211290563,ab,425,27,
21,59039.17263890011,ztfg,233.30649292981727,29.33946572159918,26.21348884972,ab,425,27,
22,59043.20866899984,ztfg,120.7350701250735,21.147351413153743,26.0634525614543,ab,425,27,
23,59043.233425899874,ztfr,336.515090557268,25.780498796145633,26.112444005836,ab,425,27,
