,time,band,flux,fluxerr,zp,zpsys,field,ccd,comment
0,58469.570185199846,ztfr,410.91264620737337,46.73755619910617,23.4422308720166,ab,584,11,
1,58471.55799769983,ztfr,5415.439453526243,48.27867879074016,26.0705567013445,ab,584,11,
2,58471.562951399945,ztfr,5495.435115265839,47.44862673040105,26.0852901833028,ab,584,11,
3,58471.56790510006,ztfr,5431.772934439034,53.02477973597561,26.0990739848575,ab,584,11,
4,58471.57285880018,ztfr,5583.804435684601,81.50442485447877,26.1150478688273,ab,584,11,
5,58472.559201399796,ztfr,5410.50698238008,45.7994234354812,26.0828650431277,ab,584,11,
6,58472.56401620014,ztfr,5498.918170257856,50.209596733918126,26.1004567602098,ab,584,11,
7,58472.56883100001,ztfr,5566.4574229566415,57.80330994580337,26.1021616268657,ab,584,11,
8,58472.57289349986,ztfr,5600.553609124617,98.2421613355097,26.1239628586668,ab,584,11,
9,58476.5625,ztfr,4939.877136990036,56.767070328796876,26.0975563992709,ab,584,11,
10,58476.5673727002,ztfr,5105.316523794638,58.98949712565901,26.1278029211057,ab,584,11,
11,58476.572256899904,ztfr,4931.841018864508,56.64292520029273,26.1034903538776,ab,584,11,
12,58481.55092590023,ztfr,3456.1767577844053,62.06237217962324,26.0743446052874,ab,584,11,
13,58482.56031250022,ztfr,3377.7362926789046,46.94143732983896,26.1114311333512,ab,584,11,
14,58482.56453699991,ztfr,3394.6351850576075,41.511876434121845,26.1310107703445,ab,584,11,
15,58482.57032410009,ztfr,3454.145200561346,57.437997426700576,26.1347318324242,ab,584,11,
16,58482.57519679982,ztfr,3463.6647302351485,55.76402231124877,26.1447606549873,ab,584,11,
17,58492.547546300106,ztfg,1482.5849763385945,26.61876231151648,26.0145392879645,ab,584,11,
18,58503.51333330013,ztfr,834.0666614271316,108.3041121298647,25.3282415495577,ab,584,11,
19,58506.526157400105,ztfg,849.6951156154415,148.5430411375211,26.2440400959269,ab,584,11,
20,58507.55298609985,ztfg,714.187594398331,55.05753196900186,26.2184500997016,ab,584,11,
21,58509.49165510014,ztfr,842.0566761599315,108.45659172500194,25.9084034438074,ab,584,11,
22,58512.527627300005,ztfr,360.75678919393783,29.8014554043122,25.1106923806804,ab,584,11,
23,58512.553993099835,ztfg,557.5201110959621,21.942208653117294,26.1428145107895,ab,584,11,
