,time,band,flux,fluxerr,zp,zpsys,field,ccd,comment
0,58447.54339119978,ztfr,-314.16469339652053,256.8801655029753,26.1513963713709,ab,529,25,
1,58447.54849540023,ztfr,708.022601053445,352.71145085846587,26.1657831407435,ab,529,25,
2,58447.5535995001,ztfr,232.27039693899033,209.02184999954218,26.1573651954026,ab,529,25,
3,58447.55871530017,ztfr,42.43191305123926,175.89225882583708,26.1797647892053,ab,529,25,
4,58449.54569440009,ztfr,252.94004780801015,43.93390426509419,26.173156240228,ab,529,25,
5,58449.55067129992,ztfr,264.57412598444694,51.60118628470936,26.1808727894693,ab,529,25,
6,58449.5556481001,ztfr,295.6836617334744,51.93393788297673,26.1879063409378,ab,529,25,
7,58449.560636600014,ztfr,276.19553044302705,59.37691233581677,26.2051491202804,ab,529,25,
8,58450.54627310019,ztfr,308.2567576155318,48.7137560062066,26.1679086407749,ab,529,25,
9,58450.55105319992,ztfr,305.58762187136637,42.92509812900268,26.187837004772,ab,529,25,
10,58450.55583330011,ztfr,246.8624444186281,47.73513291109124,26.1952864025102,ab,529,25,
11,58450.56061339984,ztfr,279.46142917470183,73.12709861412698,26.2036758766702,ab,529,25,
12,58456.552222200204,ztfr,32.1737180954871,52.54406527692267,22.8984610178784,ab,529,25,
13,58456.55700229993,ztfr,109.22875770180173,50.92856766075242,25.7209030463892,ab,529,25,
14,58456.56179400021,ztfr,185.25811686154444,36.45727869308081,25.9027865882755,ab,529,25,
15,58456.56657409994,ztfr,146.68937702995683,47.050267779096295,26.1718457712633,ab,529,25,
16,58457.554016199894,ztfr,42.51563064684198,35.41890691907731,25.3648893123063,ab,529,25,
17,58457.560347199906,ztfr,132.4320776688941,75.25192228729831,26.1262150807114,ab,529,25,
18,58457.5651273001,ztfr,124.4615725976974,98.92280455730547,25.9943844421501,ab,529,25,
19,58472.4864236,ztfg,-46.67186040143247,72.95774829513884,26.0846654822258,ab,529,25,
20,58475.49216439994,ztfr,178.97413545850617,60.55232188742118,26.2209318789587,ab,529,25,
21,58476.52040510019,ztfr,79.18487043821,40.530349979729344,26.232944925469,ab,529,25,
22,58480.51995369978,ztfg,109.32010183617406,74.37728377249134,26.1856710477208,ab,529,25,
23,58481.539814800024,ztfr,116.64621976353821,44.340967099575764,26.2416796838233,ab,529,25,
24,58487.51675930014,ztfg,2.3484041027035616,15.872951727029758,26.2120936950061,ab,529,25,
25,58491.50456020003,ztfg,39.103716283124065,21.44928719418273,26.2024796246275,ab,529,25,
