,time,band,flux,fluxerr,zp,zpsys,field,ccd,comment
0,58829.128055599984,ztfg,33.186623290739945,170.22643536863822,25.0849925230556,ab,296,61,
1,58829.20579859987,ztfr,-269.84593608348075,134.635064377539,25.6103204666981,ab,296,61,
2,58838.12665509991,ztfg,-22.151702170140386,44.133833637651264,25.5093541448537,ab,296,61,
3,58852.10567130009,ztfg,1548.2049317395274,49.55208637703364,25.9875095556857,ab,296,61,
4,58852.14899310004,ztfr,1315.7086033490525,52.082038579050476,25.9358585154955,ab,296,61,
5,58855.19031250011,ztfr,2073.800463706511,82.04897251250064,25.9455486396695,ab,296,61,
6,58860.145439799875,ztfr,2600.2360422205034,60.890270617468296,25.9413106392107,ab,296,61,
7,58863.0847800998,ztfr,3048.0779159286863,41.14253388900169,25.9925539484151,ab,296,61,
8,58863.12446760014,ztfg,3415.1518478577946,35.992420662129106,26.0126672227715,ab,296,61,
9,58873.0894559999,ztfr,2091.316204223094,52.98758619195842,25.9796917781735,ab,296,61,
10,58873.106655099895,ztfg,2190.2744762726084,34.02551813619491,25.9915964232259,ab,296,61,
11,58876.1270486,ztfg,1564.4912048890394,38.64366744871036,25.9042015987016,ab,296,61,
