,time,band,flux,fluxerr,zp,zpsys,field,ccd,comment
0,58476.53070600005,ztfr,225.52678334757073,41.70229724131572,26.0533237385708,ab,824,51,
1,58480.51049769996,ztfg,502.52414014458407,74.13106469950215,26.0571375062904,ab,824,51,
2,58481.536493100226,ztfr,359.45121786054045,41.707917284977505,26.180726893336,ab,1855,18,
3,58481.54903940018,ztfr,301.49668599317005,41.36196396652967,26.0730706751339,ab,825,63,
4,58487.496053200215,ztfg,255.14603607360968,21.70762461224496,26.0904356770711,ab,824,51,
5,58487.55334489979,ztfr,260.8818380888364,20.680578258495306,26.0985644857775,ab,824,51,
6,58492.494085600134,ztfr,143.37840933494965,26.90670750934938,25.5169679749011,ab,824,51,
7,58492.5304744998,ztfg,163.5123665942337,15.53406721400233,25.8533814342018,ab,825,63,
8,58492.53141199984,ztfg,132.44338259214138,17.751114158219117,26.004758829269,ab,824,51,
9,58502.45039349981,ztfg,2.4682828030257156,95.80779843920048,25.9603638714859,ab,824,51,
10,58503.50737270014,ztfr,-291.8681920783837,145.1423778684263,24.8217437836484,ab,825,63,
11,58505.470694399904,ztfg,-156.14324941979186,154.84703308060986,26.1319839583117,ab,824,51,
12,58506.531643500086,ztfg,122.61404330101743,106.82494910140723,26.1986976966988,ab,825,63,
13,58508.509953700006,ztfr,168.53768275838019,55.05972633836109,26.1063917354167,ab,824,51,
14,58509.489710600115,ztfr,107.09630744670065,78.89428811467938,25.9088245957619,ab,825,63,
15,58509.55446759984,ztfg,86.30010204210609,107.51050864967148,26.18572820783,ab,825,63,
16,58511.50807869993,ztfg,87.39876143207869,23.8532094440217,25.8868533093808,ab,824,51,
17,58511.5496991002,ztfr,55.775584764950565,21.018302038454003,25.9671869485151,ab,824,51,
18,58512.5520601999,ztfg,6.24606537853515,20.144604973262044,26.0410679307923,ab,825,63,
19,58526.46474540001,ztfg,63.011183100027594,31.14856911972145,26.0093101413777,ab,824,51,
20,58526.51392359985,ztfr,27.70218029182463,35.20071032407744,25.9506994811144,ab,825,63,
21,58526.53238430014,ztfr,92.32115684658766,26.646362899446043,26.0654856650352,ab,824,51,
22,58534.41432869993,ztfr,133.29729290548977,80.1637694665066,26.146769889152,ab,1855,18,
23,58534.44488430023,ztfr,181.58227631005985,112.86403708657909,26.0885270919013,ab,824,51,
