,time,band,flux,fluxerr,zp,zpsys,field,ccd,comment
0,58270.48056709999,ztfg,3995.354354765672,135.37897102777995,26.0273543049844,ab,288,11,
1,58275.45895829983,ztfg,2898.3091194702815,56.39908618514807,26.1159279624568,ab,288,11,
2,58280.43840279989,ztfg,1944.2044519754552,29.580589399709527,26.1303752361039,ab,288,11,
3,58280.4619907001,ztfr,2505.0754055386915,30.775244395873827,26.0751314358106,ab,288,11,
4,58283.438576399814,ztfg,1519.5927306342194,31.66659985402133,26.1194165433189,ab,288,11,
5,58283.461631900165,ztfr,2467.5644582467653,36.00150302319037,26.0816253090013,ab,288,11,
6,58286.43848379981,ztfg,1191.1209070419527,28.093022268152396,26.1652304855298,ab,288,11,
7,58286.48052080022,ztfr,2409.9450463248945,81.59696986439874,26.1043405629755,ab,288,11,
8,58289.417407399975,ztfg,962.1310820259281,40.674592235816,26.119342761798,ab,288,11,
9,58289.459062499925,ztfr,2199.7374652437156,31.98237701429675,26.0945861718645,ab,288,11,
10,58297.40793980006,ztfr,1669.2501983927614,112.77806649780376,26.0874358343977,ab,288,11,
11,58297.48023150023,ztfg,454.46374515602224,203.6317231427814,26.0783791058925,ab,288,11,
12,58302.38048609998,ztfr,1198.9230851189466,58.14329199259679,26.0484391671575,ab,288,11,
13,58302.418854199816,ztfg,474.54318519736717,74.06815131144965,26.0842829451692,ab,288,11,
14,58305.3975463002,ztfr,824.2978126897495,62.550712311596214,25.8393299466507,ab,288,11,
15,58305.44016199978,ztfg,340.0863221107443,28.623350442686633,25.920015319883,ab,288,11,
16,58314.37697920017,ztfg,272.9110738349461,19.948954004968428,25.8602555686671,ab,288,11,
17,58314.417361100204,ztfr,646.7460453647717,22.383541401041086,25.9068532188281,ab,288,11,
