,time,band,flux,fluxerr,zp,zpsys,field,ccd,comment
0,58835.55525460001,ztfr,1376.9959247662537,129.21651068443245,26.1193149194337,ab,376,54,
1,58835.560011600144,ztfr,1224.648645417364,122.068111393809,26.1266979988466,ab,376,54,
2,58835.56476850016,ztfr,1240.1058629235345,112.96874680311569,26.151171378711,ab,376,54,
3,58835.56952549983,ztfr,1418.2791642972743,123.82638500839992,26.1621938613627,ab,376,54,
4,58837.558263900224,ztfr,1352.830213223201,309.44122740734616,26.1526759436406,ab,376,54,
5,58837.56304399995,ztfr,971.8748312145874,395.62428007120167,26.1099300633214,ab,376,54,
6,58837.567824100144,ztfr,1470.9222238253456,284.8691884577433,26.1626157643661,ab,376,54,
7,58837.57260419987,ztfr,660.021090208573,290.3280542546152,26.1832512249636,ab,376,54,
8,58851.54565969994,ztfg,367.7376912896871,53.64864779666002,25.1300523519208,ab,376,54,
9,58854.54509259993,ztfg,621.8839813528061,193.9889449737374,26.205048938497,ab,376,54,
10,58854.567835600115,ztfr,571.5083547530779,142.72591053524457,26.2198658415445,ab,376,54,
11,58861.50174769992,ztfg,471.96713271160775,123.42411450804079,26.1235293997318,ab,376,54,
12,58875.48003470013,ztfg,96.6507554734019,30.205395641383017,26.1613566482738,ab,376,54,
13,58879.50144679984,ztfg,54.18021411721641,42.37048227288572,26.2178340199063,ab,376,54,
14,58885.460486100055,ztfg,34.43124221625763,81.10971118287505,26.2084144243455,ab,376,54,
15,58892.54400460003,ztfg,115.65798216721775,61.779915770233046,26.2717969304469,ab,376,54,
