,time,band,flux,fluxerr,zp,zpsys,field,ccd,comment
0,58749.50737270014,ztfg,260.10551734611835,40.25236383282211,26.0150506060176,ab,309,56,
1,58757.488020800054,ztfr,684.9997163167333,36.238148462468004,26.0312591269991,ab,309,56,
2,58757.505740699824,ztfr,664.7043824709878,33.24765925117486,26.0577079290545,ab,309,56,
3,58760.48246529978,ztfg,124.84539581545518,45.203734142905155,26.0502399994139,ab,309,56,
4,58760.50765050016,ztfr,683.0553156009908,45.07660071558334,26.0667769967084,ab,309,56,
5,58764.49893519981,ztfr,501.07093838539413,29.027567704952272,26.0456787846742,ab,309,56,
6,58767.47719909996,ztfg,47.93620738597284,54.14416335253551,26.058809514337,ab,309,56,
7,58770.52195600001,ztfg,43.00379526697234,75.55106566741912,26.1317991248499,ab,309,56,
8,58771.47718749987,ztfr,487.89965681170116,174.16853785930346,26.1288634150786,ab,1352,28,
9,58771.477638899814,ztfr,355.9260064092911,311.16896530627616,26.1496010845661,ab,1352,28,
10,58775.419976899866,ztfg,-24.229860384876744,72.62980184516651,25.9791923056243,ab,309,56,
11,58776.47568289982,ztfr,177.40325658203568,69.5242435617506,26.1575601069626,ab,1352,28,
12,58776.47613430023,ztfr,216.57735620914247,66.22677335106158,26.154286779609,ab,1352,28,
13,58778.4823264,ztfr,242.68843839047128,93.53289734052426,26.0723619367324,ab,309,56,
