,time,band,flux,fluxerr,zp,zpsys,field,ccd,comment
0,58557.3130787001,ztfg,-10.609733841777643,116.1431343924268,26.0499088665937,ab,270,30,
1,58561.31356480019,ztfg,124.67473518547696,174.12109417740572,26.009553479844,ab,270,30,
2,58585.25231479993,ztfg,852.8657353744107,31.619574195348495,25.9695765530525,ab,270,30,
3,58588.272141200025,ztfg,31.11747308944117,75.70942796003114,23.4939253659724,ab,270,30,
4,58594.23002310004,ztfg,882.2847263953872,125.6704365739063,26.0207759021236,ab,270,30,
5,58601.23434029985,ztfg,624.1767588778719,20.341219933700085,26.0366044911453,ab,270,30,
6,58607.29778939998,ztfg,199.249806505212,26.021920895405017,25.3283555707204,ab,270,30,
7,58617.18862270005,ztfg,253.14466335976175,52.140163429922886,25.9549125167817,ab,270,30,
