,time,band,flux,fluxerr,zp,zpsys,field,ccd,comment
0,58936.25495370012,ztfg,17.894060165465017,13.407807290795999,26.082786119246,ab,570,3,
1,58939.165312500205,ztfr,104.14374608584258,20.084046783494426,26.2963930712019,ab,1566,47,
2,58939.16576390015,ztfr,70.8577714261993,17.959138069976813,26.0057686016548,ab,570,3,
3,58939.201261600014,ztfr,19.00377146112306,23.206076706957308,26.0702112533783,ab,1566,47,
4,58939.22718749987,ztfr,67.9440991910524,23.16447784138512,25.9393521394391,ab,570,3,
5,58939.294999999925,ztfg,64.36086225551284,19.204515079322913,25.6928794218016,ab,570,3,
6,58954.18260420021,ztfg,1722.8492334906698,21.92828197847631,26.0895112897251,ab,570,3,
7,58954.20864580013,ztfr,1115.9722684695741,20.713513480993804,25.9869844357949,ab,570,3,
8,58962.172615699936,ztfr,1122.4156227006897,22.35560940968283,26.0079087833158,ab,570,3,
9,58962.20818290021,ztfg,1465.6407885281035,21.197079189550397,26.1119944261255,ab,570,3,
10,58965.20782409981,ztfg,1222.9882641000736,19.23014996096134,26.0910206629507,ab,570,3,
11,58968.183588000014,ztfr,906.2797004984109,25.73105636000649,26.0383145024594,ab,570,3,
12,58968.213391200174,ztfg,999.765743755684,22.504280310005843,26.098712638291,ab,570,3,
13,58972.17293980019,ztfr,734.1867440064872,42.589856116034284,26.0426785415898,ab,570,3,
14,58972.22853010008,ztfg,692.7915884749658,41.01138071011241,26.0819450278119,ab,570,3,
15,58975.1534258998,ztfr,678.4459315903392,33.107173112947,26.0290463601066,ab,570,3,
16,58979.212245400064,ztfg,354.8061041734982,14.790584160372298,25.9796903306939,ab,570,3,
17,58987.18604170019,ztfr,513.0983419726635,19.481460763181207,26.0223525413739,ab,570,3,
18,58987.20277780015,ztfg,221.19706273548147,14.862281990869494,26.0741603985737,ab,570,3,
19,58996.17315969989,ztfg,141.88568213006562,19.694612293431057,26.0330582121191,ab,570,3,
20,58996.22883100016,ztfr,304.5393079522999,25.826001470362982,25.9185773855907,ab,570,3,
