,time,band,flux,fluxerr,zp,zpsys,field,ccd,comment
0,58871.087812500075,ztfr,25.31293766347765,65.90781291926751,26.2147672615361,ab,347,9,
1,58872.150034700055,ztfg,-20.21291888198338,30.712018711005925,26.1756959200881,ab,347,9,
2,58875.09166669985,ztfr,40.25558293751398,51.25431538155898,26.1817511030863,ab,347,9,
3,58875.12855320005,ztfg,30.41999467485978,30.98474346240737,26.2252947727593,ab,347,9,
4,58880.1328125,ztfg,14.206014897275196,52.57261690102108,26.1693239992957,ab,347,9,
5,58880.148310199846,ztfr,-33.33852038616965,44.693452051627645,26.1330347612789,ab,347,9,
6,58885.098993100226,ztfg,-96.39611697556413,95.43836771623172,26.1365346628047,ab,347,9,
7,58885.12934029987,ztfr,-74.81852041713536,113.60941150428067,25.945914819712,ab,347,9,
8,58896.10638889996,ztfr,743.890721548993,100.03994702677433,26.1017562644656,ab,347,9,
9,58896.111192100216,ztfr,689.000085570066,52.38013222796836,26.0929151018979,ab,347,9,
10,58896.11599540012,ztfr,590.8847099638358,56.38201086217685,26.0762623269759,ab,347,9,
11,58896.12078699982,ztfr,633.3739651089319,54.846826291562714,26.0653813149941,ab,347,9,
12,58898.110625000205,ztfr,578.8464910456385,67.58881355477483,25.5323224563901,ab,347,9,
13,58898.115544000175,ztfr,294.4254807426174,73.4430283879872,24.9574389537098,ab,347,9,
14,58898.12045140006,ztfr,608.4243327932961,45.35253208079605,25.8103315989741,ab,347,9,
