,time,band,flux,fluxerr,zp,zpsys,field,ccd,comment
0,58601.22726849979,ztfg,9.010430014034332,12.803785816941092,26.2057710123642,ab,469,44,
1,58601.25755790016,ztfr,1.1305427162204147,16.241142104250155,26.2139664265717,ab,469,44,
2,58605.16313660005,ztfr,25.27388191682484,14.462919823692271,26.1780649575013,ab,469,44,
3,58605.21001160005,ztfg,-14.158704769555857,13.266617575011926,26.1743255365855,ab,469,44,
4,58608.190277799964,ztfg,7.652811449484542,16.516858570021135,26.1722436359403,ab,469,44,
5,58608.21412040014,ztfr,-29.35861473446739,21.79909660987213,26.1635212511042,ab,469,44,
6,58619.21140050003,ztfg,-142.26949655153717,77.00266631536472,26.1435595841489,ab,469,44,
7,58638.18223380018,ztfg,605.689842837648,24.489811644220193,26.085270031196,ab,469,44,
8,58638.212800899986,ztfr,517.1172349922482,34.2080378345405,26.0635010172575,ab,469,44,
9,58645.19402780011,ztfg,576.1917763122747,52.088195450198874,26.0418835334853,ab,469,44,
10,58648.169953700155,ztfg,633.3949975363373,103.47881259961831,26.0905744830161,ab,469,44,
11,58648.19841440022,ztfr,591.15260157772,116.6672538630658,26.071900594027,ab,469,44,
