,time,band,flux,fluxerr,zp,zpsys,field,ccd,comment
0,58344.4855324002,ztfg,5500.165563422064,39.802228920703165,25.9000749423708,ab,511,38,
1,58350.46814810019,ztfg,3181.0392704686196,32.63468848628083,25.799343765576,ab,511,38,
2,58350.50319440011,ztfr,11393.943778957513,51.96042377157843,26.1117148829268,ab,511,38,
3,58354.44795140019,ztfr,9686.887611750497,66.79193290929925,26.160868424422,ab,511,38,
4,58357.44128469983,ztfr,8126.113800423436,86.85985355698463,26.2000205602548,ab,511,38,
5,58357.496701399796,ztfr,8820.560837680003,86.30584344445244,26.2737107517869,ab,511,38,
6,58360.47690969985,ztfg,2629.6382346498003,79.76666488135797,26.1546887661093,ab,511,38,
7,58360.51730319997,ztfr,7452.539760432086,77.08785262129261,26.2722167428304,ab,511,38,
8,58363.49344909983,ztfr,6273.134476643272,53.227259202465085,26.2232896624563,ab,511,38,
9,58363.51598379994,ztfg,2349.5799180728877,82.43334769444382,26.1463753039983,ab,511,38,
10,58366.46516200015,ztfg,2134.4399813335112,42.90219761602291,26.1522885376864,ab,511,38,
11,58366.511713000014,ztfr,5828.146071334586,42.3333942925396,26.2782658591067,ab,511,38,
12,58369.48366900021,ztfg,2063.4038774429796,25.33100266424546,26.1747380660956,ab,511,38,
13,58369.51716439985,ztfr,5192.664159874791,42.32294483264708,26.2697325179247,ab,511,38,
14,58372.47756939987,ztfg,2047.2469765763208,29.528708851341428,26.2006380464947,ab,511,38,
15,58372.50590279978,ztfr,4802.102780659309,34.53827891184922,26.2927779584837,ab,511,38,
