,time,band,flux,fluxerr,zp,zpsys,field,ccd,comment
0,58861.50034719985,ztfg,-62.12964290392572,95.37670119765929,26.2360307542806,ab,372,7,
1,58873.41504629981,ztfg,12.51415577425913,17.440958436064367,26.0612114891847,ab,372,7,
2,58876.50436339993,ztfg,-8.548215267199781,24.67283999449614,26.2657903203303,ab,372,7,
3,58876.56363430014,ztfr,-16.331813398773566,17.41107045407759,26.1938786145439,ab,372,7,
4,58879.48097220017,ztfg,82.62393061289505,116.78555280469367,26.2253241506925,ab,372,7,
5,58879.52335650008,ztfr,194.52710958164602,143.43040090805385,26.1686674055762,ab,372,7,
6,58885.481909700204,ztfr,244.7815707737805,50.41774138249801,26.2027161805129,ab,372,7,
7,58888.461342600174,ztfr,473.56415176914476,81.2296995058332,26.2157322904213,ab,372,7,
8,58888.52670140006,ztfg,795.8587878960536,201.46158797193348,26.2567567321736,ab,372,7,
9,58894.35560189979,ztfg,598.9018826868071,45.50938868489059,26.1577918006596,ab,372,7,
10,58894.49359950004,ztfr,586.28249615901,33.50222403231275,26.1946347976611,ab,372,7,
11,58899.41746529983,ztfg,561.0355226518155,18.501788599969345,26.2316959740885,ab,372,7,
12,58899.4391667,ztfr,522.6975010467006,25.650455978859213,26.1817205274282,ab,372,7,
13,58912.41730319988,ztfr,322.6144883105278,33.716620324180965,26.1622798785061,ab,372,7,
14,58912.54310189979,ztfg,223.2616073562659,24.072727521700756,26.0800840849432,ab,372,7,
15,58915.400289400015,ztfr,250.037679747101,49.51533735210435,26.0847929149544,ab,372,7,
16,58915.459618099965,ztfg,174.6196453261906,49.628443361167385,26.2204255670986,ab,372,7,
17,58940.35562499985,ztfg,-4.7440256190438586,27.879340207193177,24.1199574621688,ab,372,7,
18,58940.40185189992,ztfr,117.40413013984187,36.81583217753834,25.8872347307764,ab,372,7,
