,time,band,flux,fluxerr,zp,zpsys,field,ccd,comment
0,59171.49107640004,ztfr,1592.7581259259703,29.361972224876915,26.2202477527919,ab,791,18,
1,59176.51219910011,ztfg,371.86160127933795,22.771331469681932,26.1686989207273,ab,791,18,
2,59176.556898099836,ztfr,1271.1813692633957,45.474177761847756,26.2578497218557,ab,791,18,
3,59179.49726849981,ztfg,376.6272092755309,22.69461450662622,26.2192111933943,ab,791,18,
4,59181.474062500056,ztfr,957.9935140490463,82.09575154150541,26.2406721371614,ab,791,18,
5,59184.5184491002,ztfr,850.5540986826553,38.1707742910008,26.2757786524638,ab,791,18,
6,59184.53518520016,ztfg,361.61139755596827,41.93724792815137,26.2763641668044,ab,791,18,
7,59186.53350690007,ztfg,250.79442842257782,157.17445383771732,26.2772018076942,ab,791,18,
8,59188.46907409979,ztfi,390.4611100046714,30.739515483436758,25.7478522910879,ab,791,18,
9,59188.518692099955,ztfr,765.4737439763212,34.89803187551719,26.2948702756692,ab,791,18,
10,59188.53203700017,ztfg,340.29960825670406,37.34784282362695,26.2776968646499,ab,791,18,
11,59192.51070600003,ztfr,425.57114808160316,43.500881674992364,25.7734693454359,ab,791,18,
