,time,band,flux,fluxerr,zp,zpsys,field,ccd,comment
0,58852.52215280011,ztfg,10.726522437882029,27.165041555205434,26.2508782302623,ab,374,4,
1,58861.50084490003,ztfg,352.3878926293227,97.31258630638338,26.2334102754354,ab,374,4,
2,58861.578877300024,ztfr,420.5548978799401,103.9396433461856,26.2460135076424,ab,374,4,
3,58873.52141200006,ztfr,773.554258107512,25.492024003332094,26.244374581711,ab,374,4,
4,58873.54554399988,ztfg,842.8561104124328,27.322644260002825,26.3122706461413,ab,374,4,
5,58876.522187499795,ztfg,786.6874745697626,21.933883367779778,26.2987975594872,ab,374,4,
6,58879.481898100115,ztfg,785.2073537922307,61.37812102704842,26.2415993041009,ab,374,4,
7,58885.459571800195,ztfg,415.59666503999824,73.3483526883818,26.2731507280505,ab,374,4,
8,58885.52204860002,ztfr,576.2331551342786,30.838321206536467,26.2565056874886,ab,374,4,
9,58888.48421300016,ztfr,698.3936452616251,114.65699809257433,26.2626994193117,ab,374,4,
10,58888.52348379977,ztfg,163.2629100868303,187.80136603850693,26.3007432052638,ab,374,4,
11,58895.48082179995,ztfr,444.88397615987986,44.3006473649645,26.2360592739102,ab,374,4,
12,58895.54119209992,ztfg,165.21945917792567,31.687544573054538,26.3013831824838,ab,374,4,
13,58900.39532409981,ztfg,72.94627747520943,28.47180353283685,25.8630411534597,ab,374,4,
14,58900.45965280011,ztfr,83.8955635467501,27.540226556249593,24.7176392317915,ab,374,4,
15,58912.44216440013,ztfr,199.24592321990855,22.357235423012558,26.2160654544571,ab,374,4,
16,58912.50471059978,ztfg,74.84174552783873,21.633227183174395,26.2620932104618,ab,374,4,
17,58915.41748839989,ztfr,312.61014600518774,48.38516941664989,26.1929960203952,ab,374,4,
18,58915.478738400154,ztfg,33.835762097995826,51.296830104008464,26.2804588953455,ab,374,4,
