,time,band,flux,fluxerr,zp,zpsys,field,ccd,comment
0,58812.2511574002,ztfr,18.724628169240813,20.711940894030963,25.9579770060302,ab,251,63,
1,58812.31520830002,ztfg,-43.739277275428414,23.1950094575233,25.9709113956747,ab,251,63,
2,58830.188171300106,ztfg,340.544967157378,66.61623060021711,26.1706268851603,ab,251,63,
3,58837.21402780013,ztfg,1209.2037993559381,34.35320222157505,26.1368595921555,ab,251,63,
4,58837.23097220017,ztfr,1100.6178744800848,71.85841120594013,26.1223781719824,ab,251,63,
5,58852.12695599999,ztfg,672.7567870528487,48.96502692407418,25.6249832876037,ab,251,63,
6,58852.14758099988,ztfr,1062.8188401393945,48.46513187196176,26.109147868998,ab,251,63,
7,58855.1456133998,ztfg,875.7376894233305,107.47098863449136,26.1981990205877,ab,251,63,
8,58860.105127300136,ztfg,621.2790820343737,57.74652094559306,26.1258510072306,ab,251,63,
9,58860.14643519977,ztfr,733.1886357122848,61.61998010072996,26.09458230214,ab,251,63,
10,58863.1895486,ztfr,294.0604093517097,81.96817855557484,24.6192566252593,ab,251,63,
11,58872.1416782001,ztfr,547.7864748551904,25.49842868325447,26.117109381962,ab,251,63,
12,58872.17013890017,ztfg,168.2753300402331,25.912581505702278,26.1131775812181,ab,251,63,
13,58875.16174770007,ztfg,148.0977219519998,23.21586864582193,26.0545930044425,ab,251,63,
14,58875.20096059982,ztfr,315.8342349561735,60.05361668832489,25.9937353901815,ab,251,63,
15,58880.10505789984,ztfg,156.94514850136176,36.20366779861417,26.115330462038,ab,251,63,
16,58880.147754599806,ztfr,316.5648264692663,53.97084531945257,26.0876215547173,ab,251,63,
17,58885.09715279983,ztfg,104.09853489633873,91.85440447735033,26.1239933581265,ab,251,63,
18,58885.14767359989,ztfr,130.39845539392923,111.24743306170673,25.9814245200562,ab,251,63,
19,58892.12232640013,ztfg,76.25171827678872,25.32553318496233,26.0339110092088,ab,251,63,
20,58892.12739579985,ztfr,274.219931356836,33.10533519514406,26.0405396973759,ab,251,63,
21,58895.1020717998,ztfr,107.68261898676153,67.74382650428404,26.1107402310693,ab,251,63,
22,58895.12789350003,ztfg,101.37726336294013,31.968329392435553,26.06176073784,ab,251,63,
