,time,band,flux,fluxerr,zp,zpsys,field,ccd,comment
0,58609.15343749989,ztfr,-1.3667397974839441,22.78184135459152,26.2013970689576,ab,619,28,
1,58609.18578700023,ztfg,-11.51021059606213,19.944695130096385,26.2069935162741,ab,619,28,
2,58617.234259299934,ztfr,43.85479573418359,40.290476438961335,26.1204310183274,ab,619,28,
3,58638.18276620004,ztfg,1861.9807357261254,26.73299516301639,26.0414721373905,ab,619,28,
4,58638.21332179988,ztfr,1631.0875160003686,36.25943624584189,26.040210246078,ab,619,28,
5,58645.20268520014,ztfg,1636.2617698678803,44.00935691966477,25.9040332847794,ab,619,28,
6,58648.200694399886,ztfr,1594.7974709667453,129.91183893606976,26.0325794396861,ab,619,28,
