,time,band,flux,fluxerr,zp,zpsys,field,ccd,comment
0,58384.35562499985,ztfg,-59.77577584012806,44.29585986571096,26.1933328522724,ab,1443,23,
1,58389.39218749991,ztfg,1.7192717544695697,50.2485933759095,26.3302347831544,ab,1443,23,
2,58424.28702550009,ztfr,448.49845206797613,51.90875518366972,25.2102148252267,ab,1443,23,
3,58425.28063660022,ztfr,1242.8655887955945,23.939071682301446,26.3394312000592,ab,1443,23,
4,58430.29634260014,ztfg,818.6092611727385,17.482126773845582,26.3251025369003,ab,1443,23,
5,58436.193935200106,ztfg,554.1615157870267,55.33575496980197,26.2900368787652,ab,1443,23,
6,58439.32517360011,ztfr,698.7012106503958,30.93285850501944,26.1560062599418,ab,1443,23,
