,time,band,flux,fluxerr,zp,zpsys,field,ccd,comment
0,59047.417986100074,ztfr,880.2943183075724,19.797209863789966,26.3125352919406,ab,290,22,
1,59047.43962959992,ztfg,1036.19860798449,23.54067811052079,26.2686883296643,ab,290,22,
2,59052.397465299815,ztfr,671.6283960267723,19.208740254757195,26.3121302474552,ab,290,22,
3,59052.45690969983,ztfg,691.1915083355227,18.818885302247995,26.2128813076501,ab,290,22,
