,time,band,flux,fluxerr,zp,zpsys,field,ccd,comment
0,58347.203020799905,ztfg,-24.567612783673713,24.249201590537183,26.0191686207082,ab,758,47,
1,58348.17628470017,ztfi,7.653855126380859,45.46157821053204,25.6315362815819,ab,758,47,
2,58354.203645799775,ztfr,-82.97258333078396,64.64911571085695,25.8238314829715,ab,758,47,
3,58362.14363430021,ztfr,42.776987792438916,26.597905179897694,26.0295138191304,ab,758,47,
4,58363.13783559995,ztfi,-36.26041176148721,30.16118944395789,25.6159772385273,ab,758,47,
5,58375.11863429984,ztfr,473.34357213638236,48.31352110872186,26.2194850363787,ab,758,47,
6,58378.133495400194,ztfr,664.0418564308459,30.53895052892278,26.2139739871891,ab,758,47,
7,58378.15384260006,ztfg,769.2105295805759,28.617979977179616,26.1063448968651,ab,758,47,
8,58379.11888890015,ztfi,358.03735855117355,32.46099874535089,25.6692647759505,ab,758,47,
