,time,band,flux,fluxerr,zp,zpsys,field,ccd,comment
0,58899.265856499784,ztfr,933.3777745295866,19.33675213658708,26.3581766671018,ab,1616,22,
1,58899.266307900194,ztfr,901.631224432113,19.13820319496068,26.3591069134578,ab,1616,22,
2,58900.2426967998,ztfr,946.1260601925186,22.87643349545138,26.3042582847869,ab,1616,22,
3,58900.2431481001,ztfr,1009.0529078364805,21.80516115333209,26.3476493686221,ab,1616,22,
4,58913.227592600044,ztfr,1020.5100979672349,31.038581199827778,26.3108858017154,ab,1616,22,
5,58939.16258100001,ztfr,301.42620205146864,19.127195135626433,26.2927726703571,ab,1616,22,
6,58939.16440969985,ztfr,325.614513060745,19.422193658036072,26.2920082330772,ab,1616,22,
