,time,band,flux,fluxerr,zp,zpsys,field,ccd,comment
0,58503.14439810021,ztfr,-70.95960838963222,52.28239948711517,26.1933137888353,ab,404,19,
1,58503.21146989986,ztfg,-28.254551928096223,165.76302686650322,26.1461441819473,ab,404,19,
2,58506.22141199978,ztfr,48.94277999954012,82.84352116427632,26.1930713852865,ab,404,19,
3,58509.20305560017,ztfg,75.39972272010128,48.43129124082565,26.1802401309729,ab,404,19,
4,58514.127476899885,ztfr,-0.19998803443482194,13.746931581737284,26.1615448787659,ab,404,19,
5,58514.18871530006,ztfg,11.297329921570677,20.34764454975076,25.9383512305169,ab,404,19,
6,58523.1693519,ztfr,231.35960442919043,24.113793951604,25.9404000078044,ab,404,19,
7,58523.17026619986,ztfr,234.6701859346959,24.791890205283664,25.9519789361394,ab,404,19,
8,58534.174942099955,ztfg,593.1077363367018,93.19254067793857,26.0943613118856,ab,404,19,
9,58534.184930600226,ztfg,670.6375346078393,134.65330360337904,26.0873760877937,ab,404,19,
10,58539.128865700215,ztfg,546.332515090661,22.342618201608484,26.1274538438951,ab,404,19,
11,58539.17237270018,ztfr,535.901843883068,70.7844311193362,26.131321232199,ab,404,19,
12,58539.18489579996,ztfr,558.5935264872084,37.8231845611921,26.1131549475898,ab,404,19,
13,58542.148553200066,ztfr,596.4035819098171,29.013721410477913,26.1414141515483,ab,404,19,
14,58542.149467600044,ztfr,597.9628391402609,29.97772096775685,26.1600162321041,ab,404,19,
15,58558.12505789986,ztfg,97.35505427234456,101.56328828841099,26.0931870729811,ab,404,19,
16,58558.15275460016,ztfr,227.42610778869607,105.5549054767198,26.0738471561083,ab,404,19,
