,time,band,flux,fluxerr,zp,zpsys,field,ccd,comment
0,58632.180162000004,ztfr,17.792724874610858,22.60580520337996,26.1129749631385,ab,712,50,
1,58632.19460650021,ztfg,20.46225768631569,14.838941086841375,26.1759322873637,ab,712,50,
2,58633.17269679997,ztfr,16.596876717880516,15.72647807949931,26.1290036956728,ab,712,50,
3,58633.2254050998,ztfg,-15.660621556485276,12.412058761882234,26.1620345682873,ab,712,50,
4,58634.1748147998,ztfr,3.9036552248479124,14.385986161008104,26.1122741062989,ab,712,50,
5,58634.181828700006,ztfr,4.202459159675546,12.592326095632398,26.0876899153764,ab,712,50,
6,58634.19988430012,ztfg,14.31434003923023,10.604147101181892,26.1511143699762,ab,712,50,
7,58634.2035416998,ztfg,17.751657291704007,11.536901736872508,26.1426479949257,ab,712,50,
8,58637.174942099955,ztfr,-30.589866773908483,13.816103859148535,26.108388984023,ab,712,50,
9,58637.22136570001,ztfg,-16.02447912373429,14.048985434132415,26.106537416413,ab,712,50,
10,58640.175196799915,ztfg,20.256311927614263,24.84471302541869,26.1655099725702,ab,712,50,
11,58640.22376159998,ztfr,-23.0813789900221,16.930164250268604,26.0790779395795,ab,712,50,
12,58643.171134300064,ztfg,53.81051885976579,43.19890907454791,26.226106959539,ab,712,50,
13,58643.24619209999,ztfr,-62.13097829499066,31.421910395771807,26.1005064754198,ab,712,50,
14,58646.17291670013,ztfg,9.390188547508155,75.12781655234112,24.0169269285321,ab,712,50,
15,58646.224108799826,ztfr,-32.8872004674155,32.69268449335517,25.9835514689737,ab,712,50,
16,58649.17626160011,ztfg,-110.22910334209975,53.65312398114721,26.121228797834,ab,712,50,
17,58649.219421300106,ztfr,45.0787131960303,37.486188593445064,26.0716496293318,ab,712,50,
18,58654.17766200006,ztfr,137.0241132078031,27.333653108233044,26.0825831779752,ab,712,50,
19,58654.23498839978,ztfg,120.4640151092144,35.74579035539931,26.0306135014859,ab,712,50,
20,58662.18283559987,ztfr,663.9156417238561,31.89776768365157,26.1119866457988,ab,712,50,
21,58662.205601899885,ztfg,696.615021015636,24.613776998304463,26.1239465147894,ab,712,50,
22,58669.17693290021,ztfr,719.1895577802496,43.80101257822688,26.0846864564527,ab,712,50,
23,58669.20413189987,ztfg,805.3651895510006,33.62890759459208,26.0580466564308,ab,712,50,
24,58672.17561340006,ztfg,779.8388981751291,39.204125899662195,26.0653860421452,ab,712,50,
25,58672.1990278,ztfr,709.4491848016764,32.218531023569426,26.0033347140941,ab,712,50,
