,time,band,flux,fluxerr,zp,zpsys,field,ccd,comment
0,59142.45570599986,ztfg,1.2931792236597517,14.00582957780986,26.1931971047699,ab,1562,19,
1,59142.456180599984,ztfg,6.682144775861949,13.208168258080525,26.1995314926948,ab,1562,19,
2,59142.47738429997,ztfg,-15.097018700923751,13.002513733865692,26.2624933137634,ab,1563,30,
3,59142.477858799975,ztfg,-5.08880655638802,13.216321074447588,26.2602014627419,ab,1563,30,
4,59144.49996529985,ztfg,6.819657140579805,10.465853769884394,26.2768616669237,ab,1562,19,
5,59144.50042819977,ztfg,-6.816203001633369,10.4054610131226,26.280578326731,ab,1562,19,
6,59163.49966439977,ztfg,42.19603192775692,17.220593930180637,26.3329597012682,ab,1562,19,
7,59163.500127300154,ztfg,37.145092006144836,16.835790724051346,26.3278096423996,ab,1562,19,
8,59166.474490699824,ztfg,132.74291687284313,13.812239822557027,26.3118157836843,ab,1562,19,
9,59166.474965299945,ztfg,124.65389322128499,16.124822505794747,26.3345542256158,ab,1562,19,
10,59182.51790509978,ztfg,268.3344025717633,59.691466626324456,26.349497202371,ab,1563,30,
11,59182.518368099816,ztfg,292.93882517040913,57.75423419132814,26.343194588633,ab,1563,30,
12,59183.30320600001,ztfg,-87.19128417233622,224.95998916472806,24.8575574691033,ab,1562,19,
13,59183.30368060013,ztfg,584.7918845055711,340.8088748835077,25.4985994440287,ab,1562,19,
14,59183.31909719994,ztfg,188.81689612514776,244.7887938652034,24.6293144374655,ab,1563,30,
15,59183.319571800064,ztfg,634.5969082671622,272.07774515929106,24.5340912704264,ab,1563,30,
16,59193.45839119982,ztfg,136.27844841131713,23.284623595056484,26.3347123608822,ab,1563,30,
