,time,band,flux,fluxerr,zp,zpsys,field,ccd,comment
0,58771.47111110017,ztfr,-135.30198250421557,164.560465266574,25.9882387772945,ab,1849,16,
1,58771.47156250011,ztfr,-66.72870933183658,207.58126202881544,25.9903953808335,ab,1849,16,
2,58806.55636569997,ztfr,7420.707721305775,42.357496492822534,26.0692788375953,ab,1849,16,
3,58806.556828700006,ztfr,7438.949830709515,42.124999133492224,26.0751107966012,ab,1849,16,
4,58833.42825229978,ztfr,4169.148024141862,68.02122368831685,26.2211458173879,ab,1849,16,
5,58833.42870370019,ztfr,4331.966995958927,62.65775151468509,26.2152906695169,ab,1849,16,
